Blender 4.0.2
Fra:1 Mem:73.26M (Peak 74.34M) | Time:00:02.94 | Syncing AurelianContinuousTerrain
Fra:1 Mem:75.64M (Peak 75.64M) | Time:00:03.50 | Syncing RiverWater
Fra:1 Mem:75.66M (Peak 75.66M) | Time:00:03.50 | Syncing RoadApproach
Fra:1 Mem:75.68M (Peak 75.68M) | Time:00:03.50 | Syncing building_bridge_A
Fra:1 Mem:79.79M (Peak 83.70M) | Time:00:03.98 | Syncing Role_bridge
Fra:1 Mem:79.79M (Peak 83.70M) | Time:00:03.98 | Syncing tree_single_A
Fra:1 Mem:83.82M (Peak 87.81M) | Time:00:04.00 | Syncing Role_tree_a
Fra:1 Mem:83.82M (Peak 87.81M) | Time:00:04.00 | Syncing tree_single_B
Fra:1 Mem:83.86M (Peak 87.81M) | Time:00:04.00 | Syncing Role_tree_b
Fra:1 Mem:83.86M (Peak 87.81M) | Time:00:04.00 | Syncing tree_single_A.001
Fra:1 Mem:83.87M (Peak 87.81M) | Time:00:04.00 | Syncing Role_tree_a.001
Fra:1 Mem:83.88M (Peak 87.81M) | Time:00:04.00 | Syncing tree_single_B.001
Fra:1 Mem:83.92M (Peak 87.81M) | Time:00:04.01 | Syncing Role_tree_b.001
Fra:1 Mem:83.92M (Peak 87.81M) | Time:00:04.01 | Syncing tree_single_A.002
Fra:1 Mem:83.93M (Peak 87.81M) | Time:00:04.01 | Syncing Role_tree_a.002
Fra:1 Mem:83.94M (Peak 87.81M) | Time:00:04.01 | Syncing tree_single_B.002
Fra:1 Mem:83.97M (Peak 87.81M) | Time:00:04.01 | Syncing Role_tree_b.002
Fra:1 Mem:83.98M (Peak 87.81M) | Time:00:04.01 | Syncing tree_single_A.003
Fra:1 Mem:83.99M (Peak 87.81M) | Time:00:04.01 | Syncing Role_tree_a.003
Fra:1 Mem:84.00M (Peak 87.81M) | Time:00:04.01 | Syncing tree_single_B.003
Fra:1 Mem:84.03M (Peak 87.81M) | Time:00:04.01 | Syncing Role_tree_b.003
Fra:1 Mem:84.04M (Peak 87.81M) | Time:00:04.01 | Syncing rock_single_C
Fra:1 Mem:84.05M (Peak 87.81M) | Time:00:04.01 | Syncing Role_rock_c
Fra:1 Mem:84.05M (Peak 87.81M) | Time:00:04.01 | Syncing rock_single_E
Fra:1 Mem:84.07M (Peak 87.81M) | Time:00:04.01 | Syncing Role_rock_e
Fra:1 Mem:84.07M (Peak 87.81M) | Time:00:04.01 | Syncing rock_single_C.001
Fra:1 Mem:84.08M (Peak 87.81M) | Time:00:04.01 | Syncing Role_rock_c.001
Fra:1 Mem:84.09M (Peak 87.81M) | Time:00:04.01 | Syncing rock_single_E.001
Fra:1 Mem:84.10M (Peak 87.81M) | Time:00:04.01 | Syncing Role_rock_e.001
Fra:1 Mem:84.11M (Peak 87.81M) | Time:00:04.01 | Syncing rock_single_C.002
Fra:1 Mem:84.12M (Peak 87.81M) | Time:00:04.01 | Syncing Role_rock_c.002
Fra:1 Mem:84.12M (Peak 87.81M) | Time:00:04.01 | Syncing AurelianVillageV4Sun
Fra:1 Mem:84.12M (Peak 87.81M) | Time:00:04.01 | Syncing VillageV4DesktopCamera
Fra:1 Mem:84.04M (Peak 87.81M) | Time:00:04.01 | Rendering 1 / 64 samples
Fra:1 Mem:82.11M (Peak 87.81M) | Time:00:15.87 | Rendering 26 / 64 samples
Fra:1 Mem:82.11M (Peak 87.81M) | Time:00:24.56 | Rendering 51 / 64 samples
Fra:1 Mem:82.11M (Peak 87.81M) | Time:00:29.07 | Rendering 64 / 64 samples
Saved: '/home/runner/work/_temp/pixel-nations-village-v4/render/desktop/base.png'
Time: 00:29.77 (Saving: 00:00.32)

Fra:1 Mem:83.49M (Peak 83.49M) | Time:00:00.02 | Syncing AurelianContinuousTerrain
Fra:1 Mem:85.31M (Peak 85.31M) | Time:00:00.02 | Syncing RiverWater
Fra:1 Mem:85.33M (Peak 85.33M) | Time:00:00.02 | Syncing RoadApproach
Fra:1 Mem:85.34M (Peak 85.34M) | Time:00:00.02 | Syncing building_bridge_A
Fra:1 Mem:85.42M (Peak 85.42M) | Time:00:00.02 | Syncing Role_bridge
Fra:1 Mem:85.43M (Peak 85.43M) | Time:00:00.02 | Syncing tree_single_A
Fra:1 Mem:85.44M (Peak 85.44M) | Time:00:00.02 | Syncing Role_tree_a
Fra:1 Mem:85.45M (Peak 85.45M) | Time:00:00.02 | Syncing tree_single_B
Fra:1 Mem:85.48M (Peak 85.48M) | Time:00:00.02 | Syncing Role_tree_b
Fra:1 Mem:85.48M (Peak 85.48M) | Time:00:00.02 | Syncing tree_single_A.001
Fra:1 Mem:85.50M (Peak 85.50M) | Time:00:00.02 | Syncing Role_tree_a.001
Fra:1 Mem:85.50M (Peak 85.50M) | Time:00:00.02 | Syncing tree_single_B.001
Fra:1 Mem:85.53M (Peak 85.53M) | Time:00:00.02 | Syncing Role_tree_b.001
Fra:1 Mem:85.54M (Peak 85.54M) | Time:00:00.02 | Syncing tree_single_A.002
Fra:1 Mem:85.55M (Peak 85.55M) | Time:00:00.02 | Syncing Role_tree_a.002
Fra:1 Mem:85.55M (Peak 85.55M) | Time:00:00.02 | Syncing tree_single_B.002
Fra:1 Mem:85.59M (Peak 85.59M) | Time:00:00.02 | Syncing Role_tree_b.002
Fra:1 Mem:85.59M (Peak 85.59M) | Time:00:00.02 | Syncing tree_single_A.003
Fra:1 Mem:85.60M (Peak 85.60M) | Time:00:00.02 | Syncing Role_tree_a.003
Fra:1 Mem:85.61M (Peak 85.61M) | Time:00:00.02 | Syncing tree_single_B.003
Fra:1 Mem:85.64M (Peak 85.64M) | Time:00:00.02 | Syncing Role_tree_b.003
Fra:1 Mem:85.65M (Peak 85.65M) | Time:00:00.02 | Syncing rock_single_C
Fra:1 Mem:85.66M (Peak 85.66M) | Time:00:00.02 | Syncing Role_rock_c
Fra:1 Mem:85.66M (Peak 85.66M) | Time:00:00.02 | Syncing rock_single_E
Fra:1 Mem:85.67M (Peak 85.67M) | Time:00:00.02 | Syncing Role_rock_e
Fra:1 Mem:85.68M (Peak 85.68M) | Time:00:00.02 | Syncing rock_single_C.001
Fra:1 Mem:85.69M (Peak 85.69M) | Time:00:00.02 | Syncing Role_rock_c.001
Fra:1 Mem:85.69M (Peak 85.69M) | Time:00:00.02 | Syncing rock_single_E.001
Fra:1 Mem:85.71M (Peak 85.71M) | Time:00:00.02 | Syncing Role_rock_e.001
Fra:1 Mem:85.71M (Peak 85.71M) | Time:00:00.02 | Syncing rock_single_C.002
Fra:1 Mem:85.72M (Peak 85.72M) | Time:00:00.02 | Syncing Role_rock_c.002
Fra:1 Mem:85.73M (Peak 85.73M) | Time:00:00.02 | Syncing CampPath
Fra:1 Mem:85.74M (Peak 85.74M) | Time:00:00.02 | Syncing rock_single_C.003
Fra:1 Mem:85.75M (Peak 85.75M) | Time:00:00.02 | Syncing Role_rock_c.003
Fra:1 Mem:85.76M (Peak 85.76M) | Time:00:00.02 | Syncing rock_single_C.004
Fra:1 Mem:85.77M (Peak 85.77M) | Time:00:00.02 | Syncing Role_rock_c.004
Fra:1 Mem:85.77M (Peak 85.77M) | Time:00:00.02 | Syncing rock_single_C.005
Fra:1 Mem:85.78M (Peak 85.78M) | Time:00:00.02 | Syncing Role_rock_c.005
Fra:1 Mem:85.79M (Peak 85.79M) | Time:00:00.02 | Syncing rock_single_C.006
Fra:1 Mem:85.80M (Peak 85.80M) | Time:00:00.02 | Syncing Role_rock_c.006
Fra:1 Mem:85.80M (Peak 85.80M) | Time:00:00.02 | Syncing rock_single_C.007
Fra:1 Mem:85.81M (Peak 85.81M) | Time:00:00.02 | Syncing Role_rock_c.007
Fra:1 Mem:85.82M (Peak 85.82M) | Time:00:00.02 | Syncing rock_single_C.008
Fra:1 Mem:85.83M (Peak 85.83M) | Time:00:00.02 | Syncing Role_rock_c.008
Fra:1 Mem:85.83M (Peak 85.83M) | Time:00:00.02 | Syncing rock_single_C.009
Fra:1 Mem:85.85M (Peak 85.85M) | Time:00:00.02 | Syncing Role_rock_c.009
Fra:1 Mem:85.85M (Peak 85.85M) | Time:00:00.02 | Syncing rock_single_C.010
Fra:1 Mem:85.86M (Peak 85.86M) | Time:00:00.02 | Syncing Role_rock_c.010
Fra:1 Mem:85.87M (Peak 85.87M) | Time:00:00.02 | Syncing CampHearthLog_0
Fra:1 Mem:85.88M (Peak 85.88M) | Time:00:00.02 | Syncing CampHearthLog_1
Fra:1 Mem:85.89M (Peak 85.89M) | Time:00:00.02 | Syncing CampHearthFlame
Fra:1 Mem:85.90M (Peak 85.90M) | Time:00:00.02 | Syncing CampHearthWarmLight
Fra:1 Mem:85.90M (Peak 85.90M) | Time:00:00.02 | Syncing tent
Fra:1 Mem:89.93M (Peak 93.91M) | Time:00:00.04 | Syncing camp__tent
Fra:1 Mem:89.93M (Peak 93.91M) | Time:00:00.04 | Syncing flag_red
Fra:1 Mem:89.95M (Peak 93.91M) | Time:00:00.05 | Syncing camp__flag_red
Fra:1 Mem:89.95M (Peak 93.91M) | Time:00:00.05 | Syncing crate_A_big
Fra:1 Mem:89.97M (Peak 93.91M) | Time:00:00.05 | Syncing camp__crate_big
Fra:1 Mem:89.98M (Peak 93.91M) | Time:00:00.05 | Syncing crate_A_small
Fra:1 Mem:90.00M (Peak 93.91M) | Time:00:00.05 | Syncing camp__crate_small
Fra:1 Mem:90.01M (Peak 93.91M) | Time:00:00.05 | Syncing resource_lumber
Fra:1 Mem:90.04M (Peak 93.91M) | Time:00:00.05 | Syncing camp__lumber
Fra:1 Mem:90.05M (Peak 93.91M) | Time:00:00.05 | Syncing sack
Fra:1 Mem:90.07M (Peak 93.91M) | Time:00:00.05 | Syncing camp__sack
Fra:1 Mem:90.07M (Peak 93.91M) | Time:00:00.05 | Syncing barrel
Fra:1 Mem:90.11M (Peak 93.91M) | Time:00:00.05 | Syncing camp__barrel
Fra:1 Mem:90.12M (Peak 93.91M) | Time:00:00.05 | Syncing wheelbarrow
Fra:1 Mem:90.21M (Peak 93.91M) | Time:00:00.05 | Syncing camp__wheelbarrow
Fra:1 Mem:90.21M (Peak 93.91M) | Time:00:00.05 | Syncing AurelianVillageV4Sun
Fra:1 Mem:90.21M (Peak 93.91M) | Time:00:00.05 | Syncing VillageV4DesktopCamera
Fra:1 Mem:90.06M (Peak 93.91M) | Time:00:00.05 | Rendering 1 / 64 samples
Fra:1 Mem:87.96M (Peak 93.91M) | Time:00:10.14 | Rendering 26 / 64 samples
Fra:1 Mem:87.96M (Peak 93.91M) | Time:00:19.49 | Rendering 51 / 64 samples
Fra:1 Mem:87.96M (Peak 93.91M) | Time:00:24.32 | Rendering 64 / 64 samples
Saved: '/home/runner/work/_temp/pixel-nations-village-v4/render/desktop/stage-01-camp.png'
Time: 00:25.05 (Saving: 00:00.33)

Fra:1 Mem:87.68M (Peak 87.68M) | Time:00:00.02 | Syncing AurelianContinuousTerrain
Fra:1 Mem:89.50M (Peak 89.50M) | Time:00:00.02 | Syncing RiverWater
Fra:1 Mem:89.52M (Peak 89.52M) | Time:00:00.02 | Syncing RoadApproach
Fra:1 Mem:89.53M (Peak 89.53M) | Time:00:00.02 | Syncing building_bridge_A
Fra:1 Mem:89.61M (Peak 89.61M) | Time:00:00.02 | Syncing Role_bridge
Fra:1 Mem:89.62M (Peak 89.62M) | Time:00:00.02 | Syncing tree_single_A
Fra:1 Mem:89.63M (Peak 89.63M) | Time:00:00.02 | Syncing Role_tree_a
Fra:1 Mem:89.63M (Peak 89.63M) | Time:00:00.02 | Syncing tree_single_B
Fra:1 Mem:89.67M (Peak 89.67M) | Time:00:00.02 | Syncing Role_tree_b
Fra:1 Mem:89.67M (Peak 89.67M) | Time:00:00.02 | Syncing tree_single_A.001
Fra:1 Mem:89.68M (Peak 89.68M) | Time:00:00.02 | Syncing Role_tree_a.001
Fra:1 Mem:89.69M (Peak 89.69M) | Time:00:00.02 | Syncing tree_single_B.001
Fra:1 Mem:89.72M (Peak 89.72M) | Time:00:00.02 | Syncing Role_tree_b.001
Fra:1 Mem:89.73M (Peak 89.73M) | Time:00:00.02 | Syncing tree_single_A.002
Fra:1 Mem:89.74M (Peak 89.74M) | Time:00:00.02 | Syncing Role_tree_a.002
Fra:1 Mem:89.74M (Peak 89.74M) | Time:00:00.02 | Syncing tree_single_B.002
Fra:1 Mem:89.78M (Peak 89.78M) | Time:00:00.02 | Syncing Role_tree_b.002
Fra:1 Mem:89.78M (Peak 89.78M) | Time:00:00.02 | Syncing tree_single_A.003
Fra:1 Mem:89.79M (Peak 89.79M) | Time:00:00.02 | Syncing Role_tree_a.003
Fra:1 Mem:89.80M (Peak 89.80M) | Time:00:00.02 | Syncing tree_single_B.003
Fra:1 Mem:89.83M (Peak 89.83M) | Time:00:00.02 | Syncing Role_tree_b.003
Fra:1 Mem:89.83M (Peak 89.83M) | Time:00:00.02 | Syncing rock_single_C
Fra:1 Mem:89.84M (Peak 89.84M) | Time:00:00.02 | Syncing Role_rock_c
Fra:1 Mem:89.85M (Peak 89.85M) | Time:00:00.02 | Syncing rock_single_E
Fra:1 Mem:89.86M (Peak 89.86M) | Time:00:00.02 | Syncing Role_rock_e
Fra:1 Mem:89.87M (Peak 89.87M) | Time:00:00.02 | Syncing rock_single_C.001
Fra:1 Mem:89.88M (Peak 89.88M) | Time:00:00.02 | Syncing Role_rock_c.001
Fra:1 Mem:89.88M (Peak 89.88M) | Time:00:00.02 | Syncing rock_single_E.001
Fra:1 Mem:89.90M (Peak 89.90M) | Time:00:00.02 | Syncing Role_rock_e.001
Fra:1 Mem:89.90M (Peak 89.90M) | Time:00:00.02 | Syncing rock_single_C.002
Fra:1 Mem:89.91M (Peak 89.91M) | Time:00:00.02 | Syncing Role_rock_c.002
Fra:1 Mem:89.92M (Peak 89.92M) | Time:00:00.02 | Syncing CampPath
Fra:1 Mem:89.93M (Peak 89.93M) | Time:00:00.02 | Syncing rock_single_C.003
Fra:1 Mem:89.94M (Peak 89.94M) | Time:00:00.02 | Syncing Role_rock_c.003
Fra:1 Mem:89.94M (Peak 89.94M) | Time:00:00.02 | Syncing rock_single_C.004
Fra:1 Mem:89.95M (Peak 89.95M) | Time:00:00.02 | Syncing Role_rock_c.004
Fra:1 Mem:89.96M (Peak 89.96M) | Time:00:00.02 | Syncing rock_single_C.005
Fra:1 Mem:89.97M (Peak 89.97M) | Time:00:00.02 | Syncing Role_rock_c.005
Fra:1 Mem:89.97M (Peak 89.97M) | Time:00:00.02 | Syncing rock_single_C.006
Fra:1 Mem:89.98M (Peak 89.98M) | Time:00:00.02 | Syncing Role_rock_c.006
Fra:1 Mem:89.99M (Peak 89.99M) | Time:00:00.02 | Syncing rock_single_C.007
Fra:1 Mem:90.00M (Peak 90.00M) | Time:00:00.02 | Syncing Role_rock_c.007
Fra:1 Mem:90.00M (Peak 90.00M) | Time:00:00.02 | Syncing rock_single_C.008
Fra:1 Mem:90.01M (Peak 90.01M) | Time:00:00.02 | Syncing Role_rock_c.008
Fra:1 Mem:90.02M (Peak 90.02M) | Time:00:00.02 | Syncing rock_single_C.009
Fra:1 Mem:90.03M (Peak 90.03M) | Time:00:00.02 | Syncing Role_rock_c.009
Fra:1 Mem:90.03M (Peak 90.03M) | Time:00:00.02 | Syncing rock_single_C.010
Fra:1 Mem:90.04M (Peak 90.04M) | Time:00:00.02 | Syncing Role_rock_c.010
Fra:1 Mem:90.05M (Peak 90.05M) | Time:00:00.02 | Syncing CampHearthLog_0
Fra:1 Mem:90.06M (Peak 90.06M) | Time:00:00.02 | Syncing CampHearthLog_1
Fra:1 Mem:90.07M (Peak 90.07M) | Time:00:00.02 | Syncing CampHearthFlame
Fra:1 Mem:90.08M (Peak 90.08M) | Time:00:00.02 | Syncing CampHearthWarmLight
Fra:1 Mem:90.08M (Peak 90.08M) | Time:00:00.02 | Syncing tent
Fra:1 Mem:90.10M (Peak 90.10M) | Time:00:00.02 | Syncing camp__tent
Fra:1 Mem:90.10M (Peak 90.10M) | Time:00:00.02 | Syncing flag_red
Fra:1 Mem:90.11M (Peak 90.11M) | Time:00:00.03 | Syncing camp__flag_red
Fra:1 Mem:90.12M (Peak 90.12M) | Time:00:00.03 | Syncing crate_A_big
Fra:1 Mem:90.14M (Peak 90.14M) | Time:00:00.03 | Syncing camp__crate_big
Fra:1 Mem:90.15M (Peak 90.15M) | Time:00:00.03 | Syncing crate_A_small
Fra:1 Mem:90.17M (Peak 90.17M) | Time:00:00.03 | Syncing camp__crate_small
Fra:1 Mem:90.17M (Peak 90.17M) | Time:00:00.03 | Syncing resource_lumber
Fra:1 Mem:90.21M (Peak 90.21M) | Time:00:00.03 | Syncing camp__lumber
Fra:1 Mem:90.21M (Peak 90.21M) | Time:00:00.03 | Syncing sack
Fra:1 Mem:90.23M (Peak 90.23M) | Time:00:00.03 | Syncing camp__sack
Fra:1 Mem:90.23M (Peak 90.23M) | Time:00:00.03 | Syncing barrel
Fra:1 Mem:90.27M (Peak 90.27M) | Time:00:00.03 | Syncing camp__barrel
Fra:1 Mem:90.27M (Peak 90.27M) | Time:00:00.03 | Syncing wheelbarrow
Fra:1 Mem:90.36M (Peak 90.36M) | Time:00:00.03 | Syncing camp__wheelbarrow
Fra:1 Mem:90.36M (Peak 90.36M) | Time:00:00.03 | Syncing ShelterPath
Fra:1 Mem:90.37M (Peak 90.37M) | Time:00:00.03 | Syncing building_home_A_green
Fra:1 Mem:94.53M (Peak 98.39M) | Time:00:00.05 | Syncing shelter__house_a
Fra:1 Mem:94.53M (Peak 98.39M) | Time:00:00.05 | Syncing AurelianVillageV4Sun
Fra:1 Mem:94.53M (Peak 98.39M) | Time:00:00.05 | Syncing VillageV4DesktopCamera
Fra:1 Mem:94.35M (Peak 98.39M) | Time:00:00.06 | Rendering 1 / 64 samples
Fra:1 Mem:92.15M (Peak 98.39M) | Time:00:10.15 | Rendering 26 / 64 samples
Fra:1 Mem:92.15M (Peak 98.39M) | Time:00:19.55 | Rendering 51 / 64 samples
Fra:1 Mem:92.15M (Peak 98.39M) | Time:00:24.43 | Rendering 64 / 64 samples
Saved: '/home/runner/work/_temp/pixel-nations-village-v4/render/desktop/stage-02-shelter.png'
Time: 00:25.17 (Saving: 00:00.33)

Fra:1 Mem:93.47M (Peak 93.47M) | Time:00:00.02 | Syncing AurelianContinuousTerrain
Fra:1 Mem:95.29M (Peak 95.29M) | Time:00:00.02 | Syncing RiverWater
Fra:1 Mem:95.31M (Peak 95.31M) | Time:00:00.02 | Syncing RoadApproach
Fra:1 Mem:95.32M (Peak 95.32M) | Time:00:00.02 | Syncing building_bridge_A
Fra:1 Mem:95.41M (Peak 95.41M) | Time:00:00.02 | Syncing Role_bridge
Fra:1 Mem:95.41M (Peak 95.41M) | Time:00:00.02 | Syncing tree_single_A
Fra:1 Mem:95.42M (Peak 95.42M) | Time:00:00.02 | Syncing Role_tree_a
Fra:1 Mem:95.43M (Peak 95.43M) | Time:00:00.02 | Syncing tree_single_B
Fra:1 Mem:95.46M (Peak 95.46M) | Time:00:00.02 | Syncing Role_tree_b
Fra:1 Mem:95.46M (Peak 95.46M) | Time:00:00.02 | Syncing tree_single_A.001
Fra:1 Mem:95.48M (Peak 95.48M) | Time:00:00.02 | Syncing Role_tree_a.001
Fra:1 Mem:95.48M (Peak 95.48M) | Time:00:00.02 | Syncing tree_single_B.001
Fra:1 Mem:95.51M (Peak 95.51M) | Time:00:00.02 | Syncing Role_tree_b.001
Fra:1 Mem:95.52M (Peak 95.52M) | Time:00:00.02 | Syncing tree_single_A.002
Fra:1 Mem:95.53M (Peak 95.53M) | Time:00:00.02 | Syncing Role_tree_a.002
Fra:1 Mem:95.53M (Peak 95.53M) | Time:00:00.02 | Syncing tree_single_B.002
Fra:1 Mem:95.57M (Peak 95.57M) | Time:00:00.02 | Syncing Role_tree_b.002
Fra:1 Mem:95.57M (Peak 95.57M) | Time:00:00.02 | Syncing tree_single_A.003
Fra:1 Mem:95.58M (Peak 95.58M) | Time:00:00.02 | Syncing Role_tree_a.003
Fra:1 Mem:95.59M (Peak 95.59M) | Time:00:00.02 | Syncing tree_single_B.003
Fra:1 Mem:95.62M (Peak 95.62M) | Time:00:00.02 | Syncing Role_tree_b.003
Fra:1 Mem:95.63M (Peak 95.63M) | Time:00:00.02 | Syncing rock_single_C
Fra:1 Mem:95.64M (Peak 95.64M) | Time:00:00.02 | Syncing Role_rock_c
Fra:1 Mem:95.64M (Peak 95.64M) | Time:00:00.02 | Syncing rock_single_E
Fra:1 Mem:95.65M (Peak 95.65M) | Time:00:00.02 | Syncing Role_rock_e
Fra:1 Mem:95.66M (Peak 95.66M) | Time:00:00.02 | Syncing rock_single_C.001
Fra:1 Mem:95.67M (Peak 95.67M) | Time:00:00.02 | Syncing Role_rock_c.001
Fra:1 Mem:95.68M (Peak 95.68M) | Time:00:00.02 | Syncing rock_single_E.001
Fra:1 Mem:95.69M (Peak 95.69M) | Time:00:00.02 | Syncing Role_rock_e.001
Fra:1 Mem:95.69M (Peak 95.69M) | Time:00:00.02 | Syncing rock_single_C.002
Fra:1 Mem:95.70M (Peak 95.70M) | Time:00:00.02 | Syncing Role_rock_c.002
Fra:1 Mem:95.71M (Peak 95.71M) | Time:00:00.02 | Syncing CampPath
Fra:1 Mem:95.72M (Peak 95.72M) | Time:00:00.02 | Syncing rock_single_C.003
Fra:1 Mem:95.73M (Peak 95.73M) | Time:00:00.02 | Syncing Role_rock_c.003
Fra:1 Mem:95.73M (Peak 95.73M) | Time:00:00.02 | Syncing rock_single_C.004
Fra:1 Mem:95.74M (Peak 95.74M) | Time:00:00.02 | Syncing Role_rock_c.004
Fra:1 Mem:95.75M (Peak 95.75M) | Time:00:00.02 | Syncing rock_single_C.005
Fra:1 Mem:95.76M (Peak 95.76M) | Time:00:00.03 | Syncing Role_rock_c.005
Fra:1 Mem:95.76M (Peak 95.76M) | Time:00:00.03 | Syncing rock_single_C.006
Fra:1 Mem:95.77M (Peak 95.77M) | Time:00:00.03 | Syncing Role_rock_c.006
Fra:1 Mem:95.78M (Peak 95.78M) | Time:00:00.03 | Syncing rock_single_C.007
Fra:1 Mem:95.79M (Peak 95.79M) | Time:00:00.03 | Syncing Role_rock_c.007
Fra:1 Mem:95.80M (Peak 95.80M) | Time:00:00.03 | Syncing rock_single_C.008
Fra:1 Mem:95.80M (Peak 95.80M) | Time:00:00.03 | Syncing Role_rock_c.008
Fra:1 Mem:95.81M (Peak 95.81M) | Time:00:00.03 | Syncing rock_single_C.009
Fra:1 Mem:95.82M (Peak 95.82M) | Time:00:00.03 | Syncing Role_rock_c.009
Fra:1 Mem:95.83M (Peak 95.83M) | Time:00:00.03 | Syncing rock_single_C.010
Fra:1 Mem:95.84M (Peak 95.84M) | Time:00:00.03 | Syncing Role_rock_c.010
Fra:1 Mem:95.84M (Peak 95.84M) | Time:00:00.03 | Syncing CampHearthLog_0
Fra:1 Mem:95.85M (Peak 95.85M) | Time:00:00.03 | Syncing CampHearthLog_1
Fra:1 Mem:95.86M (Peak 95.86M) | Time:00:00.03 | Syncing CampHearthFlame
Fra:1 Mem:95.87M (Peak 95.87M) | Time:00:00.03 | Syncing CampHearthWarmLight
Fra:1 Mem:95.87M (Peak 95.87M) | Time:00:00.03 | Syncing tent
Fra:1 Mem:95.89M (Peak 95.89M) | Time:00:00.03 | Syncing camp__tent
Fra:1 Mem:95.89M (Peak 95.89M) | Time:00:00.03 | Syncing flag_red
Fra:1 Mem:95.91M (Peak 95.91M) | Time:00:00.03 | Syncing camp__flag_red
Fra:1 Mem:95.91M (Peak 95.91M) | Time:00:00.03 | Syncing crate_A_big
Fra:1 Mem:95.93M (Peak 95.93M) | Time:00:00.03 | Syncing camp__crate_big
Fra:1 Mem:95.94M (Peak 95.94M) | Time:00:00.03 | Syncing crate_A_small
Fra:1 Mem:95.96M (Peak 95.96M) | Time:00:00.03 | Syncing camp__crate_small
Fra:1 Mem:95.96M (Peak 95.96M) | Time:00:00.03 | Syncing resource_lumber
Fra:1 Mem:96.00M (Peak 96.00M) | Time:00:00.03 | Syncing camp__lumber
Fra:1 Mem:96.00M (Peak 96.00M) | Time:00:00.03 | Syncing sack
Fra:1 Mem:96.02M (Peak 96.02M) | Time:00:00.03 | Syncing camp__sack
Fra:1 Mem:96.02M (Peak 96.02M) | Time:00:00.03 | Syncing barrel
Fra:1 Mem:96.06M (Peak 96.06M) | Time:00:00.03 | Syncing camp__barrel
Fra:1 Mem:96.06M (Peak 96.06M) | Time:00:00.03 | Syncing wheelbarrow
Fra:1 Mem:96.15M (Peak 96.15M) | Time:00:00.03 | Syncing camp__wheelbarrow
Fra:1 Mem:96.16M (Peak 96.16M) | Time:00:00.03 | Syncing ShelterPath
Fra:1 Mem:96.16M (Peak 96.16M) | Time:00:00.03 | Syncing building_home_A_green
Fra:1 Mem:96.30M (Peak 96.30M) | Time:00:00.03 | Syncing shelter__house_a
Fra:1 Mem:96.30M (Peak 96.30M) | Time:00:00.03 | Syncing FoodPath
Fra:1 Mem:96.31M (Peak 96.31M) | Time:00:00.03 | Syncing FoodFieldSoil
Fra:1 Mem:96.32M (Peak 96.32M) | Time:00:00.03 | Syncing FoodCrop_0_0
Fra:1 Mem:96.33M (Peak 96.33M) | Time:00:00.03 | Syncing FoodCrop_0_1
Fra:1 Mem:96.34M (Peak 96.34M) | Time:00:00.03 | Syncing FoodCrop_0_2
Fra:1 Mem:96.35M (Peak 96.35M) | Time:00:00.03 | Syncing FoodCrop_0_3
Fra:1 Mem:96.36M (Peak 96.36M) | Time:00:00.03 | Syncing FoodCrop_0_4
Fra:1 Mem:96.36M (Peak 96.36M) | Time:00:00.03 | Syncing FoodCrop_0_5
Fra:1 Mem:96.37M (Peak 96.37M) | Time:00:00.03 | Syncing FoodCrop_0_6
Fra:1 Mem:96.38M (Peak 96.38M) | Time:00:00.03 | Syncing FoodCrop_1_0
Fra:1 Mem:96.39M (Peak 96.39M) | Time:00:00.03 | Syncing FoodCrop_1_1
Fra:1 Mem:96.40M (Peak 96.40M) | Time:00:00.03 | Syncing FoodCrop_1_2
Fra:1 Mem:96.41M (Peak 96.41M) | Time:00:00.03 | Syncing FoodCrop_1_3
Fra:1 Mem:96.41M (Peak 96.41M) | Time:00:00.03 | Syncing FoodCrop_1_4
Fra:1 Mem:96.42M (Peak 96.42M) | Time:00:00.03 | Syncing FoodCrop_1_5
Fra:1 Mem:96.43M (Peak 96.43M) | Time:00:00.03 | Syncing FoodCrop_1_6
Fra:1 Mem:96.44M (Peak 96.44M) | Time:00:00.03 | Syncing FoodCrop_2_0
Fra:1 Mem:96.45M (Peak 96.45M) | Time:00:00.03 | Syncing FoodCrop_2_1
Fra:1 Mem:96.45M (Peak 96.45M) | Time:00:00.03 | Syncing FoodCrop_2_2
Fra:1 Mem:96.46M (Peak 96.46M) | Time:00:00.03 | Syncing FoodCrop_2_3
Fra:1 Mem:96.47M (Peak 96.47M) | Time:00:00.03 | Syncing FoodCrop_2_4
Fra:1 Mem:96.48M (Peak 96.48M) | Time:00:00.03 | Syncing FoodCrop_2_5
Fra:1 Mem:96.49M (Peak 96.49M) | Time:00:00.03 | Syncing FoodCrop_2_6
Fra:1 Mem:96.50M (Peak 96.50M) | Time:00:00.03 | Syncing FoodCrop_3_0
Fra:1 Mem:96.50M (Peak 96.50M) | Time:00:00.03 | Syncing FoodCrop_3_1
Fra:1 Mem:96.51M (Peak 96.51M) | Time:00:00.03 | Syncing FoodCrop_3_2
Fra:1 Mem:96.52M (Peak 96.52M) | Time:00:00.03 | Syncing FoodCrop_3_3
Fra:1 Mem:96.53M (Peak 96.53M) | Time:00:00.03 | Syncing FoodCrop_3_4
Fra:1 Mem:96.54M (Peak 96.54M) | Time:00:00.03 | Syncing FoodCrop_3_5
Fra:1 Mem:96.55M (Peak 96.55M) | Time:00:00.03 | Syncing FoodCrop_3_6
Fra:1 Mem:96.55M (Peak 96.55M) | Time:00:00.03 | Syncing FoodCrop_4_0
Fra:1 Mem:96.56M (Peak 96.56M) | Time:00:00.03 | Syncing FoodCrop_4_1
Fra:1 Mem:96.57M (Peak 96.57M) | Time:00:00.03 | Syncing FoodCrop_4_2
Fra:1 Mem:96.58M (Peak 96.58M) | Time:00:00.03 | Syncing FoodCrop_4_3
Fra:1 Mem:96.59M (Peak 96.59M) | Time:00:00.03 | Syncing FoodCrop_4_4
Fra:1 Mem:96.60M (Peak 96.60M) | Time:00:00.03 | Syncing FoodCrop_4_5
Fra:1 Mem:96.60M (Peak 96.60M) | Time:00:00.03 | Syncing FoodCrop_4_6
Fra:1 Mem:96.61M (Peak 96.61M) | Time:00:00.03 | Syncing building_grain
Fra:1 Mem:96.65M (Peak 96.65M) | Time:00:00.03 | Syncing food__grain
Fra:1 Mem:96.65M (Peak 96.65M) | Time:00:00.03 | Syncing building_home_B_yellow
Fra:1 Mem:100.87M (Peak 104.67M) | Time:00:00.05 | Syncing food__house_b
Fra:1 Mem:100.87M (Peak 104.67M) | Time:00:00.05 | Syncing sack.001
Fra:1 Mem:100.89M (Peak 104.67M) | Time:00:00.05 | Syncing food__sack
Fra:1 Mem:100.89M (Peak 104.67M) | Time:00:00.05 | Syncing bucket_water
Fra:1 Mem:100.92M (Peak 104.67M) | Time:00:00.05 | Syncing food__bucket_water
Fra:1 Mem:100.92M (Peak 104.67M) | Time:00:00.05 | Syncing fence_wood_straight
Fra:1 Mem:100.96M (Peak 104.67M) | Time:00:00.06 | Syncing food__fence.001
Fra:1 Mem:100.96M (Peak 104.67M) | Time:00:00.06 | Syncing fence_wood_straight.001
Fra:1 Mem:101.00M (Peak 104.67M) | Time:00:00.06 | Syncing food__fence
Fra:1 Mem:101.00M (Peak 104.67M) | Time:00:00.06 | Syncing AurelianVillageV4Sun
Fra:1 Mem:101.00M (Peak 104.67M) | Time:00:00.06 | Syncing VillageV4DesktopCamera
Fra:1 Mem:100.71M (Peak 104.67M) | Time:00:00.06 | Rendering 1 / 64 samples
Fra:1 Mem:98.28M (Peak 104.67M) | Time:00:10.36 | Rendering 26 / 64 samples
Fra:1 Mem:98.28M (Peak 104.67M) | Time:00:19.95 | Rendering 51 / 64 samples
Fra:1 Mem:98.28M (Peak 104.67M) | Time:00:24.94 | Rendering 64 / 64 samples
Saved: '/home/runner/work/_temp/pixel-nations-village-v4/render/desktop/stage-03-food.png'
Time: 00:25.69 (Saving: 00:00.33)

Fra:1 Mem:98.16M (Peak 98.16M) | Time:00:00.02 | Syncing AurelianContinuousTerrain
Fra:1 Mem:99.98M (Peak 99.98M) | Time:00:00.02 | Syncing RiverWater
Fra:1 Mem:100.00M (Peak 100.00M) | Time:00:00.02 | Syncing RoadApproach
Fra:1 Mem:100.01M (Peak 100.01M) | Time:00:00.02 | Syncing building_bridge_A
Fra:1 Mem:100.09M (Peak 100.09M) | Time:00:00.02 | Syncing Role_bridge
Fra:1 Mem:100.10M (Peak 100.10M) | Time:00:00.02 | Syncing tree_single_A
Fra:1 Mem:100.11M (Peak 100.11M) | Time:00:00.02 | Syncing Role_tree_a
Fra:1 Mem:100.11M (Peak 100.11M) | Time:00:00.02 | Syncing tree_single_B
Fra:1 Mem:100.15M (Peak 100.15M) | Time:00:00.02 | Syncing Role_tree_b
Fra:1 Mem:100.15M (Peak 100.15M) | Time:00:00.02 | Syncing tree_single_A.001
Fra:1 Mem:100.16M (Peak 100.16M) | Time:00:00.02 | Syncing Role_tree_a.001
Fra:1 Mem:100.17M (Peak 100.17M) | Time:00:00.02 | Syncing tree_single_B.001
Fra:1 Mem:100.20M (Peak 100.20M) | Time:00:00.02 | Syncing Role_tree_b.001
Fra:1 Mem:100.21M (Peak 100.21M) | Time:00:00.02 | Syncing tree_single_A.002
Fra:1 Mem:100.22M (Peak 100.22M) | Time:00:00.02 | Syncing Role_tree_a.002
Fra:1 Mem:100.22M (Peak 100.22M) | Time:00:00.02 | Syncing tree_single_B.002
Fra:1 Mem:100.26M (Peak 100.26M) | Time:00:00.02 | Syncing Role_tree_b.002
Fra:1 Mem:100.26M (Peak 100.26M) | Time:00:00.02 | Syncing tree_single_A.003
Fra:1 Mem:100.27M (Peak 100.27M) | Time:00:00.02 | Syncing Role_tree_a.003
Fra:1 Mem:100.28M (Peak 100.28M) | Time:00:00.02 | Syncing tree_single_B.003
Fra:1 Mem:100.31M (Peak 100.31M) | Time:00:00.02 | Syncing Role_tree_b.003
Fra:1 Mem:100.31M (Peak 100.31M) | Time:00:00.02 | Syncing rock_single_C
Fra:1 Mem:100.32M (Peak 100.32M) | Time:00:00.02 | Syncing Role_rock_c
Fra:1 Mem:100.33M (Peak 100.33M) | Time:00:00.02 | Syncing rock_single_E
Fra:1 Mem:100.34M (Peak 100.34M) | Time:00:00.02 | Syncing Role_rock_e
Fra:1 Mem:100.35M (Peak 100.35M) | Time:00:00.02 | Syncing rock_single_C.001
Fra:1 Mem:100.36M (Peak 100.36M) | Time:00:00.02 | Syncing Role_rock_c.001
Fra:1 Mem:100.36M (Peak 100.36M) | Time:00:00.02 | Syncing rock_single_E.001
Fra:1 Mem:100.38M (Peak 100.38M) | Time:00:00.02 | Syncing Role_rock_e.001
Fra:1 Mem:100.38M (Peak 100.38M) | Time:00:00.02 | Syncing rock_single_C.002
Fra:1 Mem:100.39M (Peak 100.39M) | Time:00:00.02 | Syncing Role_rock_c.002
Fra:1 Mem:100.40M (Peak 100.40M) | Time:00:00.02 | Syncing CampPath
Fra:1 Mem:100.41M (Peak 100.41M) | Time:00:00.02 | Syncing rock_single_C.003
Fra:1 Mem:100.42M (Peak 100.42M) | Time:00:00.02 | Syncing Role_rock_c.003
Fra:1 Mem:100.42M (Peak 100.42M) | Time:00:00.02 | Syncing rock_single_C.004
Fra:1 Mem:100.43M (Peak 100.43M) | Time:00:00.03 | Syncing Role_rock_c.004
Fra:1 Mem:100.44M (Peak 100.44M) | Time:00:00.03 | Syncing rock_single_C.005
Fra:1 Mem:100.45M (Peak 100.45M) | Time:00:00.03 | Syncing Role_rock_c.005
Fra:1 Mem:100.45M (Peak 100.45M) | Time:00:00.03 | Syncing rock_single_C.006
Fra:1 Mem:100.46M (Peak 100.46M) | Time:00:00.03 | Syncing Role_rock_c.006
Fra:1 Mem:100.47M (Peak 100.47M) | Time:00:00.03 | Syncing rock_single_C.007
Fra:1 Mem:100.48M (Peak 100.48M) | Time:00:00.03 | Syncing Role_rock_c.007
Fra:1 Mem:100.48M (Peak 100.48M) | Time:00:00.03 | Syncing rock_single_C.008
Fra:1 Mem:100.49M (Peak 100.49M) | Time:00:00.03 | Syncing Role_rock_c.008
Fra:1 Mem:100.50M (Peak 100.50M) | Time:00:00.03 | Syncing rock_single_C.009
Fra:1 Mem:100.51M (Peak 100.51M) | Time:00:00.03 | Syncing Role_rock_c.009
Fra:1 Mem:100.51M (Peak 100.51M) | Time:00:00.03 | Syncing rock_single_C.010
Fra:1 Mem:100.52M (Peak 100.52M) | Time:00:00.03 | Syncing Role_rock_c.010
Fra:1 Mem:100.53M (Peak 100.53M) | Time:00:00.03 | Syncing CampHearthLog_0
Fra:1 Mem:100.54M (Peak 100.54M) | Time:00:00.03 | Syncing CampHearthLog_1
Fra:1 Mem:100.55M (Peak 100.55M) | Time:00:00.03 | Syncing CampHearthFlame
Fra:1 Mem:100.56M (Peak 100.56M) | Time:00:00.03 | Syncing CampHearthWarmLight
Fra:1 Mem:100.56M (Peak 100.56M) | Time:00:00.03 | Syncing tent
Fra:1 Mem:100.58M (Peak 100.58M) | Time:00:00.03 | Syncing camp__tent
Fra:1 Mem:100.58M (Peak 100.58M) | Time:00:00.03 | Syncing flag_red
Fra:1 Mem:100.59M (Peak 100.59M) | Time:00:00.03 | Syncing camp__flag_red
Fra:1 Mem:100.60M (Peak 100.60M) | Time:00:00.03 | Syncing crate_A_big
Fra:1 Mem:100.62M (Peak 100.62M) | Time:00:00.03 | Syncing camp__crate_big
Fra:1 Mem:100.63M (Peak 100.63M) | Time:00:00.03 | Syncing crate_A_small
Fra:1 Mem:100.65M (Peak 100.65M) | Time:00:00.03 | Syncing camp__crate_small
Fra:1 Mem:100.65M (Peak 100.65M) | Time:00:00.03 | Syncing resource_lumber
Fra:1 Mem:100.69M (Peak 100.69M) | Time:00:00.03 | Syncing camp__lumber
Fra:1 Mem:100.69M (Peak 100.69M) | Time:00:00.03 | Syncing sack
Fra:1 Mem:100.71M (Peak 100.71M) | Time:00:00.03 | Syncing camp__sack
Fra:1 Mem:100.71M (Peak 100.71M) | Time:00:00.03 | Syncing barrel
Fra:1 Mem:100.75M (Peak 100.75M) | Time:00:00.03 | Syncing camp__barrel
Fra:1 Mem:100.75M (Peak 100.75M) | Time:00:00.03 | Syncing wheelbarrow
Fra:1 Mem:100.84M (Peak 100.84M) | Time:00:00.03 | Syncing camp__wheelbarrow
Fra:1 Mem:100.84M (Peak 100.84M) | Time:00:00.03 | Syncing ShelterPath
Fra:1 Mem:100.85M (Peak 100.85M) | Time:00:00.03 | Syncing building_home_A_green
Fra:1 Mem:100.99M (Peak 100.99M) | Time:00:00.03 | Syncing shelter__house_a
Fra:1 Mem:100.99M (Peak 100.99M) | Time:00:00.03 | Syncing FoodPath
Fra:1 Mem:101.00M (Peak 101.00M) | Time:00:00.03 | Syncing FoodFieldSoil
Fra:1 Mem:101.01M (Peak 101.01M) | Time:00:00.03 | Syncing FoodCrop_0_0
Fra:1 Mem:101.02M (Peak 101.02M) | Time:00:00.03 | Syncing FoodCrop_0_1
Fra:1 Mem:101.03M (Peak 101.03M) | Time:00:00.03 | Syncing FoodCrop_0_2
Fra:1 Mem:101.04M (Peak 101.04M) | Time:00:00.03 | Syncing FoodCrop_0_3
Fra:1 Mem:101.04M (Peak 101.04M) | Time:00:00.03 | Syncing FoodCrop_0_4
Fra:1 Mem:101.05M (Peak 101.05M) | Time:00:00.03 | Syncing FoodCrop_0_5
Fra:1 Mem:101.06M (Peak 101.06M) | Time:00:00.03 | Syncing FoodCrop_0_6
Fra:1 Mem:101.07M (Peak 101.07M) | Time:00:00.03 | Syncing FoodCrop_1_0
Fra:1 Mem:101.08M (Peak 101.08M) | Time:00:00.03 | Syncing FoodCrop_1_1
Fra:1 Mem:101.08M (Peak 101.08M) | Time:00:00.03 | Syncing FoodCrop_1_2
Fra:1 Mem:101.09M (Peak 101.09M) | Time:00:00.03 | Syncing FoodCrop_1_3
Fra:1 Mem:101.10M (Peak 101.10M) | Time:00:00.03 | Syncing FoodCrop_1_4
Fra:1 Mem:101.11M (Peak 101.11M) | Time:00:00.03 | Syncing FoodCrop_1_5
Fra:1 Mem:101.12M (Peak 101.12M) | Time:00:00.03 | Syncing FoodCrop_1_6
Fra:1 Mem:101.12M (Peak 101.12M) | Time:00:00.03 | Syncing FoodCrop_2_0
Fra:1 Mem:101.13M (Peak 101.13M) | Time:00:00.03 | Syncing FoodCrop_2_1
Fra:1 Mem:101.14M (Peak 101.14M) | Time:00:00.03 | Syncing FoodCrop_2_2
Fra:1 Mem:101.15M (Peak 101.15M) | Time:00:00.03 | Syncing FoodCrop_2_3
Fra:1 Mem:101.16M (Peak 101.16M) | Time:00:00.03 | Syncing FoodCrop_2_4
Fra:1 Mem:101.16M (Peak 101.16M) | Time:00:00.03 | Syncing FoodCrop_2_5
Fra:1 Mem:101.17M (Peak 101.17M) | Time:00:00.03 | Syncing FoodCrop_2_6
Fra:1 Mem:101.18M (Peak 101.18M) | Time:00:00.03 | Syncing FoodCrop_3_0
Fra:1 Mem:101.19M (Peak 101.19M) | Time:00:00.03 | Syncing FoodCrop_3_1
Fra:1 Mem:101.20M (Peak 101.20M) | Time:00:00.03 | Syncing FoodCrop_3_2
Fra:1 Mem:101.20M (Peak 101.20M) | Time:00:00.03 | Syncing FoodCrop_3_3
Fra:1 Mem:101.21M (Peak 101.21M) | Time:00:00.03 | Syncing FoodCrop_3_4
Fra:1 Mem:101.22M (Peak 101.22M) | Time:00:00.03 | Syncing FoodCrop_3_5
Fra:1 Mem:101.23M (Peak 101.23M) | Time:00:00.03 | Syncing FoodCrop_3_6
Fra:1 Mem:101.24M (Peak 101.24M) | Time:00:00.03 | Syncing FoodCrop_4_0
Fra:1 Mem:101.24M (Peak 101.24M) | Time:00:00.03 | Syncing FoodCrop_4_1
Fra:1 Mem:101.25M (Peak 101.25M) | Time:00:00.03 | Syncing FoodCrop_4_2
Fra:1 Mem:101.26M (Peak 101.26M) | Time:00:00.03 | Syncing FoodCrop_4_3
Fra:1 Mem:101.27M (Peak 101.27M) | Time:00:00.03 | Syncing FoodCrop_4_4
Fra:1 Mem:101.28M (Peak 101.28M) | Time:00:00.03 | Syncing FoodCrop_4_5
Fra:1 Mem:101.28M (Peak 101.28M) | Time:00:00.03 | Syncing FoodCrop_4_6
Fra:1 Mem:101.29M (Peak 101.29M) | Time:00:00.03 | Syncing building_grain
Fra:1 Mem:101.33M (Peak 101.33M) | Time:00:00.03 | Syncing food__grain
Fra:1 Mem:101.33M (Peak 101.33M) | Time:00:00.03 | Syncing building_home_B_yellow
Fra:1 Mem:101.51M (Peak 101.51M) | Time:00:00.03 | Syncing food__house_b
Fra:1 Mem:101.52M (Peak 101.52M) | Time:00:00.03 | Syncing sack.001
Fra:1 Mem:101.53M (Peak 101.53M) | Time:00:00.03 | Syncing food__sack
Fra:1 Mem:101.54M (Peak 101.54M) | Time:00:00.03 | Syncing bucket_water
Fra:1 Mem:101.56M (Peak 101.56M) | Time:00:00.03 | Syncing food__bucket_water
Fra:1 Mem:101.56M (Peak 101.56M) | Time:00:00.03 | Syncing fence_wood_straight
Fra:1 Mem:101.60M (Peak 101.60M) | Time:00:00.03 | Syncing food__fence.001
Fra:1 Mem:101.60M (Peak 101.60M) | Time:00:00.03 | Syncing fence_wood_straight.001
Fra:1 Mem:101.63M (Peak 101.63M) | Time:00:00.03 | Syncing food__fence
Fra:1 Mem:101.64M (Peak 101.64M) | Time:00:00.03 | Syncing TimberPath
Fra:1 Mem:101.65M (Peak 101.65M) | Time:00:00.03 | Syncing building_scaffolding
Fra:1 Mem:102.03M (Peak 102.03M) | Time:00:00.03 | Syncing timber__scaffolding
Fra:1 Mem:102.04M (Peak 102.04M) | Time:00:00.03 | Syncing tree_single_A_cut
Fra:1 Mem:102.04M (Peak 102.04M) | Time:00:00.03 | Syncing timber__tree_cut
Fra:1 Mem:102.05M (Peak 102.05M) | Time:00:00.03 | Syncing resource_lumber.001
Fra:1 Mem:102.08M (Peak 102.08M) | Time:00:00.03 | Syncing timber__lumber
Fra:1 Mem:102.09M (Peak 102.09M) | Time:00:00.03 | Syncing resource_lumber.002
Fra:1 Mem:102.16M (Peak 102.16M) | Time:00:00.03 | Syncing timber__lumber.001
Fra:1 Mem:102.16M (Peak 102.16M) | Time:00:00.03 | Syncing pallet
Fra:1 Mem:102.18M (Peak 102.18M) | Time:00:00.03 | Syncing timber__pallet
Fra:1 Mem:102.18M (Peak 102.18M) | Time:00:00.03 | Syncing ladder
Fra:1 Mem:102.20M (Peak 102.20M) | Time:00:00.04 | Syncing timber__ladder
Fra:1 Mem:102.20M (Peak 102.20M) | Time:00:00.04 | Syncing AurelianVillageV4Sun
Fra:1 Mem:102.20M (Peak 102.20M) | Time:00:00.04 | Syncing VillageV4DesktopCamera
Fra:1 Mem:101.80M (Peak 102.20M) | Time:00:00.04 | Rendering 1 / 64 samples
Fra:1 Mem:99.06M (Peak 102.20M) | Time:00:10.53 | Rendering 26 / 64 samples
Fra:1 Mem:99.06M (Peak 102.20M) | Time:00:20.29 | Rendering 51 / 64 samples
Fra:1 Mem:99.06M (Peak 102.20M) | Time:00:25.39 | Rendering 64 / 64 samples
Saved: '/home/runner/work/_temp/pixel-nations-village-v4/render/desktop/stage-04-timber.png'
Time: 00:26.14 (Saving: 00:00.33)

Fra:1 Mem:98.73M (Peak 98.73M) | Time:00:00.02 | Syncing AurelianContinuousTerrain
Fra:1 Mem:100.55M (Peak 100.55M) | Time:00:00.02 | Syncing RiverWater
Fra:1 Mem:100.57M (Peak 100.57M) | Time:00:00.02 | Syncing RoadApproach
Fra:1 Mem:100.58M (Peak 100.58M) | Time:00:00.02 | Syncing building_bridge_A
Fra:1 Mem:100.67M (Peak 100.67M) | Time:00:00.02 | Syncing Role_bridge
Fra:1 Mem:100.67M (Peak 100.67M) | Time:00:00.02 | Syncing tree_single_A
Fra:1 Mem:100.68M (Peak 100.68M) | Time:00:00.02 | Syncing Role_tree_a
Fra:1 Mem:100.69M (Peak 100.69M) | Time:00:00.02 | Syncing tree_single_B
Fra:1 Mem:100.72M (Peak 100.72M) | Time:00:00.02 | Syncing Role_tree_b
Fra:1 Mem:100.72M (Peak 100.72M) | Time:00:00.02 | Syncing tree_single_A.001
Fra:1 Mem:100.74M (Peak 100.74M) | Time:00:00.02 | Syncing Role_tree_a.001
Fra:1 Mem:100.74M (Peak 100.74M) | Time:00:00.02 | Syncing tree_single_B.001
Fra:1 Mem:100.77M (Peak 100.77M) | Time:00:00.02 | Syncing Role_tree_b.001
Fra:1 Mem:100.78M (Peak 100.78M) | Time:00:00.02 | Syncing tree_single_A.002
Fra:1 Mem:100.79M (Peak 100.79M) | Time:00:00.02 | Syncing Role_tree_a.002
Fra:1 Mem:100.79M (Peak 100.79M) | Time:00:00.02 | Syncing tree_single_B.002
Fra:1 Mem:100.83M (Peak 100.83M) | Time:00:00.02 | Syncing Role_tree_b.002
Fra:1 Mem:100.83M (Peak 100.83M) | Time:00:00.02 | Syncing tree_single_A.003
Fra:1 Mem:100.84M (Peak 100.84M) | Time:00:00.02 | Syncing Role_tree_a.003
Fra:1 Mem:100.85M (Peak 100.85M) | Time:00:00.02 | Syncing tree_single_B.003
Fra:1 Mem:100.88M (Peak 100.88M) | Time:00:00.02 | Syncing Role_tree_b.003
Fra:1 Mem:100.89M (Peak 100.89M) | Time:00:00.02 | Syncing rock_single_C
Fra:1 Mem:100.90M (Peak 100.90M) | Time:00:00.02 | Syncing Role_rock_c
Fra:1 Mem:100.90M (Peak 100.90M) | Time:00:00.02 | Syncing rock_single_E
Fra:1 Mem:100.91M (Peak 100.91M) | Time:00:00.02 | Syncing Role_rock_e
Fra:1 Mem:100.92M (Peak 100.92M) | Time:00:00.02 | Syncing rock_single_C.001
Fra:1 Mem:100.93M (Peak 100.93M) | Time:00:00.02 | Syncing Role_rock_c.001
Fra:1 Mem:100.94M (Peak 100.94M) | Time:00:00.02 | Syncing rock_single_E.001
Fra:1 Mem:100.95M (Peak 100.95M) | Time:00:00.02 | Syncing Role_rock_e.001
Fra:1 Mem:100.95M (Peak 100.95M) | Time:00:00.02 | Syncing rock_single_C.002
Fra:1 Mem:100.96M (Peak 100.96M) | Time:00:00.02 | Syncing Role_rock_c.002
Fra:1 Mem:100.97M (Peak 100.97M) | Time:00:00.02 | Syncing CampPath
Fra:1 Mem:100.98M (Peak 100.98M) | Time:00:00.02 | Syncing rock_single_C.003
Fra:1 Mem:100.99M (Peak 100.99M) | Time:00:00.03 | Syncing Role_rock_c.003
Fra:1 Mem:100.99M (Peak 100.99M) | Time:00:00.03 | Syncing rock_single_C.004
Fra:1 Mem:101.00M (Peak 101.00M) | Time:00:00.03 | Syncing Role_rock_c.004
Fra:1 Mem:101.01M (Peak 101.01M) | Time:00:00.03 | Syncing rock_single_C.005
Fra:1 Mem:101.02M (Peak 101.02M) | Time:00:00.03 | Syncing Role_rock_c.005
Fra:1 Mem:101.02M (Peak 101.02M) | Time:00:00.03 | Syncing rock_single_C.006
Fra:1 Mem:101.04M (Peak 101.04M) | Time:00:00.03 | Syncing Role_rock_c.006
Fra:1 Mem:101.04M (Peak 101.04M) | Time:00:00.03 | Syncing rock_single_C.007
Fra:1 Mem:101.05M (Peak 101.05M) | Time:00:00.03 | Syncing Role_rock_c.007
Fra:1 Mem:101.06M (Peak 101.06M) | Time:00:00.03 | Syncing rock_single_C.008
Fra:1 Mem:101.07M (Peak 101.07M) | Time:00:00.03 | Syncing Role_rock_c.008
Fra:1 Mem:101.07M (Peak 101.07M) | Time:00:00.03 | Syncing rock_single_C.009
Fra:1 Mem:101.08M (Peak 101.08M) | Time:00:00.03 | Syncing Role_rock_c.009
Fra:1 Mem:101.09M (Peak 101.09M) | Time:00:00.03 | Syncing rock_single_C.010
Fra:1 Mem:101.10M (Peak 101.10M) | Time:00:00.03 | Syncing Role_rock_c.010
Fra:1 Mem:101.10M (Peak 101.10M) | Time:00:00.03 | Syncing CampHearthLog_0
Fra:1 Mem:101.11M (Peak 101.11M) | Time:00:00.03 | Syncing CampHearthLog_1
Fra:1 Mem:101.12M (Peak 101.12M) | Time:00:00.03 | Syncing CampHearthFlame
Fra:1 Mem:101.13M (Peak 101.13M) | Time:00:00.03 | Syncing CampHearthWarmLight
Fra:1 Mem:101.13M (Peak 101.13M) | Time:00:00.03 | Syncing tent
Fra:1 Mem:101.15M (Peak 101.15M) | Time:00:00.03 | Syncing camp__tent
Fra:1 Mem:101.15M (Peak 101.15M) | Time:00:00.03 | Syncing flag_red
Fra:1 Mem:101.17M (Peak 101.17M) | Time:00:00.03 | Syncing camp__flag_red
Fra:1 Mem:101.17M (Peak 101.17M) | Time:00:00.03 | Syncing crate_A_big
Fra:1 Mem:101.19M (Peak 101.19M) | Time:00:00.03 | Syncing camp__crate_big
Fra:1 Mem:101.20M (Peak 101.20M) | Time:00:00.03 | Syncing crate_A_small
Fra:1 Mem:101.22M (Peak 101.22M) | Time:00:00.03 | Syncing camp__crate_small
Fra:1 Mem:101.22M (Peak 101.22M) | Time:00:00.03 | Syncing resource_lumber
Fra:1 Mem:101.26M (Peak 101.26M) | Time:00:00.03 | Syncing camp__lumber
Fra:1 Mem:101.26M (Peak 101.26M) | Time:00:00.03 | Syncing sack
Fra:1 Mem:101.28M (Peak 101.28M) | Time:00:00.03 | Syncing camp__sack
Fra:1 Mem:101.28M (Peak 101.28M) | Time:00:00.03 | Syncing barrel
Fra:1 Mem:101.32M (Peak 101.32M) | Time:00:00.03 | Syncing camp__barrel
Fra:1 Mem:101.32M (Peak 101.32M) | Time:00:00.03 | Syncing wheelbarrow
Fra:1 Mem:101.41M (Peak 101.41M) | Time:00:00.03 | Syncing camp__wheelbarrow
Fra:1 Mem:101.42M (Peak 101.42M) | Time:00:00.03 | Syncing ShelterPath
Fra:1 Mem:101.42M (Peak 101.42M) | Time:00:00.03 | Syncing building_home_A_green
Fra:1 Mem:101.56M (Peak 101.56M) | Time:00:00.03 | Syncing shelter__house_a
Fra:1 Mem:101.56M (Peak 101.56M) | Time:00:00.03 | Syncing FoodPath
Fra:1 Mem:101.57M (Peak 101.57M) | Time:00:00.03 | Syncing FoodFieldSoil
Fra:1 Mem:101.58M (Peak 101.58M) | Time:00:00.03 | Syncing FoodCrop_0_0
Fra:1 Mem:101.59M (Peak 101.59M) | Time:00:00.03 | Syncing FoodCrop_0_1
Fra:1 Mem:101.60M (Peak 101.60M) | Time:00:00.03 | Syncing FoodCrop_0_2
Fra:1 Mem:101.61M (Peak 101.61M) | Time:00:00.03 | Syncing FoodCrop_0_3
Fra:1 Mem:101.62M (Peak 101.62M) | Time:00:00.03 | Syncing FoodCrop_0_4
Fra:1 Mem:101.62M (Peak 101.62M) | Time:00:00.03 | Syncing FoodCrop_0_5
Fra:1 Mem:101.63M (Peak 101.63M) | Time:00:00.03 | Syncing FoodCrop_0_6
Fra:1 Mem:101.64M (Peak 101.64M) | Time:00:00.03 | Syncing FoodCrop_1_0
Fra:1 Mem:101.65M (Peak 101.65M) | Time:00:00.03 | Syncing FoodCrop_1_1
Fra:1 Mem:101.66M (Peak 101.66M) | Time:00:00.03 | Syncing FoodCrop_1_2
Fra:1 Mem:101.66M (Peak 101.66M) | Time:00:00.03 | Syncing FoodCrop_1_3
Fra:1 Mem:101.67M (Peak 101.67M) | Time:00:00.03 | Syncing FoodCrop_1_4
Fra:1 Mem:101.68M (Peak 101.68M) | Time:00:00.03 | Syncing FoodCrop_1_5
Fra:1 Mem:101.69M (Peak 101.69M) | Time:00:00.03 | Syncing FoodCrop_1_6
Fra:1 Mem:101.70M (Peak 101.70M) | Time:00:00.03 | Syncing FoodCrop_2_0
Fra:1 Mem:101.70M (Peak 101.70M) | Time:00:00.03 | Syncing FoodCrop_2_1
Fra:1 Mem:101.71M (Peak 101.71M) | Time:00:00.03 | Syncing FoodCrop_2_2
Fra:1 Mem:101.72M (Peak 101.72M) | Time:00:00.03 | Syncing FoodCrop_2_3
Fra:1 Mem:101.73M (Peak 101.73M) | Time:00:00.03 | Syncing FoodCrop_2_4
Fra:1 Mem:101.73M (Peak 101.73M) | Time:00:00.03 | Syncing FoodCrop_2_5
Fra:1 Mem:101.74M (Peak 101.74M) | Time:00:00.03 | Syncing FoodCrop_2_6
Fra:1 Mem:101.75M (Peak 101.75M) | Time:00:00.03 | Syncing FoodCrop_3_0
Fra:1 Mem:101.76M (Peak 101.76M) | Time:00:00.03 | Syncing FoodCrop_3_1
Fra:1 Mem:101.77M (Peak 101.77M) | Time:00:00.03 | Syncing FoodCrop_3_2
Fra:1 Mem:101.78M (Peak 101.78M) | Time:00:00.03 | Syncing FoodCrop_3_3
Fra:1 Mem:101.78M (Peak 101.78M) | Time:00:00.03 | Syncing FoodCrop_3_4
Fra:1 Mem:101.79M (Peak 101.79M) | Time:00:00.03 | Syncing FoodCrop_3_5
Fra:1 Mem:101.80M (Peak 101.80M) | Time:00:00.03 | Syncing FoodCrop_3_6
Fra:1 Mem:101.81M (Peak 101.81M) | Time:00:00.03 | Syncing FoodCrop_4_0
Fra:1 Mem:101.82M (Peak 101.82M) | Time:00:00.03 | Syncing FoodCrop_4_1
Fra:1 Mem:101.82M (Peak 101.82M) | Time:00:00.03 | Syncing FoodCrop_4_2
Fra:1 Mem:101.83M (Peak 101.83M) | Time:00:00.03 | Syncing FoodCrop_4_3
Fra:1 Mem:101.84M (Peak 101.84M) | Time:00:00.03 | Syncing FoodCrop_4_4
Fra:1 Mem:101.85M (Peak 101.85M) | Time:00:00.03 | Syncing FoodCrop_4_5
Fra:1 Mem:101.86M (Peak 101.86M) | Time:00:00.03 | Syncing FoodCrop_4_6
Fra:1 Mem:101.86M (Peak 101.86M) | Time:00:00.03 | Syncing building_grain
Fra:1 Mem:101.90M (Peak 101.90M) | Time:00:00.03 | Syncing food__grain
Fra:1 Mem:101.90M (Peak 101.90M) | Time:00:00.03 | Syncing building_home_B_yellow
Fra:1 Mem:102.08M (Peak 102.08M) | Time:00:00.03 | Syncing food__house_b
Fra:1 Mem:102.09M (Peak 102.09M) | Time:00:00.03 | Syncing sack.001
Fra:1 Mem:102.10M (Peak 102.10M) | Time:00:00.03 | Syncing food__sack
Fra:1 Mem:102.11M (Peak 102.11M) | Time:00:00.03 | Syncing bucket_water
Fra:1 Mem:102.13M (Peak 102.13M) | Time:00:00.03 | Syncing food__bucket_water
Fra:1 Mem:102.14M (Peak 102.14M) | Time:00:00.03 | Syncing fence_wood_straight
Fra:1 Mem:102.17M (Peak 102.17M) | Time:00:00.03 | Syncing food__fence.001
Fra:1 Mem:102.17M (Peak 102.17M) | Time:00:00.03 | Syncing fence_wood_straight.001
Fra:1 Mem:102.20M (Peak 102.20M) | Time:00:00.03 | Syncing food__fence
Fra:1 Mem:102.21M (Peak 102.21M) | Time:00:00.03 | Syncing TimberPath
Fra:1 Mem:102.22M (Peak 102.22M) | Time:00:00.03 | Syncing building_scaffolding
Fra:1 Mem:102.56M (Peak 102.56M) | Time:00:00.04 | Syncing timber__scaffolding
Fra:1 Mem:102.57M (Peak 102.57M) | Time:00:00.04 | Syncing tree_single_A_cut
Fra:1 Mem:102.57M (Peak 102.57M) | Time:00:00.04 | Syncing timber__tree_cut
Fra:1 Mem:102.58M (Peak 102.58M) | Time:00:00.04 | Syncing resource_lumber.001
Fra:1 Mem:102.61M (Peak 102.61M) | Time:00:00.04 | Syncing timber__lumber
Fra:1 Mem:102.62M (Peak 102.62M) | Time:00:00.04 | Syncing resource_lumber.002
Fra:1 Mem:102.68M (Peak 102.68M) | Time:00:00.04 | Syncing timber__lumber.001
Fra:1 Mem:102.68M (Peak 102.68M) | Time:00:00.04 | Syncing pallet
Fra:1 Mem:102.70M (Peak 102.70M) | Time:00:00.04 | Syncing timber__pallet
Fra:1 Mem:102.70M (Peak 102.70M) | Time:00:00.04 | Syncing ladder
Fra:1 Mem:102.72M (Peak 102.72M) | Time:00:00.04 | Syncing timber__ladder
Fra:1 Mem:102.72M (Peak 102.72M) | Time:00:00.04 | Syncing ScoutPath
Fra:1 Mem:102.74M (Peak 102.74M) | Time:00:00.04 | Syncing tent.001
Fra:1 Mem:102.75M (Peak 102.75M) | Time:00:00.04 | Syncing scout__tent
Fra:1 Mem:102.76M (Peak 102.76M) | Time:00:00.04 | Syncing flag_red.001
Fra:1 Mem:102.77M (Peak 102.77M) | Time:00:00.04 | Syncing scout__flag_red
Fra:1 Mem:102.77M (Peak 102.77M) | Time:00:00.04 | Syncing flag_red.002
Fra:1 Mem:102.79M (Peak 102.79M) | Time:00:00.04 | Syncing scout__flag_red.001
Fra:1 Mem:102.79M (Peak 102.79M) | Time:00:00.04 | Syncing target
Fra:1 Mem:102.82M (Peak 102.82M) | Time:00:00.04 | Syncing scout__target
Fra:1 Mem:102.82M (Peak 102.82M) | Time:00:00.04 | Syncing crate_open
Fra:1 Mem:102.87M (Peak 102.87M) | Time:00:00.04 | Syncing scout__crate_open
Fra:1 Mem:102.87M (Peak 102.87M) | Time:00:00.04 | Syncing AurelianVillageV4Sun
Fra:1 Mem:102.87M (Peak 102.87M) | Time:00:00.04 | Syncing VillageV4DesktopCamera
Fra:1 Mem:102.44M (Peak 102.87M) | Time:00:00.04 | Rendering 1 / 64 samples
Fra:1 Mem:99.64M (Peak 102.87M) | Time:00:10.57 | Rendering 26 / 64 samples
Fra:1 Mem:99.64M (Peak 102.87M) | Time:00:20.40 | Rendering 51 / 64 samples
Fra:1 Mem:99.64M (Peak 102.87M) | Time:00:25.50 | Rendering 64 / 64 samples
Saved: '/home/runner/work/_temp/pixel-nations-village-v4/render/desktop/stage-05-scout.png'
Time: 00:26.25 (Saving: 00:00.33)

Fra:1 Mem:99.40M (Peak 99.40M) | Time:00:00.02 | Syncing AurelianContinuousTerrain
Fra:1 Mem:101.22M (Peak 101.22M) | Time:00:00.02 | Syncing RiverWater
Fra:1 Mem:101.24M (Peak 101.24M) | Time:00:00.02 | Syncing RoadApproach
Fra:1 Mem:101.26M (Peak 101.26M) | Time:00:00.02 | Syncing building_bridge_A
Fra:1 Mem:101.34M (Peak 101.34M) | Time:00:00.02 | Syncing Role_bridge
Fra:1 Mem:101.34M (Peak 101.34M) | Time:00:00.02 | Syncing tree_single_A
Fra:1 Mem:101.35M (Peak 101.35M) | Time:00:00.02 | Syncing Role_tree_a
Fra:1 Mem:101.36M (Peak 101.36M) | Time:00:00.02 | Syncing tree_single_B
Fra:1 Mem:101.39M (Peak 101.39M) | Time:00:00.02 | Syncing Role_tree_b
Fra:1 Mem:101.40M (Peak 101.40M) | Time:00:00.02 | Syncing tree_single_A.001
Fra:1 Mem:101.41M (Peak 101.41M) | Time:00:00.02 | Syncing Role_tree_a.001
Fra:1 Mem:101.41M (Peak 101.41M) | Time:00:00.02 | Syncing tree_single_B.001
Fra:1 Mem:101.44M (Peak 101.44M) | Time:00:00.02 | Syncing Role_tree_b.001
Fra:1 Mem:101.45M (Peak 101.45M) | Time:00:00.02 | Syncing tree_single_A.002
Fra:1 Mem:101.46M (Peak 101.46M) | Time:00:00.02 | Syncing Role_tree_a.002
Fra:1 Mem:101.47M (Peak 101.47M) | Time:00:00.02 | Syncing tree_single_B.002
Fra:1 Mem:101.50M (Peak 101.50M) | Time:00:00.02 | Syncing Role_tree_b.002
Fra:1 Mem:101.50M (Peak 101.50M) | Time:00:00.02 | Syncing tree_single_A.003
Fra:1 Mem:101.51M (Peak 101.51M) | Time:00:00.02 | Syncing Role_tree_a.003
Fra:1 Mem:101.52M (Peak 101.52M) | Time:00:00.02 | Syncing tree_single_B.003
Fra:1 Mem:101.55M (Peak 101.55M) | Time:00:00.02 | Syncing Role_tree_b.003
Fra:1 Mem:101.56M (Peak 101.56M) | Time:00:00.02 | Syncing rock_single_C
Fra:1 Mem:101.57M (Peak 101.57M) | Time:00:00.02 | Syncing Role_rock_c
Fra:1 Mem:101.57M (Peak 101.57M) | Time:00:00.02 | Syncing rock_single_E
Fra:1 Mem:101.59M (Peak 101.59M) | Time:00:00.02 | Syncing Role_rock_e
Fra:1 Mem:101.59M (Peak 101.59M) | Time:00:00.02 | Syncing rock_single_C.001
Fra:1 Mem:101.60M (Peak 101.60M) | Time:00:00.02 | Syncing Role_rock_c.001
Fra:1 Mem:101.61M (Peak 101.61M) | Time:00:00.02 | Syncing rock_single_E.001
Fra:1 Mem:101.62M (Peak 101.62M) | Time:00:00.02 | Syncing Role_rock_e.001
Fra:1 Mem:101.63M (Peak 101.63M) | Time:00:00.02 | Syncing rock_single_C.002
Fra:1 Mem:101.64M (Peak 101.64M) | Time:00:00.03 | Syncing Role_rock_c.002
Fra:1 Mem:101.64M (Peak 101.64M) | Time:00:00.03 | Syncing CampPath
Fra:1 Mem:101.65M (Peak 101.65M) | Time:00:00.03 | Syncing rock_single_C.003
Fra:1 Mem:101.66M (Peak 101.66M) | Time:00:00.03 | Syncing Role_rock_c.003
Fra:1 Mem:101.67M (Peak 101.67M) | Time:00:00.03 | Syncing rock_single_C.004
Fra:1 Mem:101.68M (Peak 101.68M) | Time:00:00.03 | Syncing Role_rock_c.004
Fra:1 Mem:101.68M (Peak 101.68M) | Time:00:00.03 | Syncing rock_single_C.005
Fra:1 Mem:101.69M (Peak 101.69M) | Time:00:00.03 | Syncing Role_rock_c.005
Fra:1 Mem:101.70M (Peak 101.70M) | Time:00:00.03 | Syncing rock_single_C.006
Fra:1 Mem:101.71M (Peak 101.71M) | Time:00:00.03 | Syncing Role_rock_c.006
Fra:1 Mem:101.71M (Peak 101.71M) | Time:00:00.03 | Syncing rock_single_C.007
Fra:1 Mem:101.72M (Peak 101.72M) | Time:00:00.03 | Syncing Role_rock_c.007
Fra:1 Mem:101.73M (Peak 101.73M) | Time:00:00.03 | Syncing rock_single_C.008
Fra:1 Mem:101.74M (Peak 101.74M) | Time:00:00.03 | Syncing Role_rock_c.008
Fra:1 Mem:101.74M (Peak 101.74M) | Time:00:00.03 | Syncing rock_single_C.009
Fra:1 Mem:101.75M (Peak 101.75M) | Time:00:00.03 | Syncing Role_rock_c.009
Fra:1 Mem:101.76M (Peak 101.76M) | Time:00:00.03 | Syncing rock_single_C.010
Fra:1 Mem:101.77M (Peak 101.77M) | Time:00:00.03 | Syncing Role_rock_c.010
Fra:1 Mem:101.77M (Peak 101.77M) | Time:00:00.03 | Syncing CampHearthLog_0
Fra:1 Mem:101.78M (Peak 101.78M) | Time:00:00.03 | Syncing CampHearthLog_1
Fra:1 Mem:101.79M (Peak 101.79M) | Time:00:00.03 | Syncing CampHearthFlame
Fra:1 Mem:101.80M (Peak 101.80M) | Time:00:00.03 | Syncing CampHearthWarmLight
Fra:1 Mem:101.81M (Peak 101.81M) | Time:00:00.03 | Syncing tent
Fra:1 Mem:101.82M (Peak 101.82M) | Time:00:00.03 | Syncing camp__tent
Fra:1 Mem:101.83M (Peak 101.83M) | Time:00:00.03 | Syncing flag_red
Fra:1 Mem:101.84M (Peak 101.84M) | Time:00:00.03 | Syncing camp__flag_red
Fra:1 Mem:101.84M (Peak 101.84M) | Time:00:00.03 | Syncing crate_A_big
Fra:1 Mem:101.86M (Peak 101.86M) | Time:00:00.03 | Syncing camp__crate_big
Fra:1 Mem:101.87M (Peak 101.87M) | Time:00:00.03 | Syncing crate_A_small
Fra:1 Mem:101.89M (Peak 101.89M) | Time:00:00.03 | Syncing camp__crate_small
Fra:1 Mem:101.90M (Peak 101.90M) | Time:00:00.03 | Syncing resource_lumber
Fra:1 Mem:101.93M (Peak 101.93M) | Time:00:00.03 | Syncing camp__lumber
Fra:1 Mem:101.93M (Peak 101.93M) | Time:00:00.03 | Syncing sack
Fra:1 Mem:101.95M (Peak 101.95M) | Time:00:00.03 | Syncing camp__sack
Fra:1 Mem:101.96M (Peak 101.96M) | Time:00:00.03 | Syncing barrel
Fra:1 Mem:101.99M (Peak 101.99M) | Time:00:00.03 | Syncing camp__barrel
Fra:1 Mem:102.00M (Peak 102.00M) | Time:00:00.03 | Syncing wheelbarrow
Fra:1 Mem:102.08M (Peak 102.08M) | Time:00:00.03 | Syncing camp__wheelbarrow
Fra:1 Mem:102.09M (Peak 102.09M) | Time:00:00.03 | Syncing ShelterPath
Fra:1 Mem:102.10M (Peak 102.10M) | Time:00:00.03 | Syncing building_home_A_green
Fra:1 Mem:102.23M (Peak 102.23M) | Time:00:00.03 | Syncing shelter__house_a
Fra:1 Mem:102.23M (Peak 102.23M) | Time:00:00.03 | Syncing FoodPath
Fra:1 Mem:102.24M (Peak 102.24M) | Time:00:00.03 | Syncing FoodFieldSoil
Fra:1 Mem:102.25M (Peak 102.25M) | Time:00:00.03 | Syncing FoodCrop_0_0
Fra:1 Mem:102.26M (Peak 102.26M) | Time:00:00.03 | Syncing FoodCrop_0_1
Fra:1 Mem:102.27M (Peak 102.27M) | Time:00:00.03 | Syncing FoodCrop_0_2
Fra:1 Mem:102.28M (Peak 102.28M) | Time:00:00.03 | Syncing FoodCrop_0_3
Fra:1 Mem:102.29M (Peak 102.29M) | Time:00:00.03 | Syncing FoodCrop_0_4
Fra:1 Mem:102.29M (Peak 102.29M) | Time:00:00.03 | Syncing FoodCrop_0_5
Fra:1 Mem:102.30M (Peak 102.30M) | Time:00:00.03 | Syncing FoodCrop_0_6
Fra:1 Mem:102.31M (Peak 102.31M) | Time:00:00.03 | Syncing FoodCrop_1_0
Fra:1 Mem:102.32M (Peak 102.32M) | Time:00:00.03 | Syncing FoodCrop_1_1
Fra:1 Mem:102.33M (Peak 102.33M) | Time:00:00.03 | Syncing FoodCrop_1_2
Fra:1 Mem:102.33M (Peak 102.33M) | Time:00:00.03 | Syncing FoodCrop_1_3
Fra:1 Mem:102.34M (Peak 102.34M) | Time:00:00.03 | Syncing FoodCrop_1_4
Fra:1 Mem:102.35M (Peak 102.35M) | Time:00:00.03 | Syncing FoodCrop_1_5
Fra:1 Mem:102.36M (Peak 102.36M) | Time:00:00.03 | Syncing FoodCrop_1_6
Fra:1 Mem:102.37M (Peak 102.37M) | Time:00:00.03 | Syncing FoodCrop_2_0
Fra:1 Mem:102.37M (Peak 102.37M) | Time:00:00.03 | Syncing FoodCrop_2_1
Fra:1 Mem:102.38M (Peak 102.38M) | Time:00:00.03 | Syncing FoodCrop_2_2
Fra:1 Mem:102.39M (Peak 102.39M) | Time:00:00.03 | Syncing FoodCrop_2_3
Fra:1 Mem:102.40M (Peak 102.40M) | Time:00:00.03 | Syncing FoodCrop_2_4
Fra:1 Mem:102.41M (Peak 102.41M) | Time:00:00.03 | Syncing FoodCrop_2_5
Fra:1 Mem:102.41M (Peak 102.41M) | Time:00:00.03 | Syncing FoodCrop_2_6
Fra:1 Mem:102.42M (Peak 102.42M) | Time:00:00.03 | Syncing FoodCrop_3_0
Fra:1 Mem:102.43M (Peak 102.43M) | Time:00:00.03 | Syncing FoodCrop_3_1
Fra:1 Mem:102.44M (Peak 102.44M) | Time:00:00.03 | Syncing FoodCrop_3_2
Fra:1 Mem:102.45M (Peak 102.45M) | Time:00:00.03 | Syncing FoodCrop_3_3
Fra:1 Mem:102.46M (Peak 102.46M) | Time:00:00.03 | Syncing FoodCrop_3_4
Fra:1 Mem:102.46M (Peak 102.46M) | Time:00:00.03 | Syncing FoodCrop_3_5
Fra:1 Mem:102.47M (Peak 102.47M) | Time:00:00.03 | Syncing FoodCrop_3_6
Fra:1 Mem:102.48M (Peak 102.48M) | Time:00:00.03 | Syncing FoodCrop_4_0
Fra:1 Mem:102.49M (Peak 102.49M) | Time:00:00.03 | Syncing FoodCrop_4_1
Fra:1 Mem:102.50M (Peak 102.50M) | Time:00:00.03 | Syncing FoodCrop_4_2
Fra:1 Mem:102.50M (Peak 102.50M) | Time:00:00.03 | Syncing FoodCrop_4_3
Fra:1 Mem:102.51M (Peak 102.51M) | Time:00:00.03 | Syncing FoodCrop_4_4
Fra:1 Mem:102.52M (Peak 102.52M) | Time:00:00.03 | Syncing FoodCrop_4_5
Fra:1 Mem:102.53M (Peak 102.53M) | Time:00:00.03 | Syncing FoodCrop_4_6
Fra:1 Mem:102.54M (Peak 102.54M) | Time:00:00.03 | Syncing building_grain
Fra:1 Mem:102.57M (Peak 102.57M) | Time:00:00.03 | Syncing food__grain
Fra:1 Mem:102.57M (Peak 102.57M) | Time:00:00.03 | Syncing building_home_B_yellow
Fra:1 Mem:102.75M (Peak 102.75M) | Time:00:00.03 | Syncing food__house_b
Fra:1 Mem:102.76M (Peak 102.76M) | Time:00:00.03 | Syncing sack.001
Fra:1 Mem:102.78M (Peak 102.78M) | Time:00:00.03 | Syncing food__sack
Fra:1 Mem:102.78M (Peak 102.78M) | Time:00:00.03 | Syncing bucket_water
Fra:1 Mem:102.80M (Peak 102.80M) | Time:00:00.03 | Syncing food__bucket_water
Fra:1 Mem:102.81M (Peak 102.81M) | Time:00:00.03 | Syncing fence_wood_straight
Fra:1 Mem:102.84M (Peak 102.84M) | Time:00:00.03 | Syncing food__fence.001
Fra:1 Mem:102.84M (Peak 102.84M) | Time:00:00.03 | Syncing fence_wood_straight.001
Fra:1 Mem:102.88M (Peak 102.88M) | Time:00:00.03 | Syncing food__fence
Fra:1 Mem:102.88M (Peak 102.88M) | Time:00:00.03 | Syncing TimberPath
Fra:1 Mem:102.89M (Peak 102.89M) | Time:00:00.03 | Syncing building_scaffolding
Fra:1 Mem:103.23M (Peak 103.23M) | Time:00:00.03 | Syncing timber__scaffolding
Fra:1 Mem:103.24M (Peak 103.24M) | Time:00:00.03 | Syncing tree_single_A_cut
Fra:1 Mem:103.24M (Peak 103.24M) | Time:00:00.03 | Syncing timber__tree_cut
Fra:1 Mem:103.25M (Peak 103.25M) | Time:00:00.03 | Syncing resource_lumber.001
Fra:1 Mem:103.28M (Peak 103.28M) | Time:00:00.03 | Syncing timber__lumber
Fra:1 Mem:103.29M (Peak 103.29M) | Time:00:00.03 | Syncing resource_lumber.002
Fra:1 Mem:103.35M (Peak 103.35M) | Time:00:00.04 | Syncing timber__lumber.001
Fra:1 Mem:103.36M (Peak 103.36M) | Time:00:00.04 | Syncing pallet
Fra:1 Mem:103.37M (Peak 103.37M) | Time:00:00.04 | Syncing timber__pallet
Fra:1 Mem:103.37M (Peak 103.37M) | Time:00:00.04 | Syncing ladder
Fra:1 Mem:103.39M (Peak 103.39M) | Time:00:00.04 | Syncing timber__ladder
Fra:1 Mem:103.40M (Peak 103.40M) | Time:00:00.04 | Syncing ScoutPath
Fra:1 Mem:103.41M (Peak 103.41M) | Time:00:00.04 | Syncing tent.001
Fra:1 Mem:103.42M (Peak 103.42M) | Time:00:00.04 | Syncing scout__tent
Fra:1 Mem:103.43M (Peak 103.43M) | Time:00:00.04 | Syncing flag_red.001
Fra:1 Mem:103.44M (Peak 103.44M) | Time:00:00.04 | Syncing scout__flag_red
Fra:1 Mem:103.44M (Peak 103.44M) | Time:00:00.04 | Syncing flag_red.002
Fra:1 Mem:103.45M (Peak 103.45M) | Time:00:00.04 | Syncing scout__flag_red.001
Fra:1 Mem:103.46M (Peak 103.46M) | Time:00:00.04 | Syncing target
Fra:1 Mem:103.48M (Peak 103.48M) | Time:00:00.04 | Syncing scout__target
Fra:1 Mem:103.49M (Peak 103.49M) | Time:00:00.04 | Syncing crate_open
Fra:1 Mem:103.53M (Peak 103.53M) | Time:00:00.04 | Syncing scout__crate_open
Fra:1 Mem:103.53M (Peak 103.53M) | Time:00:00.04 | Syncing StorehousePath
Fra:1 Mem:103.54M (Peak 103.54M) | Time:00:00.04 | Syncing building_lumbermill_green
Fra:1 Mem:103.79M (Peak 103.79M) | Time:00:00.04 | Syncing storehouse__storehouse
Fra:1 Mem:103.79M (Peak 103.79M) | Time:00:00.04 | Syncing building_lumbermill_saw_green
Fra:1 Mem:103.84M (Peak 103.84M) | Time:00:00.04 | Syncing building_lumbermill_top_green
Fra:1 Mem:104.02M (Peak 104.02M) | Time:00:00.04 | Syncing building_home_A_red
Fra:1 Mem:108.17M (Peak 112.03M) | Time:00:00.06 | Syncing storehouse__house_c
Fra:1 Mem:108.18M (Peak 112.03M) | Time:00:00.06 | Syncing crate_A_big.001
Fra:1 Mem:108.20M (Peak 112.03M) | Time:00:00.06 | Syncing storehouse__crate_big
Fra:1 Mem:108.21M (Peak 112.03M) | Time:00:00.06 | Syncing crate_A_small.001
Fra:1 Mem:108.23M (Peak 112.03M) | Time:00:00.06 | Syncing storehouse__crate_small
Fra:1 Mem:108.24M (Peak 112.03M) | Time:00:00.06 | Syncing barrel.001
Fra:1 Mem:108.27M (Peak 112.03M) | Time:00:00.06 | Syncing storehouse__barrel
Fra:1 Mem:108.27M (Peak 112.03M) | Time:00:00.06 | Syncing AurelianVillageV4Sun
Fra:1 Mem:108.27M (Peak 112.03M) | Time:00:00.06 | Syncing VillageV4DesktopCamera
Fra:1 Mem:107.68M (Peak 112.03M) | Time:00:00.07 | Rendering 1 / 64 samples
Fra:1 Mem:104.45M (Peak 112.03M) | Time:00:10.85 | Rendering 26 / 64 samples
Fra:1 Mem:104.45M (Peak 112.03M) | Time:00:21.00 | Rendering 51 / 64 samples
Fra:1 Mem:104.45M (Peak 112.03M) | Time:00:26.25 | Rendering 64 / 64 samples
Saved: '/home/runner/work/_temp/pixel-nations-village-v4/render/desktop/stage-06-storehouse.png'
Time: 00:27.04 (Saving: 00:00.34)

Fra:1 Mem:104.06M (Peak 104.06M) | Time:00:00.02 | Syncing AurelianContinuousTerrain
Fra:1 Mem:105.88M (Peak 105.88M) | Time:00:00.02 | Syncing RiverWater
Fra:1 Mem:105.90M (Peak 105.90M) | Time:00:00.02 | Syncing RoadApproach
Fra:1 Mem:105.92M (Peak 105.92M) | Time:00:00.02 | Syncing building_bridge_A
Fra:1 Mem:106.00M (Peak 106.00M) | Time:00:00.02 | Syncing Role_bridge
Fra:1 Mem:106.00M (Peak 106.00M) | Time:00:00.02 | Syncing tree_single_A
Fra:1 Mem:106.01M (Peak 106.01M) | Time:00:00.02 | Syncing Role_tree_a
Fra:1 Mem:106.02M (Peak 106.02M) | Time:00:00.02 | Syncing tree_single_B
Fra:1 Mem:106.05M (Peak 106.05M) | Time:00:00.02 | Syncing Role_tree_b
Fra:1 Mem:106.06M (Peak 106.06M) | Time:00:00.02 | Syncing tree_single_A.001
Fra:1 Mem:106.07M (Peak 106.07M) | Time:00:00.02 | Syncing Role_tree_a.001
Fra:1 Mem:106.07M (Peak 106.07M) | Time:00:00.02 | Syncing tree_single_B.001
Fra:1 Mem:106.10M (Peak 106.10M) | Time:00:00.03 | Syncing Role_tree_b.001
Fra:1 Mem:106.11M (Peak 106.11M) | Time:00:00.03 | Syncing tree_single_A.002
Fra:1 Mem:106.12M (Peak 106.12M) | Time:00:00.03 | Syncing Role_tree_a.002
Fra:1 Mem:106.13M (Peak 106.13M) | Time:00:00.03 | Syncing tree_single_B.002
Fra:1 Mem:106.16M (Peak 106.16M) | Time:00:00.03 | Syncing Role_tree_b.002
Fra:1 Mem:106.16M (Peak 106.16M) | Time:00:00.03 | Syncing tree_single_A.003
Fra:1 Mem:106.17M (Peak 106.17M) | Time:00:00.03 | Syncing Role_tree_a.003
Fra:1 Mem:106.18M (Peak 106.18M) | Time:00:00.03 | Syncing tree_single_B.003
Fra:1 Mem:106.21M (Peak 106.21M) | Time:00:00.03 | Syncing Role_tree_b.003
Fra:1 Mem:106.22M (Peak 106.22M) | Time:00:00.03 | Syncing rock_single_C
Fra:1 Mem:106.23M (Peak 106.23M) | Time:00:00.03 | Syncing Role_rock_c
Fra:1 Mem:106.23M (Peak 106.23M) | Time:00:00.03 | Syncing rock_single_E
Fra:1 Mem:106.25M (Peak 106.25M) | Time:00:00.03 | Syncing Role_rock_e
Fra:1 Mem:106.25M (Peak 106.25M) | Time:00:00.03 | Syncing rock_single_C.001
Fra:1 Mem:106.26M (Peak 106.26M) | Time:00:00.03 | Syncing Role_rock_c.001
Fra:1 Mem:106.27M (Peak 106.27M) | Time:00:00.03 | Syncing rock_single_E.001
Fra:1 Mem:106.28M (Peak 106.28M) | Time:00:00.03 | Syncing Role_rock_e.001
Fra:1 Mem:106.29M (Peak 106.29M) | Time:00:00.03 | Syncing rock_single_C.002
Fra:1 Mem:106.30M (Peak 106.30M) | Time:00:00.03 | Syncing Role_rock_c.002
Fra:1 Mem:106.30M (Peak 106.30M) | Time:00:00.03 | Syncing CampPath
Fra:1 Mem:106.31M (Peak 106.31M) | Time:00:00.03 | Syncing rock_single_C.003
Fra:1 Mem:106.32M (Peak 106.32M) | Time:00:00.03 | Syncing Role_rock_c.003
Fra:1 Mem:106.33M (Peak 106.33M) | Time:00:00.03 | Syncing rock_single_C.004
Fra:1 Mem:106.34M (Peak 106.34M) | Time:00:00.03 | Syncing Role_rock_c.004
Fra:1 Mem:106.34M (Peak 106.34M) | Time:00:00.03 | Syncing rock_single_C.005
Fra:1 Mem:106.35M (Peak 106.35M) | Time:00:00.03 | Syncing Role_rock_c.005
Fra:1 Mem:106.36M (Peak 106.36M) | Time:00:00.03 | Syncing rock_single_C.006
Fra:1 Mem:106.37M (Peak 106.37M) | Time:00:00.03 | Syncing Role_rock_c.006
Fra:1 Mem:106.37M (Peak 106.37M) | Time:00:00.03 | Syncing rock_single_C.007
Fra:1 Mem:106.38M (Peak 106.38M) | Time:00:00.03 | Syncing Role_rock_c.007
Fra:1 Mem:106.39M (Peak 106.39M) | Time:00:00.03 | Syncing rock_single_C.008
Fra:1 Mem:106.40M (Peak 106.40M) | Time:00:00.03 | Syncing Role_rock_c.008
Fra:1 Mem:106.40M (Peak 106.40M) | Time:00:00.03 | Syncing rock_single_C.009
Fra:1 Mem:106.41M (Peak 106.41M) | Time:00:00.03 | Syncing Role_rock_c.009
Fra:1 Mem:106.42M (Peak 106.42M) | Time:00:00.03 | Syncing rock_single_C.010
Fra:1 Mem:106.43M (Peak 106.43M) | Time:00:00.03 | Syncing Role_rock_c.010
Fra:1 Mem:106.43M (Peak 106.43M) | Time:00:00.03 | Syncing CampHearthLog_0
Fra:1 Mem:106.44M (Peak 106.44M) | Time:00:00.03 | Syncing CampHearthLog_1
Fra:1 Mem:106.45M (Peak 106.45M) | Time:00:00.03 | Syncing CampHearthFlame
Fra:1 Mem:106.46M (Peak 106.46M) | Time:00:00.03 | Syncing CampHearthWarmLight
Fra:1 Mem:106.47M (Peak 106.47M) | Time:00:00.03 | Syncing tent
Fra:1 Mem:106.48M (Peak 106.48M) | Time:00:00.03 | Syncing camp__tent
Fra:1 Mem:106.49M (Peak 106.49M) | Time:00:00.03 | Syncing flag_red
Fra:1 Mem:106.50M (Peak 106.50M) | Time:00:00.03 | Syncing camp__flag_red
Fra:1 Mem:106.50M (Peak 106.50M) | Time:00:00.03 | Syncing crate_A_big
Fra:1 Mem:106.52M (Peak 106.52M) | Time:00:00.03 | Syncing camp__crate_big
Fra:1 Mem:106.53M (Peak 106.53M) | Time:00:00.03 | Syncing crate_A_small
Fra:1 Mem:106.55M (Peak 106.55M) | Time:00:00.03 | Syncing camp__crate_small
Fra:1 Mem:106.56M (Peak 106.56M) | Time:00:00.03 | Syncing resource_lumber
Fra:1 Mem:106.59M (Peak 106.59M) | Time:00:00.03 | Syncing camp__lumber
Fra:1 Mem:106.59M (Peak 106.59M) | Time:00:00.03 | Syncing sack
Fra:1 Mem:106.61M (Peak 106.61M) | Time:00:00.03 | Syncing camp__sack
Fra:1 Mem:106.62M (Peak 106.62M) | Time:00:00.03 | Syncing barrel
Fra:1 Mem:106.65M (Peak 106.65M) | Time:00:00.03 | Syncing camp__barrel
Fra:1 Mem:106.66M (Peak 106.66M) | Time:00:00.03 | Syncing wheelbarrow
Fra:1 Mem:106.74M (Peak 106.74M) | Time:00:00.03 | Syncing camp__wheelbarrow
Fra:1 Mem:106.75M (Peak 106.75M) | Time:00:00.03 | Syncing ShelterPath
Fra:1 Mem:106.76M (Peak 106.76M) | Time:00:00.03 | Syncing building_home_A_green
Fra:1 Mem:106.89M (Peak 106.89M) | Time:00:00.03 | Syncing shelter__house_a
Fra:1 Mem:106.89M (Peak 106.89M) | Time:00:00.03 | Syncing FoodPath
Fra:1 Mem:106.90M (Peak 106.90M) | Time:00:00.03 | Syncing FoodFieldSoil
Fra:1 Mem:106.91M (Peak 106.91M) | Time:00:00.03 | Syncing FoodCrop_0_0
Fra:1 Mem:106.92M (Peak 106.92M) | Time:00:00.03 | Syncing FoodCrop_0_1
Fra:1 Mem:106.93M (Peak 106.93M) | Time:00:00.03 | Syncing FoodCrop_0_2
Fra:1 Mem:106.94M (Peak 106.94M) | Time:00:00.03 | Syncing FoodCrop_0_3
Fra:1 Mem:106.95M (Peak 106.95M) | Time:00:00.03 | Syncing FoodCrop_0_4
Fra:1 Mem:106.95M (Peak 106.95M) | Time:00:00.03 | Syncing FoodCrop_0_5
Fra:1 Mem:106.96M (Peak 106.96M) | Time:00:00.03 | Syncing FoodCrop_0_6
Fra:1 Mem:106.97M (Peak 106.97M) | Time:00:00.03 | Syncing FoodCrop_1_0
Fra:1 Mem:106.98M (Peak 106.98M) | Time:00:00.03 | Syncing FoodCrop_1_1
Fra:1 Mem:106.99M (Peak 106.99M) | Time:00:00.03 | Syncing FoodCrop_1_2
Fra:1 Mem:106.99M (Peak 106.99M) | Time:00:00.03 | Syncing FoodCrop_1_3
Fra:1 Mem:107.00M (Peak 107.00M) | Time:00:00.03 | Syncing FoodCrop_1_4
Fra:1 Mem:107.01M (Peak 107.01M) | Time:00:00.03 | Syncing FoodCrop_1_5
Fra:1 Mem:107.02M (Peak 107.02M) | Time:00:00.03 | Syncing FoodCrop_1_6
Fra:1 Mem:107.03M (Peak 107.03M) | Time:00:00.03 | Syncing FoodCrop_2_0
Fra:1 Mem:107.03M (Peak 107.03M) | Time:00:00.03 | Syncing FoodCrop_2_1
Fra:1 Mem:107.04M (Peak 107.04M) | Time:00:00.03 | Syncing FoodCrop_2_2
Fra:1 Mem:107.05M (Peak 107.05M) | Time:00:00.03 | Syncing FoodCrop_2_3
Fra:1 Mem:107.06M (Peak 107.06M) | Time:00:00.03 | Syncing FoodCrop_2_4
Fra:1 Mem:107.07M (Peak 107.07M) | Time:00:00.03 | Syncing FoodCrop_2_5
Fra:1 Mem:107.07M (Peak 107.07M) | Time:00:00.03 | Syncing FoodCrop_2_6
Fra:1 Mem:107.08M (Peak 107.08M) | Time:00:00.03 | Syncing FoodCrop_3_0
Fra:1 Mem:107.09M (Peak 107.09M) | Time:00:00.03 | Syncing FoodCrop_3_1
Fra:1 Mem:107.10M (Peak 107.10M) | Time:00:00.03 | Syncing FoodCrop_3_2
Fra:1 Mem:107.11M (Peak 107.11M) | Time:00:00.03 | Syncing FoodCrop_3_3
Fra:1 Mem:107.12M (Peak 107.12M) | Time:00:00.03 | Syncing FoodCrop_3_4
Fra:1 Mem:107.12M (Peak 107.12M) | Time:00:00.03 | Syncing FoodCrop_3_5
Fra:1 Mem:107.13M (Peak 107.13M) | Time:00:00.03 | Syncing FoodCrop_3_6
Fra:1 Mem:107.14M (Peak 107.14M) | Time:00:00.03 | Syncing FoodCrop_4_0
Fra:1 Mem:107.15M (Peak 107.15M) | Time:00:00.03 | Syncing FoodCrop_4_1
Fra:1 Mem:107.16M (Peak 107.16M) | Time:00:00.03 | Syncing FoodCrop_4_2
Fra:1 Mem:107.16M (Peak 107.16M) | Time:00:00.03 | Syncing FoodCrop_4_3
Fra:1 Mem:107.17M (Peak 107.17M) | Time:00:00.03 | Syncing FoodCrop_4_4
Fra:1 Mem:107.18M (Peak 107.18M) | Time:00:00.03 | Syncing FoodCrop_4_5
Fra:1 Mem:107.19M (Peak 107.19M) | Time:00:00.03 | Syncing FoodCrop_4_6
Fra:1 Mem:107.20M (Peak 107.20M) | Time:00:00.03 | Syncing building_grain
Fra:1 Mem:107.23M (Peak 107.23M) | Time:00:00.03 | Syncing food__grain
Fra:1 Mem:107.23M (Peak 107.23M) | Time:00:00.03 | Syncing building_home_B_yellow
Fra:1 Mem:107.41M (Peak 107.41M) | Time:00:00.03 | Syncing food__house_b
Fra:1 Mem:107.42M (Peak 107.42M) | Time:00:00.03 | Syncing sack.001
Fra:1 Mem:107.44M (Peak 107.44M) | Time:00:00.03 | Syncing food__sack
Fra:1 Mem:107.44M (Peak 107.44M) | Time:00:00.03 | Syncing bucket_water
Fra:1 Mem:107.46M (Peak 107.46M) | Time:00:00.03 | Syncing food__bucket_water
Fra:1 Mem:107.47M (Peak 107.47M) | Time:00:00.03 | Syncing fence_wood_straight
Fra:1 Mem:107.50M (Peak 107.50M) | Time:00:00.03 | Syncing food__fence.001
Fra:1 Mem:107.50M (Peak 107.50M) | Time:00:00.04 | Syncing fence_wood_straight.001
Fra:1 Mem:107.54M (Peak 107.54M) | Time:00:00.04 | Syncing food__fence
Fra:1 Mem:107.54M (Peak 107.54M) | Time:00:00.04 | Syncing TimberPath
Fra:1 Mem:107.55M (Peak 107.55M) | Time:00:00.04 | Syncing building_scaffolding
Fra:1 Mem:107.89M (Peak 107.89M) | Time:00:00.04 | Syncing timber__scaffolding
Fra:1 Mem:107.90M (Peak 107.90M) | Time:00:00.04 | Syncing tree_single_A_cut
Fra:1 Mem:107.90M (Peak 107.90M) | Time:00:00.04 | Syncing timber__tree_cut
Fra:1 Mem:107.91M (Peak 107.91M) | Time:00:00.04 | Syncing resource_lumber.001
Fra:1 Mem:107.94M (Peak 107.94M) | Time:00:00.04 | Syncing timber__lumber
Fra:1 Mem:107.95M (Peak 107.95M) | Time:00:00.04 | Syncing resource_lumber.002
Fra:1 Mem:108.01M (Peak 108.01M) | Time:00:00.04 | Syncing timber__lumber.001
Fra:1 Mem:108.02M (Peak 108.02M) | Time:00:00.04 | Syncing pallet
Fra:1 Mem:108.03M (Peak 108.03M) | Time:00:00.04 | Syncing timber__pallet
Fra:1 Mem:108.03M (Peak 108.03M) | Time:00:00.04 | Syncing ladder
Fra:1 Mem:108.05M (Peak 108.05M) | Time:00:00.04 | Syncing timber__ladder
Fra:1 Mem:108.06M (Peak 108.06M) | Time:00:00.04 | Syncing ScoutPath
Fra:1 Mem:108.07M (Peak 108.07M) | Time:00:00.04 | Syncing tent.001
Fra:1 Mem:108.08M (Peak 108.08M) | Time:00:00.04 | Syncing scout__tent
Fra:1 Mem:108.09M (Peak 108.09M) | Time:00:00.04 | Syncing flag_red.001
Fra:1 Mem:108.10M (Peak 108.10M) | Time:00:00.04 | Syncing scout__flag_red
Fra:1 Mem:108.10M (Peak 108.10M) | Time:00:00.04 | Syncing flag_red.002
Fra:1 Mem:108.11M (Peak 108.11M) | Time:00:00.04 | Syncing scout__flag_red.001
Fra:1 Mem:108.12M (Peak 108.12M) | Time:00:00.04 | Syncing target
Fra:1 Mem:108.14M (Peak 108.14M) | Time:00:00.04 | Syncing scout__target
Fra:1 Mem:108.15M (Peak 108.15M) | Time:00:00.04 | Syncing crate_open
Fra:1 Mem:108.19M (Peak 108.19M) | Time:00:00.04 | Syncing scout__crate_open
Fra:1 Mem:108.19M (Peak 108.19M) | Time:00:00.04 | Syncing StorehousePath
Fra:1 Mem:108.20M (Peak 108.20M) | Time:00:00.04 | Syncing building_lumbermill_green
Fra:1 Mem:108.42M (Peak 108.42M) | Time:00:00.04 | Syncing storehouse__storehouse
Fra:1 Mem:108.43M (Peak 108.43M) | Time:00:00.04 | Syncing building_lumbermill_saw_green
Fra:1 Mem:108.47M (Peak 108.47M) | Time:00:00.04 | Syncing building_lumbermill_top_green
Fra:1 Mem:108.63M (Peak 108.63M) | Time:00:00.04 | Syncing building_home_A_red
Fra:1 Mem:108.76M (Peak 108.76M) | Time:00:00.04 | Syncing storehouse__house_c
Fra:1 Mem:108.76M (Peak 108.76M) | Time:00:00.04 | Syncing crate_A_big.001
Fra:1 Mem:108.78M (Peak 108.78M) | Time:00:00.04 | Syncing storehouse__crate_big
Fra:1 Mem:108.79M (Peak 108.79M) | Time:00:00.04 | Syncing crate_A_small.001
Fra:1 Mem:108.81M (Peak 108.81M) | Time:00:00.04 | Syncing storehouse__crate_small
Fra:1 Mem:108.82M (Peak 108.82M) | Time:00:00.04 | Syncing barrel.001
Fra:1 Mem:108.85M (Peak 108.85M) | Time:00:00.04 | Syncing storehouse__barrel
Fra:1 Mem:108.86M (Peak 108.86M) | Time:00:00.04 | Syncing MarketPath
Fra:1 Mem:108.87M (Peak 108.87M) | Time:00:00.04 | Syncing MarketCivicPlaza
Fra:1 Mem:108.89M (Peak 108.89M) | Time:00:00.04 | Syncing building_market_yellow
Fra:1 Mem:109.34M (Peak 109.34M) | Time:00:00.04 | Syncing market__market
Fra:1 Mem:109.34M (Peak 109.34M) | Time:00:00.04 | Syncing building_well_blue
Fra:1 Mem:113.46M (Peak 117.36M) | Time:00:00.07 | Syncing market__well
Fra:1 Mem:113.47M (Peak 117.36M) | Time:00:00.07 | Syncing building_home_B_blue
Fra:1 Mem:113.67M (Peak 117.36M) | Time:00:00.07 | Syncing market__house_d
Fra:1 Mem:113.67M (Peak 117.36M) | Time:00:00.07 | Syncing crate_open.001
Fra:1 Mem:113.72M (Peak 117.36M) | Time:00:00.07 | Syncing market__crate_open
Fra:1 Mem:113.72M (Peak 117.36M) | Time:00:00.07 | Syncing AurelianVillageV4Sun
Fra:1 Mem:113.72M (Peak 117.36M) | Time:00:00.07 | Syncing VillageV4DesktopCamera
Fra:1 Mem:112.93M (Peak 117.36M) | Time:00:00.07 | Rendering 1 / 64 samples
Fra:1 Mem:109.18M (Peak 117.36M) | Time:00:11.08 | Rendering 26 / 64 samples
Fra:1 Mem:109.18M (Peak 117.36M) | Time:00:21.37 | Rendering 51 / 64 samples
Fra:1 Mem:109.18M (Peak 117.36M) | Time:00:26.71 | Rendering 64 / 64 samples
Saved: '/home/runner/work/_temp/pixel-nations-village-v4/render/desktop/stage-07-market.png'
Time: 00:27.48 (Saving: 00:00.33)

Fra:1 Mem:108.77M (Peak 108.77M) | Time:00:00.02 | Syncing AurelianContinuousTerrain
Fra:1 Mem:110.60M (Peak 110.60M) | Time:00:00.02 | Syncing RiverWater
Fra:1 Mem:110.61M (Peak 110.61M) | Time:00:00.02 | Syncing RoadApproach
Fra:1 Mem:110.63M (Peak 110.63M) | Time:00:00.02 | Syncing building_bridge_A
Fra:1 Mem:110.71M (Peak 110.71M) | Time:00:00.02 | Syncing Role_bridge
Fra:1 Mem:110.71M (Peak 110.71M) | Time:00:00.02 | Syncing tree_single_A
Fra:1 Mem:110.72M (Peak 110.72M) | Time:00:00.02 | Syncing Role_tree_a
Fra:1 Mem:110.73M (Peak 110.73M) | Time:00:00.02 | Syncing tree_single_B
Fra:1 Mem:110.76M (Peak 110.76M) | Time:00:00.02 | Syncing Role_tree_b
Fra:1 Mem:110.77M (Peak 110.77M) | Time:00:00.02 | Syncing tree_single_A.001
Fra:1 Mem:110.78M (Peak 110.78M) | Time:00:00.03 | Syncing Role_tree_a.001
Fra:1 Mem:110.78M (Peak 110.78M) | Time:00:00.03 | Syncing tree_single_B.001
Fra:1 Mem:110.82M (Peak 110.82M) | Time:00:00.03 | Syncing Role_tree_b.001
Fra:1 Mem:110.82M (Peak 110.82M) | Time:00:00.03 | Syncing tree_single_A.002
Fra:1 Mem:110.83M (Peak 110.83M) | Time:00:00.03 | Syncing Role_tree_a.002
Fra:1 Mem:110.84M (Peak 110.84M) | Time:00:00.03 | Syncing tree_single_B.002
Fra:1 Mem:110.87M (Peak 110.87M) | Time:00:00.03 | Syncing Role_tree_b.002
Fra:1 Mem:110.88M (Peak 110.88M) | Time:00:00.03 | Syncing tree_single_A.003
Fra:1 Mem:110.89M (Peak 110.89M) | Time:00:00.03 | Syncing Role_tree_a.003
Fra:1 Mem:110.89M (Peak 110.89M) | Time:00:00.03 | Syncing tree_single_B.003
Fra:1 Mem:110.92M (Peak 110.92M) | Time:00:00.03 | Syncing Role_tree_b.003
Fra:1 Mem:110.93M (Peak 110.93M) | Time:00:00.03 | Syncing rock_single_C
Fra:1 Mem:110.94M (Peak 110.94M) | Time:00:00.03 | Syncing Role_rock_c
Fra:1 Mem:110.94M (Peak 110.94M) | Time:00:00.03 | Syncing rock_single_E
Fra:1 Mem:110.96M (Peak 110.96M) | Time:00:00.03 | Syncing Role_rock_e
Fra:1 Mem:110.96M (Peak 110.96M) | Time:00:00.03 | Syncing rock_single_C.001
Fra:1 Mem:110.97M (Peak 110.97M) | Time:00:00.03 | Syncing Role_rock_c.001
Fra:1 Mem:110.98M (Peak 110.98M) | Time:00:00.03 | Syncing rock_single_E.001
Fra:1 Mem:110.99M (Peak 110.99M) | Time:00:00.03 | Syncing Role_rock_e.001
Fra:1 Mem:111.00M (Peak 111.00M) | Time:00:00.03 | Syncing rock_single_C.002
Fra:1 Mem:111.01M (Peak 111.01M) | Time:00:00.03 | Syncing Role_rock_c.002
Fra:1 Mem:111.01M (Peak 111.01M) | Time:00:00.03 | Syncing CampPath
Fra:1 Mem:111.02M (Peak 111.02M) | Time:00:00.03 | Syncing rock_single_C.003
Fra:1 Mem:111.03M (Peak 111.03M) | Time:00:00.03 | Syncing Role_rock_c.003
Fra:1 Mem:111.04M (Peak 111.04M) | Time:00:00.03 | Syncing rock_single_C.004
Fra:1 Mem:111.05M (Peak 111.05M) | Time:00:00.03 | Syncing Role_rock_c.004
Fra:1 Mem:111.05M (Peak 111.05M) | Time:00:00.03 | Syncing rock_single_C.005
Fra:1 Mem:111.06M (Peak 111.06M) | Time:00:00.03 | Syncing Role_rock_c.005
Fra:1 Mem:111.07M (Peak 111.07M) | Time:00:00.03 | Syncing rock_single_C.006
Fra:1 Mem:111.08M (Peak 111.08M) | Time:00:00.03 | Syncing Role_rock_c.006
Fra:1 Mem:111.08M (Peak 111.08M) | Time:00:00.03 | Syncing rock_single_C.007
Fra:1 Mem:111.09M (Peak 111.09M) | Time:00:00.03 | Syncing Role_rock_c.007
Fra:1 Mem:111.10M (Peak 111.10M) | Time:00:00.03 | Syncing rock_single_C.008
Fra:1 Mem:111.11M (Peak 111.11M) | Time:00:00.03 | Syncing Role_rock_c.008
Fra:1 Mem:111.11M (Peak 111.11M) | Time:00:00.03 | Syncing rock_single_C.009
Fra:1 Mem:111.12M (Peak 111.12M) | Time:00:00.03 | Syncing Role_rock_c.009
Fra:1 Mem:111.13M (Peak 111.13M) | Time:00:00.03 | Syncing rock_single_C.010
Fra:1 Mem:111.14M (Peak 111.14M) | Time:00:00.03 | Syncing Role_rock_c.010
Fra:1 Mem:111.14M (Peak 111.14M) | Time:00:00.03 | Syncing CampHearthLog_0
Fra:1 Mem:111.15M (Peak 111.15M) | Time:00:00.03 | Syncing CampHearthLog_1
Fra:1 Mem:111.16M (Peak 111.16M) | Time:00:00.03 | Syncing CampHearthFlame
Fra:1 Mem:111.17M (Peak 111.17M) | Time:00:00.03 | Syncing CampHearthWarmLight
Fra:1 Mem:111.18M (Peak 111.18M) | Time:00:00.03 | Syncing tent
Fra:1 Mem:111.19M (Peak 111.19M) | Time:00:00.03 | Syncing camp__tent
Fra:1 Mem:111.20M (Peak 111.20M) | Time:00:00.03 | Syncing flag_red
Fra:1 Mem:111.21M (Peak 111.21M) | Time:00:00.03 | Syncing camp__flag_red
Fra:1 Mem:111.21M (Peak 111.21M) | Time:00:00.03 | Syncing crate_A_big
Fra:1 Mem:111.23M (Peak 111.23M) | Time:00:00.03 | Syncing camp__crate_big
Fra:1 Mem:111.24M (Peak 111.24M) | Time:00:00.03 | Syncing crate_A_small
Fra:1 Mem:111.26M (Peak 111.26M) | Time:00:00.03 | Syncing camp__crate_small
Fra:1 Mem:111.27M (Peak 111.27M) | Time:00:00.03 | Syncing resource_lumber
Fra:1 Mem:111.30M (Peak 111.30M) | Time:00:00.03 | Syncing camp__lumber
Fra:1 Mem:111.31M (Peak 111.31M) | Time:00:00.03 | Syncing sack
Fra:1 Mem:111.32M (Peak 111.32M) | Time:00:00.03 | Syncing camp__sack
Fra:1 Mem:111.33M (Peak 111.33M) | Time:00:00.03 | Syncing barrel
Fra:1 Mem:111.36M (Peak 111.36M) | Time:00:00.03 | Syncing camp__barrel
Fra:1 Mem:111.37M (Peak 111.37M) | Time:00:00.03 | Syncing wheelbarrow
Fra:1 Mem:111.45M (Peak 111.45M) | Time:00:00.03 | Syncing camp__wheelbarrow
Fra:1 Mem:111.46M (Peak 111.46M) | Time:00:00.03 | Syncing ShelterPath
Fra:1 Mem:111.47M (Peak 111.47M) | Time:00:00.03 | Syncing building_home_A_green
Fra:1 Mem:111.60M (Peak 111.60M) | Time:00:00.03 | Syncing shelter__house_a
Fra:1 Mem:111.60M (Peak 111.60M) | Time:00:00.03 | Syncing FoodPath
Fra:1 Mem:111.61M (Peak 111.61M) | Time:00:00.03 | Syncing FoodFieldSoil
Fra:1 Mem:111.62M (Peak 111.62M) | Time:00:00.03 | Syncing FoodCrop_0_0
Fra:1 Mem:111.63M (Peak 111.63M) | Time:00:00.03 | Syncing FoodCrop_0_1
Fra:1 Mem:111.64M (Peak 111.64M) | Time:00:00.03 | Syncing FoodCrop_0_2
Fra:1 Mem:111.65M (Peak 111.65M) | Time:00:00.03 | Syncing FoodCrop_0_3
Fra:1 Mem:111.66M (Peak 111.66M) | Time:00:00.03 | Syncing FoodCrop_0_4
Fra:1 Mem:111.67M (Peak 111.67M) | Time:00:00.03 | Syncing FoodCrop_0_5
Fra:1 Mem:111.67M (Peak 111.67M) | Time:00:00.03 | Syncing FoodCrop_0_6
Fra:1 Mem:111.68M (Peak 111.68M) | Time:00:00.03 | Syncing FoodCrop_1_0
Fra:1 Mem:111.69M (Peak 111.69M) | Time:00:00.03 | Syncing FoodCrop_1_1
Fra:1 Mem:111.70M (Peak 111.70M) | Time:00:00.03 | Syncing FoodCrop_1_2
Fra:1 Mem:111.71M (Peak 111.71M) | Time:00:00.03 | Syncing FoodCrop_1_3
Fra:1 Mem:111.71M (Peak 111.71M) | Time:00:00.03 | Syncing FoodCrop_1_4
Fra:1 Mem:111.72M (Peak 111.72M) | Time:00:00.03 | Syncing FoodCrop_1_5
Fra:1 Mem:111.73M (Peak 111.73M) | Time:00:00.03 | Syncing FoodCrop_1_6
Fra:1 Mem:111.74M (Peak 111.74M) | Time:00:00.03 | Syncing FoodCrop_2_0
Fra:1 Mem:111.75M (Peak 111.75M) | Time:00:00.03 | Syncing FoodCrop_2_1
Fra:1 Mem:111.75M (Peak 111.75M) | Time:00:00.03 | Syncing FoodCrop_2_2
Fra:1 Mem:111.76M (Peak 111.76M) | Time:00:00.03 | Syncing FoodCrop_2_3
Fra:1 Mem:111.77M (Peak 111.77M) | Time:00:00.03 | Syncing FoodCrop_2_4
Fra:1 Mem:111.78M (Peak 111.78M) | Time:00:00.03 | Syncing FoodCrop_2_5
Fra:1 Mem:111.79M (Peak 111.79M) | Time:00:00.03 | Syncing FoodCrop_2_6
Fra:1 Mem:111.79M (Peak 111.79M) | Time:00:00.03 | Syncing FoodCrop_3_0
Fra:1 Mem:111.80M (Peak 111.80M) | Time:00:00.03 | Syncing FoodCrop_3_1
Fra:1 Mem:111.81M (Peak 111.81M) | Time:00:00.03 | Syncing FoodCrop_3_2
Fra:1 Mem:111.82M (Peak 111.82M) | Time:00:00.03 | Syncing FoodCrop_3_3
Fra:1 Mem:111.83M (Peak 111.83M) | Time:00:00.03 | Syncing FoodCrop_3_4
Fra:1 Mem:111.84M (Peak 111.84M) | Time:00:00.03 | Syncing FoodCrop_3_5
Fra:1 Mem:111.84M (Peak 111.84M) | Time:00:00.03 | Syncing FoodCrop_3_6
Fra:1 Mem:111.85M (Peak 111.85M) | Time:00:00.03 | Syncing FoodCrop_4_0
Fra:1 Mem:111.86M (Peak 111.86M) | Time:00:00.03 | Syncing FoodCrop_4_1
Fra:1 Mem:111.87M (Peak 111.87M) | Time:00:00.03 | Syncing FoodCrop_4_2
Fra:1 Mem:111.88M (Peak 111.88M) | Time:00:00.03 | Syncing FoodCrop_4_3
Fra:1 Mem:111.88M (Peak 111.88M) | Time:00:00.03 | Syncing FoodCrop_4_4
Fra:1 Mem:111.89M (Peak 111.89M) | Time:00:00.03 | Syncing FoodCrop_4_5
Fra:1 Mem:111.90M (Peak 111.90M) | Time:00:00.03 | Syncing FoodCrop_4_6
Fra:1 Mem:111.91M (Peak 111.91M) | Time:00:00.03 | Syncing building_grain
Fra:1 Mem:111.94M (Peak 111.94M) | Time:00:00.03 | Syncing food__grain
Fra:1 Mem:111.95M (Peak 111.95M) | Time:00:00.03 | Syncing building_home_B_yellow
Fra:1 Mem:112.13M (Peak 112.13M) | Time:00:00.03 | Syncing food__house_b
Fra:1 Mem:112.13M (Peak 112.13M) | Time:00:00.03 | Syncing sack.001
Fra:1 Mem:112.15M (Peak 112.15M) | Time:00:00.03 | Syncing food__sack
Fra:1 Mem:112.15M (Peak 112.15M) | Time:00:00.03 | Syncing bucket_water
Fra:1 Mem:112.17M (Peak 112.17M) | Time:00:00.03 | Syncing food__bucket_water
Fra:1 Mem:112.18M (Peak 112.18M) | Time:00:00.03 | Syncing fence_wood_straight
Fra:1 Mem:112.21M (Peak 112.21M) | Time:00:00.04 | Syncing food__fence.001
Fra:1 Mem:112.22M (Peak 112.22M) | Time:00:00.04 | Syncing fence_wood_straight.001
Fra:1 Mem:112.25M (Peak 112.25M) | Time:00:00.04 | Syncing food__fence
Fra:1 Mem:112.25M (Peak 112.25M) | Time:00:00.04 | Syncing TimberPath
Fra:1 Mem:112.26M (Peak 112.26M) | Time:00:00.04 | Syncing building_scaffolding
Fra:1 Mem:112.60M (Peak 112.60M) | Time:00:00.04 | Syncing timber__scaffolding
Fra:1 Mem:112.61M (Peak 112.61M) | Time:00:00.04 | Syncing tree_single_A_cut
Fra:1 Mem:112.62M (Peak 112.62M) | Time:00:00.04 | Syncing timber__tree_cut
Fra:1 Mem:112.62M (Peak 112.62M) | Time:00:00.04 | Syncing resource_lumber.001
Fra:1 Mem:112.65M (Peak 112.65M) | Time:00:00.04 | Syncing timber__lumber
Fra:1 Mem:112.66M (Peak 112.66M) | Time:00:00.04 | Syncing resource_lumber.002
Fra:1 Mem:112.72M (Peak 112.72M) | Time:00:00.04 | Syncing timber__lumber.001
Fra:1 Mem:112.73M (Peak 112.73M) | Time:00:00.04 | Syncing pallet
Fra:1 Mem:112.74M (Peak 112.74M) | Time:00:00.04 | Syncing timber__pallet
Fra:1 Mem:112.75M (Peak 112.75M) | Time:00:00.04 | Syncing ladder
Fra:1 Mem:112.76M (Peak 112.76M) | Time:00:00.04 | Syncing timber__ladder
Fra:1 Mem:112.77M (Peak 112.77M) | Time:00:00.04 | Syncing ScoutPath
Fra:1 Mem:112.78M (Peak 112.78M) | Time:00:00.04 | Syncing tent.001
Fra:1 Mem:112.79M (Peak 112.79M) | Time:00:00.04 | Syncing scout__tent
Fra:1 Mem:112.80M (Peak 112.80M) | Time:00:00.04 | Syncing flag_red.001
Fra:1 Mem:112.81M (Peak 112.81M) | Time:00:00.04 | Syncing scout__flag_red
Fra:1 Mem:112.81M (Peak 112.81M) | Time:00:00.04 | Syncing flag_red.002
Fra:1 Mem:112.83M (Peak 112.83M) | Time:00:00.04 | Syncing scout__flag_red.001
Fra:1 Mem:112.83M (Peak 112.83M) | Time:00:00.04 | Syncing target
Fra:1 Mem:112.86M (Peak 112.86M) | Time:00:00.04 | Syncing scout__target
Fra:1 Mem:112.86M (Peak 112.86M) | Time:00:00.04 | Syncing crate_open
Fra:1 Mem:112.90M (Peak 112.90M) | Time:00:00.04 | Syncing scout__crate_open
Fra:1 Mem:112.90M (Peak 112.90M) | Time:00:00.04 | Syncing StorehousePath
Fra:1 Mem:112.91M (Peak 112.91M) | Time:00:00.04 | Syncing building_lumbermill_green
Fra:1 Mem:113.13M (Peak 113.13M) | Time:00:00.04 | Syncing storehouse__storehouse
Fra:1 Mem:113.14M (Peak 113.14M) | Time:00:00.04 | Syncing building_lumbermill_saw_green
Fra:1 Mem:113.18M (Peak 113.18M) | Time:00:00.04 | Syncing building_lumbermill_top_green
Fra:1 Mem:113.34M (Peak 113.34M) | Time:00:00.04 | Syncing building_home_A_red
Fra:1 Mem:113.47M (Peak 113.47M) | Time:00:00.04 | Syncing storehouse__house_c
Fra:1 Mem:113.47M (Peak 113.47M) | Time:00:00.04 | Syncing crate_A_big.001
Fra:1 Mem:113.50M (Peak 113.50M) | Time:00:00.04 | Syncing storehouse__crate_big
Fra:1 Mem:113.50M (Peak 113.50M) | Time:00:00.04 | Syncing crate_A_small.001
Fra:1 Mem:113.52M (Peak 113.52M) | Time:00:00.04 | Syncing storehouse__crate_small
Fra:1 Mem:113.53M (Peak 113.53M) | Time:00:00.04 | Syncing barrel.001
Fra:1 Mem:113.56M (Peak 113.56M) | Time:00:00.04 | Syncing storehouse__barrel
Fra:1 Mem:113.57M (Peak 113.57M) | Time:00:00.04 | Syncing MarketPath
Fra:1 Mem:113.58M (Peak 113.58M) | Time:00:00.04 | Syncing MarketCivicPlaza
Fra:1 Mem:113.60M (Peak 113.60M) | Time:00:00.04 | Syncing building_market_yellow
Fra:1 Mem:114.00M (Peak 114.00M) | Time:00:00.04 | Syncing market__market
Fra:1 Mem:114.00M (Peak 114.00M) | Time:00:00.04 | Syncing building_well_blue
Fra:1 Mem:114.10M (Peak 114.10M) | Time:00:00.04 | Syncing market__well
Fra:1 Mem:114.10M (Peak 114.10M) | Time:00:00.04 | Syncing building_home_B_blue
Fra:1 Mem:114.28M (Peak 114.28M) | Time:00:00.04 | Syncing market__house_d
Fra:1 Mem:114.29M (Peak 114.29M) | Time:00:00.04 | Syncing crate_open.001
Fra:1 Mem:114.33M (Peak 114.33M) | Time:00:00.04 | Syncing market__crate_open
Fra:1 Mem:114.33M (Peak 114.33M) | Time:00:00.04 | Syncing WatchPath
Fra:1 Mem:114.34M (Peak 114.34M) | Time:00:00.04 | Syncing building_tower_A_red
Fra:1 Mem:114.56M (Peak 114.56M) | Time:00:00.04 | Syncing watch__tower
Fra:1 Mem:114.57M (Peak 114.57M) | Time:00:00.04 | Syncing building_tower_A_top_red
Fra:1 Mem:114.66M (Peak 114.66M) | Time:00:00.05 | Syncing building_barracks_blue
Fra:1 Mem:115.23M (Peak 115.23M) | Time:00:00.05 | Syncing watch__barracks
Fra:1 Mem:115.24M (Peak 115.24M) | Time:00:00.05 | Syncing fence_wood_straight.002
Fra:1 Mem:115.27M (Peak 115.27M) | Time:00:00.05 | Syncing watch__fence
Fra:1 Mem:115.28M (Peak 115.28M) | Time:00:00.05 | Syncing fence_wood_straight.003
Fra:1 Mem:115.31M (Peak 115.31M) | Time:00:00.05 | Syncing watch__fence.001
Fra:1 Mem:115.31M (Peak 115.31M) | Time:00:00.05 | Syncing AurelianVillageV4Sun
Fra:1 Mem:115.31M (Peak 115.31M) | Time:00:00.05 | Syncing VillageV4DesktopCamera
Fra:1 Mem:114.30M (Peak 115.31M) | Time:00:00.05 | Rendering 1 / 64 samples
Fra:1 Mem:109.94M (Peak 115.31M) | Time:00:11.27 | Rendering 26 / 64 samples
Fra:1 Mem:109.94M (Peak 115.31M) | Time:00:21.75 | Rendering 51 / 64 samples
Fra:1 Mem:109.94M (Peak 115.31M) | Time:00:27.20 | Rendering 64 / 64 samples
Saved: '/home/runner/work/_temp/pixel-nations-village-v4/render/desktop/stage-08-watch.png'
Time: 00:27.98 (Saving: 00:00.33)

Fra:1 Mem:109.36M (Peak 109.36M) | Time:00:00.02 | Syncing AurelianContinuousTerrain
Fra:1 Mem:111.19M (Peak 111.19M) | Time:00:00.02 | Syncing RiverWater
Fra:1 Mem:111.20M (Peak 111.20M) | Time:00:00.02 | Syncing RoadApproach
Fra:1 Mem:111.22M (Peak 111.22M) | Time:00:00.03 | Syncing building_bridge_A
Fra:1 Mem:111.30M (Peak 111.30M) | Time:00:00.03 | Syncing Role_bridge
Fra:1 Mem:111.30M (Peak 111.30M) | Time:00:00.03 | Syncing tree_single_A
Fra:1 Mem:111.31M (Peak 111.31M) | Time:00:00.03 | Syncing Role_tree_a
Fra:1 Mem:111.32M (Peak 111.32M) | Time:00:00.03 | Syncing tree_single_B
Fra:1 Mem:111.35M (Peak 111.35M) | Time:00:00.03 | Syncing Role_tree_b
Fra:1 Mem:111.36M (Peak 111.36M) | Time:00:00.03 | Syncing tree_single_A.001
Fra:1 Mem:111.37M (Peak 111.37M) | Time:00:00.03 | Syncing Role_tree_a.001
Fra:1 Mem:111.37M (Peak 111.37M) | Time:00:00.03 | Syncing tree_single_B.001
Fra:1 Mem:111.41M (Peak 111.41M) | Time:00:00.03 | Syncing Role_tree_b.001
Fra:1 Mem:111.41M (Peak 111.41M) | Time:00:00.03 | Syncing tree_single_A.002
Fra:1 Mem:111.42M (Peak 111.42M) | Time:00:00.03 | Syncing Role_tree_a.002
Fra:1 Mem:111.43M (Peak 111.43M) | Time:00:00.03 | Syncing tree_single_B.002
Fra:1 Mem:111.46M (Peak 111.46M) | Time:00:00.03 | Syncing Role_tree_b.002
Fra:1 Mem:111.47M (Peak 111.47M) | Time:00:00.03 | Syncing tree_single_A.003
Fra:1 Mem:111.48M (Peak 111.48M) | Time:00:00.03 | Syncing Role_tree_a.003
Fra:1 Mem:111.48M (Peak 111.48M) | Time:00:00.03 | Syncing tree_single_B.003
Fra:1 Mem:111.51M (Peak 111.51M) | Time:00:00.03 | Syncing Role_tree_b.003
Fra:1 Mem:111.52M (Peak 111.52M) | Time:00:00.03 | Syncing rock_single_C
Fra:1 Mem:111.53M (Peak 111.53M) | Time:00:00.03 | Syncing Role_rock_c
Fra:1 Mem:111.53M (Peak 111.53M) | Time:00:00.03 | Syncing rock_single_E
Fra:1 Mem:111.55M (Peak 111.55M) | Time:00:00.03 | Syncing Role_rock_e
Fra:1 Mem:111.55M (Peak 111.55M) | Time:00:00.03 | Syncing rock_single_C.001
Fra:1 Mem:111.56M (Peak 111.56M) | Time:00:00.03 | Syncing Role_rock_c.001
Fra:1 Mem:111.57M (Peak 111.57M) | Time:00:00.03 | Syncing rock_single_E.001
Fra:1 Mem:111.58M (Peak 111.58M) | Time:00:00.03 | Syncing Role_rock_e.001
Fra:1 Mem:111.59M (Peak 111.59M) | Time:00:00.03 | Syncing rock_single_C.002
Fra:1 Mem:111.60M (Peak 111.60M) | Time:00:00.03 | Syncing Role_rock_c.002
Fra:1 Mem:111.60M (Peak 111.60M) | Time:00:00.03 | Syncing CampPath
Fra:1 Mem:111.61M (Peak 111.61M) | Time:00:00.03 | Syncing rock_single_C.003
Fra:1 Mem:111.62M (Peak 111.62M) | Time:00:00.03 | Syncing Role_rock_c.003
Fra:1 Mem:111.63M (Peak 111.63M) | Time:00:00.03 | Syncing rock_single_C.004
Fra:1 Mem:111.64M (Peak 111.64M) | Time:00:00.03 | Syncing Role_rock_c.004
Fra:1 Mem:111.64M (Peak 111.64M) | Time:00:00.03 | Syncing rock_single_C.005
Fra:1 Mem:111.65M (Peak 111.65M) | Time:00:00.03 | Syncing Role_rock_c.005
Fra:1 Mem:111.66M (Peak 111.66M) | Time:00:00.03 | Syncing rock_single_C.006
Fra:1 Mem:111.67M (Peak 111.67M) | Time:00:00.03 | Syncing Role_rock_c.006
Fra:1 Mem:111.67M (Peak 111.67M) | Time:00:00.03 | Syncing rock_single_C.007
Fra:1 Mem:111.68M (Peak 111.68M) | Time:00:00.03 | Syncing Role_rock_c.007
Fra:1 Mem:111.69M (Peak 111.69M) | Time:00:00.03 | Syncing rock_single_C.008
Fra:1 Mem:111.70M (Peak 111.70M) | Time:00:00.03 | Syncing Role_rock_c.008
Fra:1 Mem:111.70M (Peak 111.70M) | Time:00:00.03 | Syncing rock_single_C.009
Fra:1 Mem:111.71M (Peak 111.71M) | Time:00:00.03 | Syncing Role_rock_c.009
Fra:1 Mem:111.72M (Peak 111.72M) | Time:00:00.03 | Syncing rock_single_C.010
Fra:1 Mem:111.73M (Peak 111.73M) | Time:00:00.03 | Syncing Role_rock_c.010
Fra:1 Mem:111.73M (Peak 111.73M) | Time:00:00.03 | Syncing CampHearthLog_0
Fra:1 Mem:111.74M (Peak 111.74M) | Time:00:00.03 | Syncing CampHearthLog_1
Fra:1 Mem:111.75M (Peak 111.75M) | Time:00:00.03 | Syncing CampHearthFlame
Fra:1 Mem:111.76M (Peak 111.76M) | Time:00:00.03 | Syncing CampHearthWarmLight
Fra:1 Mem:111.77M (Peak 111.77M) | Time:00:00.03 | Syncing tent
Fra:1 Mem:111.78M (Peak 111.78M) | Time:00:00.03 | Syncing camp__tent
Fra:1 Mem:111.79M (Peak 111.79M) | Time:00:00.03 | Syncing flag_red
Fra:1 Mem:111.80M (Peak 111.80M) | Time:00:00.03 | Syncing camp__flag_red
Fra:1 Mem:111.80M (Peak 111.80M) | Time:00:00.03 | Syncing crate_A_big
Fra:1 Mem:111.83M (Peak 111.83M) | Time:00:00.03 | Syncing camp__crate_big
Fra:1 Mem:111.83M (Peak 111.83M) | Time:00:00.03 | Syncing crate_A_small
Fra:1 Mem:111.85M (Peak 111.85M) | Time:00:00.03 | Syncing camp__crate_small
Fra:1 Mem:111.86M (Peak 111.86M) | Time:00:00.03 | Syncing resource_lumber
Fra:1 Mem:111.89M (Peak 111.89M) | Time:00:00.03 | Syncing camp__lumber
Fra:1 Mem:111.90M (Peak 111.90M) | Time:00:00.03 | Syncing sack
Fra:1 Mem:111.91M (Peak 111.91M) | Time:00:00.03 | Syncing camp__sack
Fra:1 Mem:111.92M (Peak 111.92M) | Time:00:00.03 | Syncing barrel
Fra:1 Mem:111.95M (Peak 111.95M) | Time:00:00.03 | Syncing camp__barrel
Fra:1 Mem:111.96M (Peak 111.96M) | Time:00:00.03 | Syncing wheelbarrow
Fra:1 Mem:112.04M (Peak 112.04M) | Time:00:00.03 | Syncing camp__wheelbarrow
Fra:1 Mem:112.05M (Peak 112.05M) | Time:00:00.03 | Syncing ShelterPath
Fra:1 Mem:112.06M (Peak 112.06M) | Time:00:00.03 | Syncing building_home_A_green
Fra:1 Mem:112.19M (Peak 112.19M) | Time:00:00.03 | Syncing shelter__house_a
Fra:1 Mem:112.20M (Peak 112.20M) | Time:00:00.03 | Syncing FoodPath
Fra:1 Mem:112.20M (Peak 112.20M) | Time:00:00.03 | Syncing FoodFieldSoil
Fra:1 Mem:112.21M (Peak 112.21M) | Time:00:00.03 | Syncing FoodCrop_0_0
Fra:1 Mem:112.22M (Peak 112.22M) | Time:00:00.03 | Syncing FoodCrop_0_1
Fra:1 Mem:112.23M (Peak 112.23M) | Time:00:00.03 | Syncing FoodCrop_0_2
Fra:1 Mem:112.24M (Peak 112.24M) | Time:00:00.03 | Syncing FoodCrop_0_3
Fra:1 Mem:112.25M (Peak 112.25M) | Time:00:00.03 | Syncing FoodCrop_0_4
Fra:1 Mem:112.26M (Peak 112.26M) | Time:00:00.03 | Syncing FoodCrop_0_5
Fra:1 Mem:112.26M (Peak 112.26M) | Time:00:00.03 | Syncing FoodCrop_0_6
Fra:1 Mem:112.27M (Peak 112.27M) | Time:00:00.03 | Syncing FoodCrop_1_0
Fra:1 Mem:112.28M (Peak 112.28M) | Time:00:00.03 | Syncing FoodCrop_1_1
Fra:1 Mem:112.29M (Peak 112.29M) | Time:00:00.03 | Syncing FoodCrop_1_2
Fra:1 Mem:112.30M (Peak 112.30M) | Time:00:00.03 | Syncing FoodCrop_1_3
Fra:1 Mem:112.30M (Peak 112.30M) | Time:00:00.03 | Syncing FoodCrop_1_4
Fra:1 Mem:112.31M (Peak 112.31M) | Time:00:00.03 | Syncing FoodCrop_1_5
Fra:1 Mem:112.32M (Peak 112.32M) | Time:00:00.03 | Syncing FoodCrop_1_6
Fra:1 Mem:112.33M (Peak 112.33M) | Time:00:00.03 | Syncing FoodCrop_2_0
Fra:1 Mem:112.34M (Peak 112.34M) | Time:00:00.03 | Syncing FoodCrop_2_1
Fra:1 Mem:112.34M (Peak 112.34M) | Time:00:00.03 | Syncing FoodCrop_2_2
Fra:1 Mem:112.35M (Peak 112.35M) | Time:00:00.03 | Syncing FoodCrop_2_3
Fra:1 Mem:112.36M (Peak 112.36M) | Time:00:00.03 | Syncing FoodCrop_2_4
Fra:1 Mem:112.37M (Peak 112.37M) | Time:00:00.03 | Syncing FoodCrop_2_5
Fra:1 Mem:112.38M (Peak 112.38M) | Time:00:00.03 | Syncing FoodCrop_2_6
Fra:1 Mem:112.38M (Peak 112.38M) | Time:00:00.03 | Syncing FoodCrop_3_0
Fra:1 Mem:112.39M (Peak 112.39M) | Time:00:00.03 | Syncing FoodCrop_3_1
Fra:1 Mem:112.40M (Peak 112.40M) | Time:00:00.03 | Syncing FoodCrop_3_2
Fra:1 Mem:112.41M (Peak 112.41M) | Time:00:00.03 | Syncing FoodCrop_3_3
Fra:1 Mem:112.42M (Peak 112.42M) | Time:00:00.03 | Syncing FoodCrop_3_4
Fra:1 Mem:112.43M (Peak 112.43M) | Time:00:00.03 | Syncing FoodCrop_3_5
Fra:1 Mem:112.43M (Peak 112.43M) | Time:00:00.03 | Syncing FoodCrop_3_6
Fra:1 Mem:112.44M (Peak 112.44M) | Time:00:00.03 | Syncing FoodCrop_4_0
Fra:1 Mem:112.45M (Peak 112.45M) | Time:00:00.03 | Syncing FoodCrop_4_1
Fra:1 Mem:112.46M (Peak 112.46M) | Time:00:00.03 | Syncing FoodCrop_4_2
Fra:1 Mem:112.47M (Peak 112.47M) | Time:00:00.03 | Syncing FoodCrop_4_3
Fra:1 Mem:112.47M (Peak 112.47M) | Time:00:00.03 | Syncing FoodCrop_4_4
Fra:1 Mem:112.48M (Peak 112.48M) | Time:00:00.03 | Syncing FoodCrop_4_5
Fra:1 Mem:112.49M (Peak 112.49M) | Time:00:00.03 | Syncing FoodCrop_4_6
Fra:1 Mem:112.50M (Peak 112.50M) | Time:00:00.03 | Syncing building_grain
Fra:1 Mem:112.53M (Peak 112.53M) | Time:00:00.04 | Syncing food__grain
Fra:1 Mem:112.54M (Peak 112.54M) | Time:00:00.04 | Syncing building_home_B_yellow
Fra:1 Mem:112.72M (Peak 112.72M) | Time:00:00.04 | Syncing food__house_b
Fra:1 Mem:112.72M (Peak 112.72M) | Time:00:00.04 | Syncing sack.001
Fra:1 Mem:112.74M (Peak 112.74M) | Time:00:00.04 | Syncing food__sack
Fra:1 Mem:112.74M (Peak 112.74M) | Time:00:00.04 | Syncing bucket_water
Fra:1 Mem:112.76M (Peak 112.76M) | Time:00:00.04 | Syncing food__bucket_water
Fra:1 Mem:112.77M (Peak 112.77M) | Time:00:00.04 | Syncing fence_wood_straight
Fra:1 Mem:112.80M (Peak 112.80M) | Time:00:00.04 | Syncing food__fence.001
Fra:1 Mem:112.81M (Peak 112.81M) | Time:00:00.04 | Syncing fence_wood_straight.001
Fra:1 Mem:112.84M (Peak 112.84M) | Time:00:00.04 | Syncing food__fence
Fra:1 Mem:112.84M (Peak 112.84M) | Time:00:00.04 | Syncing TimberPath
Fra:1 Mem:112.85M (Peak 112.85M) | Time:00:00.04 | Syncing building_scaffolding
Fra:1 Mem:113.19M (Peak 113.19M) | Time:00:00.04 | Syncing timber__scaffolding
Fra:1 Mem:113.20M (Peak 113.20M) | Time:00:00.04 | Syncing tree_single_A_cut
Fra:1 Mem:113.21M (Peak 113.21M) | Time:00:00.04 | Syncing timber__tree_cut
Fra:1 Mem:113.21M (Peak 113.21M) | Time:00:00.04 | Syncing resource_lumber.001
Fra:1 Mem:113.24M (Peak 113.24M) | Time:00:00.04 | Syncing timber__lumber
Fra:1 Mem:113.25M (Peak 113.25M) | Time:00:00.04 | Syncing resource_lumber.002
Fra:1 Mem:113.31M (Peak 113.31M) | Time:00:00.04 | Syncing timber__lumber.001
Fra:1 Mem:113.32M (Peak 113.32M) | Time:00:00.04 | Syncing pallet
Fra:1 Mem:113.33M (Peak 113.33M) | Time:00:00.04 | Syncing timber__pallet
Fra:1 Mem:113.34M (Peak 113.34M) | Time:00:00.04 | Syncing ladder
Fra:1 Mem:113.35M (Peak 113.35M) | Time:00:00.04 | Syncing timber__ladder
Fra:1 Mem:113.36M (Peak 113.36M) | Time:00:00.04 | Syncing ScoutPath
Fra:1 Mem:113.37M (Peak 113.37M) | Time:00:00.04 | Syncing tent.001
Fra:1 Mem:113.38M (Peak 113.38M) | Time:00:00.04 | Syncing scout__tent
Fra:1 Mem:113.39M (Peak 113.39M) | Time:00:00.04 | Syncing flag_red.001
Fra:1 Mem:113.40M (Peak 113.40M) | Time:00:00.04 | Syncing scout__flag_red
Fra:1 Mem:113.40M (Peak 113.40M) | Time:00:00.04 | Syncing flag_red.002
Fra:1 Mem:113.42M (Peak 113.42M) | Time:00:00.04 | Syncing scout__flag_red.001
Fra:1 Mem:113.42M (Peak 113.42M) | Time:00:00.04 | Syncing target
Fra:1 Mem:113.45M (Peak 113.45M) | Time:00:00.04 | Syncing scout__target
Fra:1 Mem:113.45M (Peak 113.45M) | Time:00:00.04 | Syncing crate_open
Fra:1 Mem:113.49M (Peak 113.49M) | Time:00:00.04 | Syncing scout__crate_open
Fra:1 Mem:113.49M (Peak 113.49M) | Time:00:00.04 | Syncing StorehousePath
Fra:1 Mem:113.50M (Peak 113.50M) | Time:00:00.04 | Syncing building_lumbermill_green
Fra:1 Mem:113.72M (Peak 113.72M) | Time:00:00.04 | Syncing storehouse__storehouse
Fra:1 Mem:113.73M (Peak 113.73M) | Time:00:00.04 | Syncing building_lumbermill_saw_green
Fra:1 Mem:113.78M (Peak 113.78M) | Time:00:00.04 | Syncing building_lumbermill_top_green
Fra:1 Mem:113.93M (Peak 113.93M) | Time:00:00.04 | Syncing building_home_A_red
Fra:1 Mem:114.06M (Peak 114.06M) | Time:00:00.04 | Syncing storehouse__house_c
Fra:1 Mem:114.06M (Peak 114.06M) | Time:00:00.04 | Syncing crate_A_big.001
Fra:1 Mem:114.09M (Peak 114.09M) | Time:00:00.04 | Syncing storehouse__crate_big
Fra:1 Mem:114.09M (Peak 114.09M) | Time:00:00.04 | Syncing crate_A_small.001
Fra:1 Mem:114.11M (Peak 114.11M) | Time:00:00.04 | Syncing storehouse__crate_small
Fra:1 Mem:114.12M (Peak 114.12M) | Time:00:00.04 | Syncing barrel.001
Fra:1 Mem:114.15M (Peak 114.15M) | Time:00:00.04 | Syncing storehouse__barrel
Fra:1 Mem:114.16M (Peak 114.16M) | Time:00:00.04 | Syncing MarketPath
Fra:1 Mem:114.17M (Peak 114.17M) | Time:00:00.04 | Syncing MarketCivicPlaza
Fra:1 Mem:114.19M (Peak 114.19M) | Time:00:00.04 | Syncing building_market_yellow
Fra:1 Mem:114.59M (Peak 114.59M) | Time:00:00.04 | Syncing market__market
Fra:1 Mem:114.59M (Peak 114.59M) | Time:00:00.04 | Syncing building_well_blue
Fra:1 Mem:114.69M (Peak 114.69M) | Time:00:00.04 | Syncing market__well
Fra:1 Mem:114.69M (Peak 114.69M) | Time:00:00.04 | Syncing building_home_B_blue
Fra:1 Mem:114.87M (Peak 114.87M) | Time:00:00.05 | Syncing market__house_d
Fra:1 Mem:114.88M (Peak 114.88M) | Time:00:00.05 | Syncing crate_open.001
Fra:1 Mem:114.92M (Peak 114.92M) | Time:00:00.05 | Syncing market__crate_open
Fra:1 Mem:114.92M (Peak 114.92M) | Time:00:00.05 | Syncing WatchPath
Fra:1 Mem:114.93M (Peak 114.93M) | Time:00:00.05 | Syncing building_tower_A_red
Fra:1 Mem:115.13M (Peak 115.13M) | Time:00:00.05 | Syncing watch__tower
Fra:1 Mem:115.14M (Peak 115.14M) | Time:00:00.05 | Syncing building_tower_A_top_red
Fra:1 Mem:115.22M (Peak 115.22M) | Time:00:00.05 | Syncing building_barracks_blue
Fra:1 Mem:115.73M (Peak 115.73M) | Time:00:00.05 | Syncing watch__barracks
Fra:1 Mem:115.73M (Peak 115.73M) | Time:00:00.05 | Syncing fence_wood_straight.002
Fra:1 Mem:115.76M (Peak 115.76M) | Time:00:00.05 | Syncing watch__fence
Fra:1 Mem:115.77M (Peak 115.77M) | Time:00:00.05 | Syncing fence_wood_straight.003
Fra:1 Mem:115.80M (Peak 115.80M) | Time:00:00.05 | Syncing watch__fence.001
Fra:1 Mem:115.81M (Peak 115.81M) | Time:00:00.05 | Syncing CouncilPath
Fra:1 Mem:115.82M (Peak 115.82M) | Time:00:00.05 | Syncing building_church_red
Fra:1 Mem:116.05M (Peak 116.05M) | Time:00:00.05 | Syncing council__church
Fra:1 Mem:116.05M (Peak 116.05M) | Time:00:00.05 | Syncing building_stage_C
Fra:1 Mem:116.23M (Peak 116.23M) | Time:00:00.05 | Syncing council__council_stage
Fra:1 Mem:116.23M (Peak 116.23M) | Time:00:00.05 | Syncing building_home_A_yellow
Fra:1 Mem:116.38M (Peak 116.38M) | Time:00:00.05 | Syncing council__house_e
Fra:1 Mem:116.39M (Peak 116.39M) | Time:00:00.05 | Syncing flag_red.003
Fra:1 Mem:116.40M (Peak 116.40M) | Time:00:00.05 | Syncing council__flag_red
Fra:1 Mem:116.40M (Peak 116.40M) | Time:00:00.05 | Syncing AurelianVillageV4Sun
Fra:1 Mem:116.40M (Peak 116.40M) | Time:00:00.05 | Syncing VillageV4DesktopCamera
Fra:1 Mem:115.25M (Peak 116.40M) | Time:00:00.06 | Rendering 1 / 64 samples
Fra:1 Mem:110.54M (Peak 116.40M) | Time:00:11.48 | Rendering 26 / 64 samples
Fra:1 Mem:110.54M (Peak 116.40M) | Time:00:22.14 | Rendering 51 / 64 samples
Fra:1 Mem:110.54M (Peak 116.40M) | Time:00:27.69 | Rendering 64 / 64 samples
Saved: '/home/runner/work/_temp/pixel-nations-village-v4/render/desktop/stage-09-council.png'
Time: 00:28.49 (Saving: 00:00.34)

Data are loaded, start creating Blender stuff
glTF import finished in 0.05s
Data are loaded, start creating Blender stuff
glTF import finished in 0.00s
Data are loaded, start creating Blender stuff
glTF import finished in 0.00s
Data are loaded, start creating Blender stuff
glTF import finished in 0.00s
Data are loaded, start creating Blender stuff
glTF import finished in 0.00s
Data are loaded, start creating Blender stuff
glTF import finished in 0.00s
Data are loaded, start creating Blender stuff
glTF import finished in 0.00s
Data are loaded, start creating Blender stuff
glTF import finished in 0.00s
Data are loaded, start creating Blender stuff
glTF import finished in 0.00s
Data are loaded, start creating Blender stuff
glTF import finished in 0.00s
Data are loaded, start creating Blender stuff
glTF import finished in 0.00s
Data are loaded, start creating Blender stuff
glTF import finished in 0.00s
Data are loaded, start creating Blender stuff
glTF import finished in 0.00s
Data are loaded, start creating Blender stuff
glTF import finished in 0.00s
Data are loaded, start creating Blender stuff
glTF import finished in 0.00s
Data are loaded, start creating Blender stuff
glTF import finished in 0.00s
Data are loaded, start creating Blender stuff
glTF import finished in 0.00s
Data are loaded, start creating Blender stuff
glTF import finished in 0.00s
Data are loaded, start creating Blender stuff
glTF import finished in 0.00s
Data are loaded, start creating Blender stuff
glTF import finished in 0.00s
Data are loaded, start creating Blender stuff
glTF import finished in 0.00s
Data are loaded, start creating Blender stuff
glTF import finished in 0.00s
Data are loaded, start creating Blender stuff
glTF import finished in 0.00s
Data are loaded, start creating Blender stuff
glTF import finished in 0.00s
Data are loaded, start creating Blender stuff
glTF import finished in 0.00s
Data are loaded, start creating Blender stuff
glTF import finished in 0.00s
Data are loaded, start creating Blender stuff
glTF import finished in 0.00s
Data are loaded, start creating Blender stuff
glTF import finished in 0.00s
Data are loaded, start creating Blender stuff
glTF import finished in 0.00s
Data are loaded, start creating Blender stuff
glTF import finished in 0.00s
Data are loaded, start creating Blender stuff
glTF import finished in 0.01s
Data are loaded, start creating Blender stuff
glTF import finished in 0.01s
Data are loaded, start creating Blender stuff
glTF import finished in 0.01s
Data are loaded, start creating Blender stuff
glTF import finished in 0.00s
Data are loaded, start creating Blender stuff
glTF import finished in 0.00s
Data are loaded, start creating Blender stuff
glTF import finished in 0.00s
Data are loaded, start creating Blender stuff
glTF import finished in 0.00s
Data are loaded, start creating Blender stuff
glTF import finished in 0.01s
Data are loaded, start creating Blender stuff
glTF import finished in 0.00s
Data are loaded, start creating Blender stuff
glTF import finished in 0.00s
Data are loaded, start creating Blender stuff
glTF import finished in 0.00s
Data are loaded, start creating Blender stuff
glTF import finished in 0.00s
Data are loaded, start creating Blender stuff
glTF import finished in 0.00s
Data are loaded, start creating Blender stuff
glTF import finished in 0.00s
Data are loaded, start creating Blender stuff
glTF import finished in 0.00s
Data are loaded, start creating Blender stuff
glTF import finished in 0.00s
Data are loaded, start creating Blender stuff
glTF import finished in 0.01s
Data are loaded, start creating Blender stuff
glTF import finished in 0.01s
Data are loaded, start creating Blender stuff
glTF import finished in 0.01s
Data are loaded, start creating Blender stuff
glTF import finished in 0.01s
Data are loaded, start creating Blender stuff
glTF import finished in 0.01s
Data are loaded, start creating Blender stuff
glTF import finished in 0.01s
Data are loaded, start creating Blender stuff
glTF import finished in 0.01s
Data are loaded, start creating Blender stuff
glTF import finished in 0.01s
Data are loaded, start creating Blender stuff
glTF import finished in 0.01s
Data are loaded, start creating Blender stuff
glTF import finished in 0.01s
Data are loaded, start creating Blender stuff
glTF import finished in 0.01s
Data are loaded, start creating Blender stuff
glTF import finished in 0.01s
Data are loaded, start creating Blender stuff
glTF import finished in 0.02s
Data are loaded, start creating Blender stuff
glTF import finished in 0.01s
Data are loaded, start creating Blender stuff
glTF import finished in 0.01s
Data are loaded, start creating Blender stuff
glTF import finished in 0.01s
Data are loaded, start creating Blender stuff
glTF import finished in 0.01s
Data are loaded, start creating Blender stuff
glTF import finished in 0.01s
Data are loaded, start creating Blender stuff
glTF import finished in 0.01s
VILLAGE_V4_STAGE_RENDERED=desktop:camp:/home/runner/work/_temp/pixel-nations-village-v4/render/desktop/stage-01-camp.png
VILLAGE_V4_STAGE_RENDERED=desktop:shelter:/home/runner/work/_temp/pixel-nations-village-v4/render/desktop/stage-02-shelter.png
VILLAGE_V4_STAGE_RENDERED=desktop:food:/home/runner/work/_temp/pixel-nations-village-v4/render/desktop/stage-03-food.png
VILLAGE_V4_STAGE_RENDERED=desktop:timber:/home/runner/work/_temp/pixel-nations-village-v4/render/desktop/stage-04-timber.png
VILLAGE_V4_STAGE_RENDERED=desktop:scout:/home/runner/work/_temp/pixel-nations-village-v4/render/desktop/stage-05-scout.png
VILLAGE_V4_STAGE_RENDERED=desktop:storehouse:/home/runner/work/_temp/pixel-nations-village-v4/render/desktop/stage-06-storehouse.png
VILLAGE_V4_STAGE_RENDERED=desktop:market:/home/runner/work/_temp/pixel-nations-village-v4/render/desktop/stage-07-market.png
VILLAGE_V4_STAGE_RENDERED=desktop:watch:/home/runner/work/_temp/pixel-nations-village-v4/render/desktop/stage-08-watch.png
VILLAGE_V4_STAGE_RENDERED=desktop:council:/home/runner/work/_temp/pixel-nations-village-v4/render/desktop/stage-09-council.png
Data are loaded, start creating Blender stuff
glTF import finished in 0.00s
Data are loaded, start creating Blender stuff
glTF import finished in 0.00s
Data are loaded, start creating Blender stuff
glTF import finished in 0.00s
Data are loaded, start creating Blender stuff
glTF import finished in 0.00s
Data are loaded, start creating Blender stuff
glTF import finished in 0.00s
Data are loaded, start creating Blender stuff
glTF import finished in 0.00s
Data are loaded, start creating Blender stuff
glTF import finished in 0.00s
Data are loaded, start creating Blender stuff
glTF import finished in 0.00s
Data are loaded, start creating Blender stuff
glTF import finished in 0.00s
Data are loaded, start creating Blender stuff
glTF import finished in 0.00s
Data are loaded, start creating Blender stuff
glTF import finished in 0.00s
Data are loaded, start creating Blender stuff
glTF import finished in 0.00s
Data are loaded, start creating Blender stuff
glTF import finished in 0.00s
Data are loaded, start creating Blender stuff
glTF import finished in 0.00s
Data are loaded, start creating Blender stuff
glTF import finished in 0.00s
Data are loaded, start creating Blender stuff
glTF import finished in 0.00s
Data are loaded, start creating Blender stuff
glTF import finished in 0.00s
Data are loaded, start creating Blender stuff
glTF import finished in 0.00s
Data are loaded, start creating Blender stuff
glTF import finished in 0.00s
Data are loaded, start creating Blender stuff
glTF import finished in 0.00s
Data are loaded, start creating Blender stuff
glTF import finished in 0.00s
Data are loaded, start creating Blender stuff
glTF import finished in 0.00s
Data are loaded, start creating Blender stuff
glTF import finished in 0.00s
Data are loaded, start creating Blender stuff
glTF import finished in 0.00s
Data are loaded, start creating Blender stuff
glTF import finished in 0.00s
Data are loaded, start creating Blender stuff
glTF import finished in 0.00s
Data are loaded, start creating Blender stuff
glTF import finished in 0.00s
Data are loaded, start creating Blender stuff
glTF import finished in 0.00sFra:1 Mem:53.01M (Peak 53.01M) | Time:00:00.01 | Syncing AurelianContinuousTerrain
Fra:1 Mem:55.21M (Peak 55.21M) | Time:00:00.01 | Syncing RiverWater
Fra:1 Mem:55.23M (Peak 55.23M) | Time:00:00.01 | Syncing RoadApproach
Fra:1 Mem:55.25M (Peak 55.25M) | Time:00:00.01 | Syncing building_bridge_A
Fra:1 Mem:59.35M (Peak 63.26M) | Time:00:00.03 | Syncing Role_bridge
Fra:1 Mem:59.35M (Peak 63.26M) | Time:00:00.03 | Syncing tree_single_A
Fra:1 Mem:63.37M (Peak 67.36M) | Time:00:00.05 | Syncing Role_tree_a
Fra:1 Mem:63.38M (Peak 67.36M) | Time:00:00.05 | Syncing tree_single_B
Fra:1 Mem:63.42M (Peak 67.36M) | Time:00:00.05 | Syncing Role_tree_b
Fra:1 Mem:63.42M (Peak 67.36M) | Time:00:00.05 | Syncing tree_single_A.001
Fra:1 Mem:63.43M (Peak 67.36M) | Time:00:00.06 | Syncing Role_tree_a.001
Fra:1 Mem:63.44M (Peak 67.36M) | Time:00:00.06 | Syncing tree_single_B.001
Fra:1 Mem:63.47M (Peak 67.36M) | Time:00:00.06 | Syncing Role_tree_b.001
Fra:1 Mem:63.48M (Peak 67.36M) | Time:00:00.06 | Syncing tree_single_A.002
Fra:1 Mem:63.49M (Peak 67.36M) | Time:00:00.06 | Syncing Role_tree_a.002
Fra:1 Mem:63.50M (Peak 67.36M) | Time:00:00.06 | Syncing tree_single_B.002
Fra:1 Mem:63.53M (Peak 67.36M) | Time:00:00.06 | Syncing Role_tree_b.002
Fra:1 Mem:63.54M (Peak 67.36M) | Time:00:00.06 | Syncing tree_single_A.003
Fra:1 Mem:63.55M (Peak 67.36M) | Time:00:00.06 | Syncing Role_tree_a.003
Fra:1 Mem:63.55M (Peak 67.36M) | Time:00:00.06 | Syncing rock_single_C
Fra:1 Mem:63.56M (Peak 67.36M) | Time:00:00.06 | Syncing Role_rock_c
Fra:1 Mem:63.57M (Peak 67.36M) | Time:00:00.06 | Syncing rock_single_E
Fra:1 Mem:63.58M (Peak 67.36M) | Time:00:00.06 | Syncing Role_rock_e
Fra:1 Mem:63.59M (Peak 67.36M) | Time:00:00.06 | Syncing rock_single_C.001
Fra:1 Mem:63.60M (Peak 67.36M) | Time:00:00.06 | Syncing Role_rock_c.001
Fra:1 Mem:63.60M (Peak 67.36M) | Time:00:00.06 | Syncing rock_single_E.001
Fra:1 Mem:63.62M (Peak 67.36M) | Time:00:00.06 | Syncing Role_rock_e.001
Fra:1 Mem:63.62M (Peak 67.36M) | Time:00:00.06 | Syncing rock_single_C.002
Fra:1 Mem:63.64M (Peak 67.36M) | Time:00:00.06 | Syncing Role_rock_c.002
Fra:1 Mem:63.64M (Peak 67.36M) | Time:00:00.06 | Syncing AurelianVillageV4Sun
Fra:1 Mem:63.64M (Peak 67.36M) | Time:00:00.06 | Syncing VillageV4PortraitCamera
Fra:1 Mem:63.57M (Peak 67.36M) | Time:00:00.06 | Rendering 1 / 64 samples
Fra:1 Mem:61.77M (Peak 67.36M) | Time:00:07.29 | Rendering 26 / 64 samples
Fra:1 Mem:61.77M (Peak 67.36M) | Time:00:12.25 | Rendering 51 / 64 samples
Fra:1 Mem:61.77M (Peak 67.36M) | Time:00:14.81 | Rendering 64 / 64 samples
Saved: '/home/runner/work/_temp/pixel-nations-village-v4/render/portrait/base.png'
Time: 00:15.19 (Saving: 00:00.16)

Fra:1 Mem:63.15M (Peak 63.15M) | Time:00:00.01 | Syncing AurelianContinuousTerrain
Fra:1 Mem:64.86M (Peak 64.86M) | Time:00:00.01 | Syncing RiverWater
Fra:1 Mem:64.87M (Peak 64.87M) | Time:00:00.01 | Syncing RoadApproach
Fra:1 Mem:64.89M (Peak 64.89M) | Time:00:00.01 | Syncing building_bridge_A
Fra:1 Mem:64.97M (Peak 64.97M) | Time:00:00.01 | Syncing Role_bridge
Fra:1 Mem:64.97M (Peak 64.97M) | Time:00:00.01 | Syncing tree_single_A
Fra:1 Mem:64.98M (Peak 64.98M) | Time:00:00.01 | Syncing Role_tree_a
Fra:1 Mem:64.99M (Peak 64.99M) | Time:00:00.01 | Syncing tree_single_B
Fra:1 Mem:65.02M (Peak 65.02M) | Time:00:00.01 | Syncing Role_tree_b
Fra:1 Mem:65.03M (Peak 65.03M) | Time:00:00.01 | Syncing tree_single_A.001
Fra:1 Mem:65.04M (Peak 65.04M) | Time:00:00.01 | Syncing Role_tree_a.001
Fra:1 Mem:65.04M (Peak 65.04M) | Time:00:00.01 | Syncing tree_single_B.001
Fra:1 Mem:65.08M (Peak 65.08M) | Time:00:00.01 | Syncing Role_tree_b.001
Fra:1 Mem:65.08M (Peak 65.08M) | Time:00:00.01 | Syncing tree_single_A.002
Fra:1 Mem:65.09M (Peak 65.09M) | Time:00:00.01 | Syncing Role_tree_a.002
Fra:1 Mem:65.10M (Peak 65.10M) | Time:00:00.01 | Syncing tree_single_B.002
Fra:1 Mem:65.13M (Peak 65.13M) | Time:00:00.01 | Syncing Role_tree_b.002
Fra:1 Mem:65.13M (Peak 65.13M) | Time:00:00.01 | Syncing tree_single_A.003
Fra:1 Mem:65.15M (Peak 65.15M) | Time:00:00.01 | Syncing Role_tree_a.003
Fra:1 Mem:65.15M (Peak 65.15M) | Time:00:00.01 | Syncing rock_single_C
Fra:1 Mem:65.16M (Peak 65.16M) | Time:00:00.02 | Syncing Role_rock_c
Fra:1 Mem:65.17M (Peak 65.17M) | Time:00:00.02 | Syncing rock_single_E
Fra:1 Mem:65.18M (Peak 65.18M) | Time:00:00.02 | Syncing Role_rock_e
Fra:1 Mem:65.18M (Peak 65.18M) | Time:00:00.02 | Syncing rock_single_C.001
Fra:1 Mem:65.19M (Peak 65.19M) | Time:00:00.02 | Syncing Role_rock_c.001
Fra:1 Mem:65.20M (Peak 65.20M) | Time:00:00.02 | Syncing rock_single_E.001
Fra:1 Mem:65.21M (Peak 65.21M) | Time:00:00.02 | Syncing Role_rock_e.001
Fra:1 Mem:65.22M (Peak 65.22M) | Time:00:00.02 | Syncing rock_single_C.002
Fra:1 Mem:65.23M (Peak 65.23M) | Time:00:00.02 | Syncing Role_rock_c.002
Fra:1 Mem:65.23M (Peak 65.23M) | Time:00:00.02 | Syncing CampPath
Fra:1 Mem:65.25M (Peak 65.25M) | Time:00:00.02 | Syncing rock_single_C.003
Fra:1 Mem:65.26M (Peak 65.26M) | Time:00:00.02 | Syncing Role_rock_c.003
Fra:1 Mem:65.26M (Peak 65.26M) | Time:00:00.02 | Syncing rock_single_C.004
Fra:1 Mem:65.27M (Peak 65.27M) | Time:00:00.02 | Syncing Role_rock_c.004
Fra:1 Mem:65.28M (Peak 65.28M) | Time:00:00.02 | Syncing rock_single_C.005
Fra:1 Mem:65.29M (Peak 65.29M) | Time:00:00.02 | Syncing Role_rock_c.005
Fra:1 Mem:65.29M (Peak 65.29M) | Time:00:00.02 | Syncing rock_single_C.006
Fra:1 Mem:65.30M (Peak 65.30M) | Time:00:00.02 | Syncing Role_rock_c.006
Fra:1 Mem:65.31M (Peak 65.31M) | Time:00:00.02 | Syncing rock_single_C.007
Fra:1 Mem:65.32M (Peak 65.32M) | Time:00:00.02 | Syncing Role_rock_c.007
Fra:1 Mem:65.32M (Peak 65.32M) | Time:00:00.02 | Syncing rock_single_C.008
Fra:1 Mem:65.33M (Peak 65.33M) | Time:00:00.02 | Syncing Role_rock_c.008
Fra:1 Mem:65.34M (Peak 65.34M) | Time:00:00.02 | Syncing rock_single_C.009
Fra:1 Mem:65.35M (Peak 65.35M) | Time:00:00.02 | Syncing Role_rock_c.009
Fra:1 Mem:65.36M (Peak 65.36M) | Time:00:00.02 | Syncing rock_single_C.010
Fra:1 Mem:65.37M (Peak 65.37M) | Time:00:00.02 | Syncing Role_rock_c.010
Fra:1 Mem:65.37M (Peak 65.37M) | Time:00:00.02 | Syncing CampHearthLog_0
Fra:1 Mem:65.38M (Peak 65.38M) | Time:00:00.02 | Syncing CampHearthLog_1
Fra:1 Mem:65.39M (Peak 65.39M) | Time:00:00.02 | Syncing CampHearthFlame
Fra:1 Mem:65.40M (Peak 65.40M) | Time:00:00.02 | Syncing CampHearthWarmLight
Fra:1 Mem:65.41M (Peak 65.41M) | Time:00:00.02 | Syncing tent
Fra:1 Mem:69.43M (Peak 73.42M) | Time:00:00.04 | Syncing camp__tent
Fra:1 Mem:69.44M (Peak 73.42M) | Time:00:00.04 | Syncing flag_red
Fra:1 Mem:69.45M (Peak 73.42M) | Time:00:00.04 | Syncing camp__flag_red
Fra:1 Mem:69.46M (Peak 73.42M) | Time:00:00.04 | Syncing crate_A_big
Fra:1 Mem:69.48M (Peak 73.42M) | Time:00:00.04 | Syncing camp__crate_big
Fra:1 Mem:69.48M (Peak 73.42M) | Time:00:00.04 | Syncing crate_A_small
Fra:1 Mem:69.51M (Peak 73.42M) | Time:00:00.04 | Syncing camp__crate_small
Fra:1 Mem:69.51M (Peak 73.42M) | Time:00:00.04 | Syncing resource_lumber
Fra:1 Mem:69.55M (Peak 73.42M) | Time:00:00.04 | Syncing camp__lumber
Fra:1 Mem:69.56M (Peak 73.42M) | Time:00:00.04 | Syncing sack
Fra:1 Mem:69.57M (Peak 73.42M) | Time:00:00.04 | Syncing camp__sack
Fra:1 Mem:69.58M (Peak 73.42M) | Time:00:00.04 | Syncing barrel
Fra:1 Mem:69.62M (Peak 73.42M) | Time:00:00.04 | Syncing camp__barrel
Fra:1 Mem:69.62M (Peak 73.42M) | Time:00:00.04 | Syncing wheelbarrow
Fra:1 Mem:69.68M (Peak 73.42M) | Time:00:00.04 | Syncing camp__wheelbarrow
Fra:1 Mem:69.68M (Peak 73.42M) | Time:00:00.04 | Syncing AurelianVillageV4Sun
Fra:1 Mem:69.68M (Peak 73.42M) | Time:00:00.04 | Syncing VillageV4PortraitCamera
Fra:1 Mem:69.55M (Peak 73.42M) | Time:00:00.04 | Rendering 1 / 64 samples
Fra:1 Mem:67.61M (Peak 73.42M) | Time:00:06.23 | Rendering 26 / 64 samples
Fra:1 Mem:67.61M (Peak 73.42M) | Time:00:11.66 | Rendering 51 / 64 samples
Fra:1 Mem:67.61M (Peak 73.42M) | Time:00:14.50 | Rendering 64 / 64 samples
Saved: '/home/runner/work/_temp/pixel-nations-village-v4/render/portrait/stage-01-camp.png'
Time: 00:14.89 (Saving: 00:00.16)

Fra:1 Mem:67.36M (Peak 67.36M) | Time:00:00.01 | Syncing AurelianContinuousTerrain
Fra:1 Mem:69.06M (Peak 69.06M) | Time:00:00.01 | Syncing RiverWater
Fra:1 Mem:69.08M (Peak 69.08M) | Time:00:00.01 | Syncing RoadApproach
Fra:1 Mem:69.09M (Peak 69.09M) | Time:00:00.01 | Syncing building_bridge_A
Fra:1 Mem:69.17M (Peak 69.17M) | Time:00:00.01 | Syncing Role_bridge
Fra:1 Mem:69.18M (Peak 69.18M) | Time:00:00.01 | Syncing tree_single_A
Fra:1 Mem:69.19M (Peak 69.19M) | Time:00:00.01 | Syncing Role_tree_a
Fra:1 Mem:69.19M (Peak 69.19M) | Time:00:00.01 | Syncing tree_single_B
Fra:1 Mem:69.23M (Peak 69.23M) | Time:00:00.01 | Syncing Role_tree_b
Fra:1 Mem:69.23M (Peak 69.23M) | Time:00:00.01 | Syncing tree_single_A.001
Fra:1 Mem:69.24M (Peak 69.24M) | Time:00:00.01 | Syncing Role_tree_a.001
Fra:1 Mem:69.25M (Peak 69.25M) | Time:00:00.01 | Syncing tree_single_B.001
Fra:1 Mem:69.28M (Peak 69.28M) | Time:00:00.01 | Syncing Role_tree_b.001
Fra:1 Mem:69.28M (Peak 69.28M) | Time:00:00.01 | Syncing tree_single_A.002
Fra:1 Mem:69.30M (Peak 69.30M) | Time:00:00.01 | Syncing Role_tree_a.002
Fra:1 Mem:69.30M (Peak 69.30M) | Time:00:00.01 | Syncing tree_single_B.002
Fra:1 Mem:69.33M (Peak 69.33M) | Time:00:00.01 | Syncing Role_tree_b.002
Fra:1 Mem:69.34M (Peak 69.34M) | Time:00:00.01 | Syncing tree_single_A.003
Fra:1 Mem:69.35M (Peak 69.35M) | Time:00:00.01 | Syncing Role_tree_a.003
Fra:1 Mem:69.35M (Peak 69.35M) | Time:00:00.01 | Syncing rock_single_C
Fra:1 Mem:69.36M (Peak 69.36M) | Time:00:00.01 | Syncing Role_rock_c
Fra:1 Mem:69.37M (Peak 69.37M) | Time:00:00.01 | Syncing rock_single_E
Fra:1 Mem:69.38M (Peak 69.38M) | Time:00:00.01 | Syncing Role_rock_e
Fra:1 Mem:69.39M (Peak 69.39M) | Time:00:00.01 | Syncing rock_single_C.001
Fra:1 Mem:69.40M (Peak 69.40M) | Time:00:00.01 | Syncing Role_rock_c.001
Fra:1 Mem:69.40M (Peak 69.40M) | Time:00:00.01 | Syncing rock_single_E.001
Fra:1 Mem:69.42M (Peak 69.42M) | Time:00:00.02 | Syncing Role_rock_e.001
Fra:1 Mem:69.42M (Peak 69.42M) | Time:00:00.02 | Syncing rock_single_C.002
Fra:1 Mem:69.43M (Peak 69.43M) | Time:00:00.02 | Syncing Role_rock_c.002
Fra:1 Mem:69.44M (Peak 69.44M) | Time:00:00.02 | Syncing CampPath
Fra:1 Mem:69.45M (Peak 69.45M) | Time:00:00.02 | Syncing rock_single_C.003
Fra:1 Mem:69.46M (Peak 69.46M) | Time:00:00.02 | Syncing Role_rock_c.003
Fra:1 Mem:69.46M (Peak 69.46M) | Time:00:00.02 | Syncing rock_single_C.004
Fra:1 Mem:69.47M (Peak 69.47M) | Time:00:00.02 | Syncing Role_rock_c.004
Fra:1 Mem:69.48M (Peak 69.48M) | Time:00:00.02 | Syncing rock_single_C.005
Fra:1 Mem:69.49M (Peak 69.49M) | Time:00:00.02 | Syncing Role_rock_c.005
Fra:1 Mem:69.49M (Peak 69.49M) | Time:00:00.02 | Syncing rock_single_C.006
Fra:1 Mem:69.50M (Peak 69.50M) | Time:00:00.02 | Syncing Role_rock_c.006
Fra:1 Mem:69.51M (Peak 69.51M) | Time:00:00.02 | Syncing rock_single_C.007
Fra:1 Mem:69.52M (Peak 69.52M) | Time:00:00.02 | Syncing Role_rock_c.007
Fra:1 Mem:69.52M (Peak 69.52M) | Time:00:00.02 | Syncing rock_single_C.008
Fra:1 Mem:69.53M (Peak 69.53M) | Time:00:00.02 | Syncing Role_rock_c.008
Fra:1 Mem:69.54M (Peak 69.54M) | Time:00:00.02 | Syncing rock_single_C.009
Fra:1 Mem:69.55M (Peak 69.55M) | Time:00:00.02 | Syncing Role_rock_c.009
Fra:1 Mem:69.55M (Peak 69.55M) | Time:00:00.02 | Syncing rock_single_C.010
Fra:1 Mem:69.56M (Peak 69.56M) | Time:00:00.02 | Syncing Role_rock_c.010
Fra:1 Mem:69.57M (Peak 69.57M) | Time:00:00.02 | Syncing CampHearthLog_0
Fra:1 Mem:69.58M (Peak 69.58M) | Time:00:00.02 | Syncing CampHearthLog_1
Fra:1 Mem:69.59M (Peak 69.59M) | Time:00:00.02 | Syncing CampHearthFlame
Fra:1 Mem:69.60M (Peak 69.60M) | Time:00:00.02 | Syncing CampHearthWarmLight
Fra:1 Mem:69.60M (Peak 69.60M) | Time:00:00.02 | Syncing tent
Fra:1 Mem:69.62M (Peak 69.62M) | Time:00:00.02 | Syncing camp__tent
Fra:1 Mem:69.62M (Peak 69.62M) | Time:00:00.02 | Syncing flag_red
Fra:1 Mem:69.63M (Peak 69.63M) | Time:00:00.02 | Syncing camp__flag_red
Fra:1 Mem:69.64M (Peak 69.64M) | Time:00:00.02 | Syncing crate_A_big
Fra:1 Mem:69.66M (Peak 69.66M) | Time:00:00.02 | Syncing camp__crate_big
Fra:1 Mem:69.67M (Peak 69.67M) | Time:00:00.02 | Syncing crate_A_small
Fra:1 Mem:69.69M (Peak 69.69M) | Time:00:00.02 | Syncing camp__crate_small
Fra:1 Mem:69.69M (Peak 69.69M) | Time:00:00.02 | Syncing resource_lumber
Fra:1 Mem:69.73M (Peak 69.73M) | Time:00:00.02 | Syncing camp__lumber
Fra:1 Mem:69.73M (Peak 69.73M) | Time:00:00.02 | Syncing sack
Fra:1 Mem:69.75M (Peak 69.75M) | Time:00:00.02 | Syncing camp__sack
Fra:1 Mem:69.75M (Peak 69.75M) | Time:00:00.02 | Syncing barrel
Fra:1 Mem:69.79M (Peak 69.79M) | Time:00:00.02 | Syncing camp__barrel
Fra:1 Mem:69.79M (Peak 69.79M) | Time:00:00.02 | Syncing wheelbarrow
Fra:1 Mem:69.85M (Peak 69.85M) | Time:00:00.02 | Syncing camp__wheelbarrow
Fra:1 Mem:69.85M (Peak 69.85M) | Time:00:00.02 | Syncing ShelterPath
Fra:1 Mem:69.86M (Peak 69.86M) | Time:00:00.02 | Syncing building_home_A_green
Fra:1 Mem:74.05M (Peak 77.91M) | Time:00:00.04 | Syncing shelter__house_a
Fra:1 Mem:74.05M (Peak 77.91M) | Time:00:00.04 | Syncing AurelianVillageV4Sun
Fra:1 Mem:74.05M (Peak 77.91M) | Time:00:00.04 | Syncing VillageV4PortraitCamera
Fra:1 Mem:73.88M (Peak 77.91M) | Time:00:00.05 | Rendering 1 / 64 samples
Fra:1 Mem:71.82M (Peak 77.91M) | Time:00:06.28 | Rendering 26 / 64 samples
Fra:1 Mem:71.82M (Peak 77.91M) | Time:00:11.79 | Rendering 51 / 64 samples
Fra:1 Mem:71.82M (Peak 77.91M) | Time:00:14.65 | Rendering 64 / 64 samples
Saved: '/home/runner/work/_temp/pixel-nations-village-v4/render/portrait/stage-02-shelter.png'
Time: 00:15.05 (Saving: 00:00.16)

Fra:1 Mem:73.15M (Peak 73.15M) | Time:00:00.01 | Syncing AurelianContinuousTerrain
Fra:1 Mem:74.85M (Peak 74.85M) | Time:00:00.02 | Syncing RiverWater
Fra:1 Mem:74.87M (Peak 74.87M) | Time:00:00.02 | Syncing RoadApproach
Fra:1 Mem:74.88M (Peak 74.88M) | Time:00:00.02 | Syncing building_bridge_A
Fra:1 Mem:74.96M (Peak 74.96M) | Time:00:00.02 | Syncing Role_bridge
Fra:1 Mem:74.97M (Peak 74.97M) | Time:00:00.02 | Syncing tree_single_A
Fra:1 Mem:74.98M (Peak 74.98M) | Time:00:00.02 | Syncing Role_tree_a
Fra:1 Mem:74.98M (Peak 74.98M) | Time:00:00.02 | Syncing tree_single_B
Fra:1 Mem:75.02M (Peak 75.02M) | Time:00:00.02 | Syncing Role_tree_b
Fra:1 Mem:75.02M (Peak 75.02M) | Time:00:00.02 | Syncing tree_single_A.001
Fra:1 Mem:75.03M (Peak 75.03M) | Time:00:00.02 | Syncing Role_tree_a.001
Fra:1 Mem:75.04M (Peak 75.04M) | Time:00:00.02 | Syncing tree_single_B.001
Fra:1 Mem:75.07M (Peak 75.07M) | Time:00:00.02 | Syncing Role_tree_b.001
Fra:1 Mem:75.08M (Peak 75.08M) | Time:00:00.02 | Syncing tree_single_A.002
Fra:1 Mem:75.09M (Peak 75.09M) | Time:00:00.02 | Syncing Role_tree_a.002
Fra:1 Mem:75.09M (Peak 75.09M) | Time:00:00.02 | Syncing tree_single_B.002
Fra:1 Mem:75.12M (Peak 75.12M) | Time:00:00.02 | Syncing Role_tree_b.002
Fra:1 Mem:75.13M (Peak 75.13M) | Time:00:00.02 | Syncing tree_single_A.003
Fra:1 Mem:75.14M (Peak 75.14M) | Time:00:00.02 | Syncing Role_tree_a.003
Fra:1 Mem:75.15M (Peak 75.15M) | Time:00:00.02 | Syncing rock_single_C
Fra:1 Mem:75.16M (Peak 75.16M) | Time:00:00.02 | Syncing Role_rock_c
Fra:1 Mem:75.16M (Peak 75.16M) | Time:00:00.02 | Syncing rock_single_E
Fra:1 Mem:75.17M (Peak 75.17M) | Time:00:00.02 | Syncing Role_rock_e
Fra:1 Mem:75.18M (Peak 75.18M) | Time:00:00.02 | Syncing rock_single_C.001
Fra:1 Mem:75.19M (Peak 75.19M) | Time:00:00.02 | Syncing Role_rock_c.001
Fra:1 Mem:75.20M (Peak 75.20M) | Time:00:00.02 | Syncing rock_single_E.001
Fra:1 Mem:75.21M (Peak 75.21M) | Time:00:00.02 | Syncing Role_rock_e.001
Fra:1 Mem:75.21M (Peak 75.21M) | Time:00:00.02 | Syncing rock_single_C.002
Fra:1 Mem:75.22M (Peak 75.22M) | Time:00:00.02 | Syncing Role_rock_c.002
Fra:1 Mem:75.23M (Peak 75.23M) | Time:00:00.02 | Syncing CampPath
Fra:1 Mem:75.24M (Peak 75.24M) | Time:00:00.02 | Syncing rock_single_C.003
Fra:1 Mem:75.25M (Peak 75.25M) | Time:00:00.02 | Syncing Role_rock_c.003
Fra:1 Mem:75.26M (Peak 75.26M) | Time:00:00.02 | Syncing rock_single_C.004
Fra:1 Mem:75.26M (Peak 75.26M) | Time:00:00.02 | Syncing Role_rock_c.004
Fra:1 Mem:75.27M (Peak 75.27M) | Time:00:00.02 | Syncing rock_single_C.005
Fra:1 Mem:75.28M (Peak 75.28M) | Time:00:00.02 | Syncing Role_rock_c.005
Fra:1 Mem:75.29M (Peak 75.29M) | Time:00:00.02 | Syncing rock_single_C.006
Fra:1 Mem:75.29M (Peak 75.29M) | Time:00:00.02 | Syncing Role_rock_c.006
Fra:1 Mem:75.30M (Peak 75.30M) | Time:00:00.02 | Syncing rock_single_C.007
Fra:1 Mem:75.31M (Peak 75.31M) | Time:00:00.02 | Syncing Role_rock_c.007
Fra:1 Mem:75.32M (Peak 75.32M) | Time:00:00.02 | Syncing rock_single_C.008
Fra:1 Mem:75.33M (Peak 75.33M) | Time:00:00.02 | Syncing Role_rock_c.008
Fra:1 Mem:75.33M (Peak 75.33M) | Time:00:00.02 | Syncing rock_single_C.009
Fra:1 Mem:75.34M (Peak 75.34M) | Time:00:00.02 | Syncing Role_rock_c.009
Fra:1 Mem:75.35M (Peak 75.35M) | Time:00:00.02 | Syncing rock_single_C.010
Fra:1 Mem:75.36M (Peak 75.36M) | Time:00:00.02 | Syncing Role_rock_c.010
Fra:1 Mem:75.36M (Peak 75.36M) | Time:00:00.02 | Syncing CampHearthLog_0
Fra:1 Mem:75.37M (Peak 75.37M) | Time:00:00.02 | Syncing CampHearthLog_1
Fra:1 Mem:75.38M (Peak 75.38M) | Time:00:00.02 | Syncing CampHearthFlame
Fra:1 Mem:75.39M (Peak 75.39M) | Time:00:00.02 | Syncing CampHearthWarmLight
Fra:1 Mem:75.39M (Peak 75.39M) | Time:00:00.02 | Syncing tent
Fra:1 Mem:75.41M (Peak 75.41M) | Time:00:00.02 | Syncing camp__tent
Fra:1 Mem:75.41M (Peak 75.41M) | Time:00:00.02 | Syncing flag_red
Fra:1 Mem:75.43M (Peak 75.43M) | Time:00:00.02 | Syncing camp__flag_red
Fra:1 Mem:75.43M (Peak 75.43M) | Time:00:00.02 | Syncing crate_A_big
Fra:1 Mem:75.45M (Peak 75.45M) | Time:00:00.02 | Syncing camp__crate_big
Fra:1 Mem:75.46M (Peak 75.46M) | Time:00:00.02 | Syncing crate_A_small
Fra:1 Mem:75.48M (Peak 75.48M) | Time:00:00.02 | Syncing camp__crate_small
Fra:1 Mem:75.48M (Peak 75.48M) | Time:00:00.02 | Syncing resource_lumber
Fra:1 Mem:75.52M (Peak 75.52M) | Time:00:00.02 | Syncing camp__lumber
Fra:1 Mem:75.52M (Peak 75.52M) | Time:00:00.02 | Syncing sack
Fra:1 Mem:75.54M (Peak 75.54M) | Time:00:00.02 | Syncing camp__sack
Fra:1 Mem:75.54M (Peak 75.54M) | Time:00:00.02 | Syncing barrel
Fra:1 Mem:75.58M (Peak 75.58M) | Time:00:00.02 | Syncing camp__barrel
Fra:1 Mem:75.58M (Peak 75.58M) | Time:00:00.02 | Syncing wheelbarrow
Fra:1 Mem:75.64M (Peak 75.64M) | Time:00:00.02 | Syncing camp__wheelbarrow
Fra:1 Mem:75.64M (Peak 75.64M) | Time:00:00.02 | Syncing ShelterPath
Fra:1 Mem:75.65M (Peak 75.65M) | Time:00:00.02 | Syncing building_home_A_green
Fra:1 Mem:75.82M (Peak 75.82M) | Time:00:00.02 | Syncing shelter__house_a
Fra:1 Mem:75.82M (Peak 75.82M) | Time:00:00.02 | Syncing FoodPath
Fra:1 Mem:75.83M (Peak 75.83M) | Time:00:00.02 | Syncing FoodFieldSoil
Fra:1 Mem:75.84M (Peak 75.84M) | Time:00:00.02 | Syncing FoodCrop_0_0
Fra:1 Mem:75.85M (Peak 75.85M) | Time:00:00.02 | Syncing FoodCrop_0_1
Fra:1 Mem:75.86M (Peak 75.86M) | Time:00:00.02 | Syncing FoodCrop_0_2
Fra:1 Mem:75.87M (Peak 75.87M) | Time:00:00.02 | Syncing FoodCrop_0_3
Fra:1 Mem:75.88M (Peak 75.88M) | Time:00:00.02 | Syncing FoodCrop_0_4
Fra:1 Mem:75.89M (Peak 75.89M) | Time:00:00.02 | Syncing FoodCrop_0_5
Fra:1 Mem:75.89M (Peak 75.89M) | Time:00:00.02 | Syncing FoodCrop_0_6
Fra:1 Mem:75.90M (Peak 75.90M) | Time:00:00.02 | Syncing FoodCrop_1_0
Fra:1 Mem:75.91M (Peak 75.91M) | Time:00:00.02 | Syncing FoodCrop_1_1
Fra:1 Mem:75.92M (Peak 75.92M) | Time:00:00.02 | Syncing FoodCrop_1_2
Fra:1 Mem:75.93M (Peak 75.93M) | Time:00:00.02 | Syncing FoodCrop_1_3
Fra:1 Mem:75.93M (Peak 75.93M) | Time:00:00.02 | Syncing FoodCrop_1_4
Fra:1 Mem:75.94M (Peak 75.94M) | Time:00:00.02 | Syncing FoodCrop_1_5
Fra:1 Mem:75.95M (Peak 75.95M) | Time:00:00.02 | Syncing FoodCrop_1_6
Fra:1 Mem:75.96M (Peak 75.96M) | Time:00:00.02 | Syncing FoodCrop_2_0
Fra:1 Mem:75.97M (Peak 75.97M) | Time:00:00.02 | Syncing FoodCrop_2_1
Fra:1 Mem:75.97M (Peak 75.97M) | Time:00:00.02 | Syncing FoodCrop_2_2
Fra:1 Mem:75.98M (Peak 75.98M) | Time:00:00.02 | Syncing FoodCrop_2_3
Fra:1 Mem:75.99M (Peak 75.99M) | Time:00:00.02 | Syncing FoodCrop_2_4
Fra:1 Mem:76.00M (Peak 76.00M) | Time:00:00.02 | Syncing FoodCrop_2_5
Fra:1 Mem:76.01M (Peak 76.01M) | Time:00:00.02 | Syncing FoodCrop_2_6
Fra:1 Mem:76.02M (Peak 76.02M) | Time:00:00.02 | Syncing FoodCrop_3_0
Fra:1 Mem:76.02M (Peak 76.02M) | Time:00:00.02 | Syncing FoodCrop_3_1
Fra:1 Mem:76.03M (Peak 76.03M) | Time:00:00.02 | Syncing FoodCrop_3_2
Fra:1 Mem:76.04M (Peak 76.04M) | Time:00:00.02 | Syncing FoodCrop_3_3
Fra:1 Mem:76.05M (Peak 76.05M) | Time:00:00.02 | Syncing FoodCrop_3_4
Fra:1 Mem:76.06M (Peak 76.06M) | Time:00:00.02 | Syncing FoodCrop_3_5
Fra:1 Mem:76.07M (Peak 76.07M) | Time:00:00.02 | Syncing FoodCrop_3_6
Fra:1 Mem:76.07M (Peak 76.07M) | Time:00:00.02 | Syncing FoodCrop_4_0
Fra:1 Mem:76.08M (Peak 76.08M) | Time:00:00.02 | Syncing FoodCrop_4_1
Fra:1 Mem:76.09M (Peak 76.09M) | Time:00:00.02 | Syncing FoodCrop_4_2
Fra:1 Mem:76.10M (Peak 76.10M) | Time:00:00.02 | Syncing FoodCrop_4_3
Fra:1 Mem:76.11M (Peak 76.11M) | Time:00:00.02 | Syncing FoodCrop_4_4
Fra:1 Mem:76.12M (Peak 76.12M) | Time:00:00.03 | Syncing FoodCrop_4_5
Fra:1 Mem:76.12M (Peak 76.12M) | Time:00:00.03 | Syncing FoodCrop_4_6
Fra:1 Mem:76.13M (Peak 76.13M) | Time:00:00.03 | Syncing building_grain
Fra:1 Mem:76.17M (Peak 76.17M) | Time:00:00.03 | Syncing food__grain
Fra:1 Mem:76.17M (Peak 76.17M) | Time:00:00.03 | Syncing building_home_B_yellow
Fra:1 Mem:80.39M (Peak 84.19M) | Time:00:00.05 | Syncing food__house_b
Fra:1 Mem:80.39M (Peak 84.19M) | Time:00:00.05 | Syncing sack.001
Fra:1 Mem:80.41M (Peak 84.19M) | Time:00:00.05 | Syncing food__sack
Fra:1 Mem:80.41M (Peak 84.19M) | Time:00:00.05 | Syncing bucket_water
Fra:1 Mem:80.44M (Peak 84.19M) | Time:00:00.05 | Syncing food__bucket_water
Fra:1 Mem:80.44M (Peak 84.19M) | Time:00:00.05 | Syncing fence_wood_straight
Fra:1 Mem:80.48M (Peak 84.19M) | Time:00:00.05 | Syncing food__fence.001
Fra:1 Mem:80.48M (Peak 84.19M) | Time:00:00.05 | Syncing fence_wood_straight.001
Fra:1 Mem:80.52M (Peak 84.19M) | Time:00:00.05 | Syncing food__fence
Fra:1 Mem:80.52M (Peak 84.19M) | Time:00:00.05 | Syncing AurelianVillageV4Sun
Fra:1 Mem:80.52M (Peak 84.19M) | Time:00:00.05 | Syncing VillageV4PortraitCamera
Fra:1 Mem:80.24M (Peak 84.19M) | Time:00:00.05 | Rendering 1 / 64 samples
Fra:1 Mem:77.94M (Peak 84.19M) | Time:00:06.44 | Rendering 26 / 64 samples
Fra:1 Mem:77.94M (Peak 84.19M) | Time:00:12.09 | Rendering 51 / 64 samples
Fra:1 Mem:77.94M (Peak 84.19M) | Time:00:15.03 | Rendering 64 / 64 samples
Saved: '/home/runner/work/_temp/pixel-nations-village-v4/render/portrait/stage-03-food.png'
Time: 00:15.44 (Saving: 00:00.16)

Fra:1 Mem:77.84M (Peak 77.84M) | Time:00:00.01 | Syncing AurelianContinuousTerrain
Fra:1 Mem:79.54M (Peak 79.54M) | Time:00:00.01 | Syncing RiverWater
Fra:1 Mem:79.56M (Peak 79.56M) | Time:00:00.01 | Syncing RoadApproach
Fra:1 Mem:79.57M (Peak 79.57M) | Time:00:00.01 | Syncing building_bridge_A
Fra:1 Mem:79.65M (Peak 79.65M) | Time:00:00.01 | Syncing Role_bridge
Fra:1 Mem:79.66M (Peak 79.66M) | Time:00:00.01 | Syncing tree_single_A
Fra:1 Mem:79.67M (Peak 79.67M) | Time:00:00.02 | Syncing Role_tree_a
Fra:1 Mem:79.67M (Peak 79.67M) | Time:00:00.02 | Syncing tree_single_B
Fra:1 Mem:79.70M (Peak 79.70M) | Time:00:00.02 | Syncing Role_tree_b
Fra:1 Mem:79.71M (Peak 79.71M) | Time:00:00.02 | Syncing tree_single_A.001
Fra:1 Mem:79.72M (Peak 79.72M) | Time:00:00.02 | Syncing Role_tree_a.001
Fra:1 Mem:79.73M (Peak 79.73M) | Time:00:00.02 | Syncing tree_single_B.001
Fra:1 Mem:79.76M (Peak 79.76M) | Time:00:00.02 | Syncing Role_tree_b.001
Fra:1 Mem:79.76M (Peak 79.76M) | Time:00:00.02 | Syncing tree_single_A.002
Fra:1 Mem:79.77M (Peak 79.77M) | Time:00:00.02 | Syncing Role_tree_a.002
Fra:1 Mem:79.78M (Peak 79.78M) | Time:00:00.02 | Syncing tree_single_B.002
Fra:1 Mem:79.81M (Peak 79.81M) | Time:00:00.02 | Syncing Role_tree_b.002
Fra:1 Mem:79.82M (Peak 79.82M) | Time:00:00.02 | Syncing tree_single_A.003
Fra:1 Mem:79.83M (Peak 79.83M) | Time:00:00.02 | Syncing Role_tree_a.003
Fra:1 Mem:79.83M (Peak 79.83M) | Time:00:00.02 | Syncing rock_single_C
Fra:1 Mem:79.84M (Peak 79.84M) | Time:00:00.02 | Syncing Role_rock_c
Fra:1 Mem:79.85M (Peak 79.85M) | Time:00:00.02 | Syncing rock_single_E
Fra:1 Mem:79.86M (Peak 79.86M) | Time:00:00.02 | Syncing Role_rock_e
Fra:1 Mem:79.87M (Peak 79.87M) | Time:00:00.02 | Syncing rock_single_C.001
Fra:1 Mem:79.88M (Peak 79.88M) | Time:00:00.02 | Syncing Role_rock_c.001
Fra:1 Mem:79.88M (Peak 79.88M) | Time:00:00.02 | Syncing rock_single_E.001
Fra:1 Mem:79.90M (Peak 79.90M) | Time:00:00.02 | Syncing Role_rock_e.001
Fra:1 Mem:79.90M (Peak 79.90M) | Time:00:00.02 | Syncing rock_single_C.002
Fra:1 Mem:79.91M (Peak 79.91M) | Time:00:00.02 | Syncing Role_rock_c.002
Fra:1 Mem:79.92M (Peak 79.92M) | Time:00:00.02 | Syncing CampPath
Fra:1 Mem:79.93M (Peak 79.93M) | Time:00:00.02 | Syncing rock_single_C.003
Fra:1 Mem:79.94M (Peak 79.94M) | Time:00:00.02 | Syncing Role_rock_c.003
Fra:1 Mem:79.94M (Peak 79.94M) | Time:00:00.02 | Syncing rock_single_C.004
Fra:1 Mem:79.95M (Peak 79.95M) | Time:00:00.02 | Syncing Role_rock_c.004
Fra:1 Mem:79.96M (Peak 79.96M) | Time:00:00.02 | Syncing rock_single_C.005
Fra:1 Mem:79.97M (Peak 79.97M) | Time:00:00.02 | Syncing Role_rock_c.005
Fra:1 Mem:79.97M (Peak 79.97M) | Time:00:00.02 | Syncing rock_single_C.006
Fra:1 Mem:79.98M (Peak 79.98M) | Time:00:00.02 | Syncing Role_rock_c.006
Fra:1 Mem:79.99M (Peak 79.99M) | Time:00:00.02 | Syncing rock_single_C.007
Fra:1 Mem:80.00M (Peak 80.00M) | Time:00:00.02 | Syncing Role_rock_c.007
Fra:1 Mem:80.00M (Peak 80.00M) | Time:00:00.02 | Syncing rock_single_C.008
Fra:1 Mem:80.01M (Peak 80.01M) | Time:00:00.02 | Syncing Role_rock_c.008
Fra:1 Mem:80.02M (Peak 80.02M) | Time:00:00.02 | Syncing rock_single_C.009
Fra:1 Mem:80.03M (Peak 80.03M) | Time:00:00.02 | Syncing Role_rock_c.009
Fra:1 Mem:80.03M (Peak 80.03M) | Time:00:00.02 | Syncing rock_single_C.010
Fra:1 Mem:80.04M (Peak 80.04M) | Time:00:00.02 | Syncing Role_rock_c.010
Fra:1 Mem:80.05M (Peak 80.05M) | Time:00:00.02 | Syncing CampHearthLog_0
Fra:1 Mem:80.06M (Peak 80.06M) | Time:00:00.02 | Syncing CampHearthLog_1
Fra:1 Mem:80.07M (Peak 80.07M) | Time:00:00.02 | Syncing CampHearthFlame
Fra:1 Mem:80.08M (Peak 80.08M) | Time:00:00.02 | Syncing CampHearthWarmLight
Fra:1 Mem:80.08M (Peak 80.08M) | Time:00:00.02 | Syncing tent
Fra:1 Mem:80.10M (Peak 80.10M) | Time:00:00.02 | Syncing camp__tent
Fra:1 Mem:80.10M (Peak 80.10M) | Time:00:00.02 | Syncing flag_red
Fra:1 Mem:80.11M (Peak 80.11M) | Time:00:00.02 | Syncing camp__flag_red
Fra:1 Mem:80.12M (Peak 80.12M) | Time:00:00.02 | Syncing crate_A_big
Fra:1 Mem:80.14M (Peak 80.14M) | Time:00:00.02 | Syncing camp__crate_big
Fra:1 Mem:80.14M (Peak 80.14M) | Time:00:00.02 | Syncing crate_A_small
Fra:1 Mem:80.17M (Peak 80.17M) | Time:00:00.02 | Syncing camp__crate_small
Fra:1 Mem:80.17M (Peak 80.17M) | Time:00:00.02 | Syncing resource_lumber
Fra:1 Mem:80.20M (Peak 80.20M) | Time:00:00.02 | Syncing camp__lumber
Fra:1 Mem:80.21M (Peak 80.21M) | Time:00:00.02 | Syncing sack
Fra:1 Mem:80.23M (Peak 80.23M) | Time:00:00.02 | Syncing camp__sack
Fra:1 Mem:80.23M (Peak 80.23M) | Time:00:00.02 | Syncing barrel
Fra:1 Mem:80.27M (Peak 80.27M) | Time:00:00.02 | Syncing camp__barrel
Fra:1 Mem:80.27M (Peak 80.27M) | Time:00:00.02 | Syncing wheelbarrow
Fra:1 Mem:80.33M (Peak 80.33M) | Time:00:00.02 | Syncing camp__wheelbarrow
Fra:1 Mem:80.33M (Peak 80.33M) | Time:00:00.02 | Syncing ShelterPath
Fra:1 Mem:80.34M (Peak 80.34M) | Time:00:00.02 | Syncing building_home_A_green
Fra:1 Mem:80.50M (Peak 80.50M) | Time:00:00.02 | Syncing shelter__house_a
Fra:1 Mem:80.51M (Peak 80.51M) | Time:00:00.02 | Syncing FoodPath
Fra:1 Mem:80.52M (Peak 80.52M) | Time:00:00.02 | Syncing FoodFieldSoil
Fra:1 Mem:80.53M (Peak 80.53M) | Time:00:00.02 | Syncing FoodCrop_0_0
Fra:1 Mem:80.54M (Peak 80.54M) | Time:00:00.02 | Syncing FoodCrop_0_1
Fra:1 Mem:80.55M (Peak 80.55M) | Time:00:00.02 | Syncing FoodCrop_0_2
Fra:1 Mem:80.55M (Peak 80.55M) | Time:00:00.02 | Syncing FoodCrop_0_3
Fra:1 Mem:80.56M (Peak 80.56M) | Time:00:00.02 | Syncing FoodCrop_0_4
Fra:1 Mem:80.57M (Peak 80.57M) | Time:00:00.02 | Syncing FoodCrop_0_5
Fra:1 Mem:80.58M (Peak 80.58M) | Time:00:00.02 | Syncing FoodCrop_0_6
Fra:1 Mem:80.59M (Peak 80.59M) | Time:00:00.02 | Syncing FoodCrop_1_0
Fra:1 Mem:80.59M (Peak 80.59M) | Time:00:00.02 | Syncing FoodCrop_1_1
Fra:1 Mem:80.60M (Peak 80.60M) | Time:00:00.02 | Syncing FoodCrop_1_2
Fra:1 Mem:80.61M (Peak 80.61M) | Time:00:00.02 | Syncing FoodCrop_1_3
Fra:1 Mem:80.62M (Peak 80.62M) | Time:00:00.02 | Syncing FoodCrop_1_4
Fra:1 Mem:80.63M (Peak 80.63M) | Time:00:00.02 | Syncing FoodCrop_1_5
Fra:1 Mem:80.63M (Peak 80.63M) | Time:00:00.02 | Syncing FoodCrop_1_6
Fra:1 Mem:80.64M (Peak 80.64M) | Time:00:00.02 | Syncing FoodCrop_2_0
Fra:1 Mem:80.65M (Peak 80.65M) | Time:00:00.02 | Syncing FoodCrop_2_1
Fra:1 Mem:80.66M (Peak 80.66M) | Time:00:00.02 | Syncing FoodCrop_2_2
Fra:1 Mem:80.67M (Peak 80.67M) | Time:00:00.02 | Syncing FoodCrop_2_3
Fra:1 Mem:80.67M (Peak 80.67M) | Time:00:00.02 | Syncing FoodCrop_2_4
Fra:1 Mem:80.68M (Peak 80.68M) | Time:00:00.02 | Syncing FoodCrop_2_5
Fra:1 Mem:80.69M (Peak 80.69M) | Time:00:00.02 | Syncing FoodCrop_2_6
Fra:1 Mem:80.70M (Peak 80.70M) | Time:00:00.02 | Syncing FoodCrop_3_0
Fra:1 Mem:80.71M (Peak 80.71M) | Time:00:00.02 | Syncing FoodCrop_3_1
Fra:1 Mem:80.71M (Peak 80.71M) | Time:00:00.02 | Syncing FoodCrop_3_2
Fra:1 Mem:80.72M (Peak 80.72M) | Time:00:00.02 | Syncing FoodCrop_3_3
Fra:1 Mem:80.73M (Peak 80.73M) | Time:00:00.02 | Syncing FoodCrop_3_4
Fra:1 Mem:80.74M (Peak 80.74M) | Time:00:00.02 | Syncing FoodCrop_3_5
Fra:1 Mem:80.75M (Peak 80.75M) | Time:00:00.02 | Syncing FoodCrop_3_6
Fra:1 Mem:80.76M (Peak 80.76M) | Time:00:00.02 | Syncing FoodCrop_4_0
Fra:1 Mem:80.76M (Peak 80.76M) | Time:00:00.02 | Syncing FoodCrop_4_1
Fra:1 Mem:80.77M (Peak 80.77M) | Time:00:00.02 | Syncing FoodCrop_4_2
Fra:1 Mem:80.78M (Peak 80.78M) | Time:00:00.02 | Syncing FoodCrop_4_3
Fra:1 Mem:80.79M (Peak 80.79M) | Time:00:00.02 | Syncing FoodCrop_4_4
Fra:1 Mem:80.80M (Peak 80.80M) | Time:00:00.02 | Syncing FoodCrop_4_5
Fra:1 Mem:80.80M (Peak 80.80M) | Time:00:00.02 | Syncing FoodCrop_4_6
Fra:1 Mem:80.81M (Peak 80.81M) | Time:00:00.02 | Syncing building_grain
Fra:1 Mem:80.85M (Peak 80.85M) | Time:00:00.02 | Syncing food__grain
Fra:1 Mem:80.85M (Peak 80.85M) | Time:00:00.02 | Syncing building_home_B_yellow
Fra:1 Mem:81.03M (Peak 81.03M) | Time:00:00.03 | Syncing food__house_b
Fra:1 Mem:81.04M (Peak 81.04M) | Time:00:00.03 | Syncing sack.001
Fra:1 Mem:81.05M (Peak 81.05M) | Time:00:00.03 | Syncing food__sack
Fra:1 Mem:81.06M (Peak 81.06M) | Time:00:00.03 | Syncing bucket_water
Fra:1 Mem:81.08M (Peak 81.08M) | Time:00:00.03 | Syncing food__bucket_water
Fra:1 Mem:81.08M (Peak 81.08M) | Time:00:00.03 | Syncing fence_wood_straight
Fra:1 Mem:81.12M (Peak 81.12M) | Time:00:00.03 | Syncing food__fence.001
Fra:1 Mem:81.12M (Peak 81.12M) | Time:00:00.03 | Syncing fence_wood_straight.001
Fra:1 Mem:81.15M (Peak 81.15M) | Time:00:00.03 | Syncing food__fence
Fra:1 Mem:81.16M (Peak 81.16M) | Time:00:00.03 | Syncing TimberPath
Fra:1 Mem:81.17M (Peak 81.17M) | Time:00:00.03 | Syncing building_scaffolding
Fra:1 Mem:81.55M (Peak 81.55M) | Time:00:00.03 | Syncing timber__scaffolding
Fra:1 Mem:81.55M (Peak 81.55M) | Time:00:00.03 | Syncing tree_single_A_cut
Fra:1 Mem:81.56M (Peak 81.56M) | Time:00:00.03 | Syncing timber__tree_cut
Fra:1 Mem:81.57M (Peak 81.57M) | Time:00:00.03 | Syncing resource_lumber.001
Fra:1 Mem:81.60M (Peak 81.60M) | Time:00:00.03 | Syncing timber__lumber
Fra:1 Mem:81.61M (Peak 81.61M) | Time:00:00.03 | Syncing resource_lumber.002
Fra:1 Mem:81.64M (Peak 81.64M) | Time:00:00.03 | Syncing timber__lumber.001
Fra:1 Mem:81.65M (Peak 81.65M) | Time:00:00.03 | Syncing pallet
Fra:1 Mem:81.70M (Peak 81.70M) | Time:00:00.03 | Syncing timber__pallet
Fra:1 Mem:81.70M (Peak 81.70M) | Time:00:00.03 | Syncing ladder
Fra:1 Mem:81.72M (Peak 81.72M) | Time:00:00.03 | Syncing timber__ladder
Fra:1 Mem:81.72M (Peak 81.72M) | Time:00:00.03 | Syncing AurelianVillageV4Sun
Fra:1 Mem:81.72M (Peak 81.72M) | Time:00:00.03 | Syncing VillageV4PortraitCamera
Fra:1 Mem:81.32M (Peak 81.72M) | Time:00:00.03 | Rendering 1 / 64 samples
Fra:1 Mem:78.72M (Peak 81.72M) | Time:00:06.57 | Rendering 26 / 64 samples
Fra:1 Mem:78.72M (Peak 81.72M) | Time:00:12.42 | Rendering 51 / 64 samples
Fra:1 Mem:78.72M (Peak 81.72M) | Time:00:15.44 | Rendering 64 / 64 samples
Saved: '/home/runner/work/_temp/pixel-nations-village-v4/render/portrait/stage-04-timber.png'
Time: 00:15.85 (Saving: 00:00.16)

Fra:1 Mem:78.41M (Peak 78.41M) | Time:00:00.02 | Syncing AurelianContinuousTerrain
Fra:1 Mem:80.11M (Peak 80.11M) | Time:00:00.02 | Syncing RiverWater
Fra:1 Mem:80.13M (Peak 80.13M) | Time:00:00.02 | Syncing RoadApproach
Fra:1 Mem:80.14M (Peak 80.14M) | Time:00:00.02 | Syncing building_bridge_A
Fra:1 Mem:80.22M (Peak 80.22M) | Time:00:00.02 | Syncing Role_bridge
Fra:1 Mem:80.23M (Peak 80.23M) | Time:00:00.02 | Syncing tree_single_A
Fra:1 Mem:80.24M (Peak 80.24M) | Time:00:00.02 | Syncing Role_tree_a
Fra:1 Mem:80.24M (Peak 80.24M) | Time:00:00.02 | Syncing tree_single_B
Fra:1 Mem:80.28M (Peak 80.28M) | Time:00:00.02 | Syncing Role_tree_b
Fra:1 Mem:80.28M (Peak 80.28M) | Time:00:00.02 | Syncing tree_single_A.001
Fra:1 Mem:80.29M (Peak 80.29M) | Time:00:00.02 | Syncing Role_tree_a.001
Fra:1 Mem:80.30M (Peak 80.30M) | Time:00:00.02 | Syncing tree_single_B.001
Fra:1 Mem:80.33M (Peak 80.33M) | Time:00:00.02 | Syncing Role_tree_b.001
Fra:1 Mem:80.34M (Peak 80.34M) | Time:00:00.02 | Syncing tree_single_A.002
Fra:1 Mem:80.35M (Peak 80.35M) | Time:00:00.02 | Syncing Role_tree_a.002
Fra:1 Mem:80.35M (Peak 80.35M) | Time:00:00.02 | Syncing tree_single_B.002
Fra:1 Mem:80.38M (Peak 80.38M) | Time:00:00.02 | Syncing Role_tree_b.002
Fra:1 Mem:80.39M (Peak 80.39M) | Time:00:00.02 | Syncing tree_single_A.003
Fra:1 Mem:80.40M (Peak 80.40M) | Time:00:00.02 | Syncing Role_tree_a.003
Fra:1 Mem:80.41M (Peak 80.41M) | Time:00:00.02 | Syncing rock_single_C
Fra:1 Mem:80.42M (Peak 80.42M) | Time:00:00.02 | Syncing Role_rock_c
Fra:1 Mem:80.42M (Peak 80.42M) | Time:00:00.02 | Syncing rock_single_E
Fra:1 Mem:80.43M (Peak 80.43M) | Time:00:00.02 | Syncing Role_rock_e
Fra:1 Mem:80.44M (Peak 80.44M) | Time:00:00.02 | Syncing rock_single_C.001
Fra:1 Mem:80.45M (Peak 80.45M) | Time:00:00.02 | Syncing Role_rock_c.001
Fra:1 Mem:80.45M (Peak 80.45M) | Time:00:00.02 | Syncing rock_single_E.001
Fra:1 Mem:80.47M (Peak 80.47M) | Time:00:00.02 | Syncing Role_rock_e.001
Fra:1 Mem:80.47M (Peak 80.47M) | Time:00:00.02 | Syncing rock_single_C.002
Fra:1 Mem:80.48M (Peak 80.48M) | Time:00:00.02 | Syncing Role_rock_c.002
Fra:1 Mem:80.49M (Peak 80.49M) | Time:00:00.02 | Syncing CampPath
Fra:1 Mem:80.50M (Peak 80.50M) | Time:00:00.02 | Syncing rock_single_C.003
Fra:1 Mem:80.51M (Peak 80.51M) | Time:00:00.02 | Syncing Role_rock_c.003
Fra:1 Mem:80.51M (Peak 80.51M) | Time:00:00.02 | Syncing rock_single_C.004
Fra:1 Mem:80.52M (Peak 80.52M) | Time:00:00.02 | Syncing Role_rock_c.004
Fra:1 Mem:80.53M (Peak 80.53M) | Time:00:00.02 | Syncing rock_single_C.005
Fra:1 Mem:80.54M (Peak 80.54M) | Time:00:00.02 | Syncing Role_rock_c.005
Fra:1 Mem:80.54M (Peak 80.54M) | Time:00:00.02 | Syncing rock_single_C.006
Fra:1 Mem:80.55M (Peak 80.55M) | Time:00:00.02 | Syncing Role_rock_c.006
Fra:1 Mem:80.56M (Peak 80.56M) | Time:00:00.02 | Syncing rock_single_C.007
Fra:1 Mem:80.57M (Peak 80.57M) | Time:00:00.02 | Syncing Role_rock_c.007
Fra:1 Mem:80.57M (Peak 80.57M) | Time:00:00.02 | Syncing rock_single_C.008
Fra:1 Mem:80.58M (Peak 80.58M) | Time:00:00.02 | Syncing Role_rock_c.008
Fra:1 Mem:80.59M (Peak 80.59M) | Time:00:00.02 | Syncing rock_single_C.009
Fra:1 Mem:80.60M (Peak 80.60M) | Time:00:00.02 | Syncing Role_rock_c.009
Fra:1 Mem:80.60M (Peak 80.60M) | Time:00:00.02 | Syncing rock_single_C.010
Fra:1 Mem:80.61M (Peak 80.61M) | Time:00:00.02 | Syncing Role_rock_c.010
Fra:1 Mem:80.62M (Peak 80.62M) | Time:00:00.02 | Syncing CampHearthLog_0
Fra:1 Mem:80.63M (Peak 80.63M) | Time:00:00.02 | Syncing CampHearthLog_1
Fra:1 Mem:80.64M (Peak 80.64M) | Time:00:00.02 | Syncing CampHearthFlame
Fra:1 Mem:80.65M (Peak 80.65M) | Time:00:00.02 | Syncing CampHearthWarmLight
Fra:1 Mem:80.65M (Peak 80.65M) | Time:00:00.02 | Syncing tent
Fra:1 Mem:80.67M (Peak 80.67M) | Time:00:00.02 | Syncing camp__tent
Fra:1 Mem:80.67M (Peak 80.67M) | Time:00:00.02 | Syncing flag_red
Fra:1 Mem:80.68M (Peak 80.68M) | Time:00:00.02 | Syncing camp__flag_red
Fra:1 Mem:80.69M (Peak 80.69M) | Time:00:00.02 | Syncing crate_A_big
Fra:1 Mem:80.71M (Peak 80.71M) | Time:00:00.02 | Syncing camp__crate_big
Fra:1 Mem:80.72M (Peak 80.72M) | Time:00:00.02 | Syncing crate_A_small
Fra:1 Mem:80.74M (Peak 80.74M) | Time:00:00.02 | Syncing camp__crate_small
Fra:1 Mem:80.74M (Peak 80.74M) | Time:00:00.02 | Syncing resource_lumber
Fra:1 Mem:80.78M (Peak 80.78M) | Time:00:00.02 | Syncing camp__lumber
Fra:1 Mem:80.78M (Peak 80.78M) | Time:00:00.02 | Syncing sack
Fra:1 Mem:80.80M (Peak 80.80M) | Time:00:00.02 | Syncing camp__sack
Fra:1 Mem:80.80M (Peak 80.80M) | Time:00:00.02 | Syncing barrel
Fra:1 Mem:80.84M (Peak 80.84M) | Time:00:00.02 | Syncing camp__barrel
Fra:1 Mem:80.84M (Peak 80.84M) | Time:00:00.02 | Syncing wheelbarrow
Fra:1 Mem:80.90M (Peak 80.90M) | Time:00:00.02 | Syncing camp__wheelbarrow
Fra:1 Mem:80.90M (Peak 80.90M) | Time:00:00.02 | Syncing ShelterPath
Fra:1 Mem:80.91M (Peak 80.91M) | Time:00:00.02 | Syncing building_home_A_green
Fra:1 Mem:81.08M (Peak 81.08M) | Time:00:00.02 | Syncing shelter__house_a
Fra:1 Mem:81.08M (Peak 81.08M) | Time:00:00.02 | Syncing FoodPath
Fra:1 Mem:81.09M (Peak 81.09M) | Time:00:00.02 | Syncing FoodFieldSoil
Fra:1 Mem:81.10M (Peak 81.10M) | Time:00:00.02 | Syncing FoodCrop_0_0
Fra:1 Mem:81.11M (Peak 81.11M) | Time:00:00.02 | Syncing FoodCrop_0_1
Fra:1 Mem:81.12M (Peak 81.12M) | Time:00:00.02 | Syncing FoodCrop_0_2
Fra:1 Mem:81.13M (Peak 81.13M) | Time:00:00.02 | Syncing FoodCrop_0_3
Fra:1 Mem:81.13M (Peak 81.13M) | Time:00:00.02 | Syncing FoodCrop_0_4
Fra:1 Mem:81.14M (Peak 81.14M) | Time:00:00.02 | Syncing FoodCrop_0_5
Fra:1 Mem:81.15M (Peak 81.15M) | Time:00:00.03 | Syncing FoodCrop_0_6
Fra:1 Mem:81.16M (Peak 81.16M) | Time:00:00.03 | Syncing FoodCrop_1_0
Fra:1 Mem:81.17M (Peak 81.17M) | Time:00:00.03 | Syncing FoodCrop_1_1
Fra:1 Mem:81.17M (Peak 81.17M) | Time:00:00.03 | Syncing FoodCrop_1_2
Fra:1 Mem:81.18M (Peak 81.18M) | Time:00:00.03 | Syncing FoodCrop_1_3
Fra:1 Mem:81.19M (Peak 81.19M) | Time:00:00.03 | Syncing FoodCrop_1_4
Fra:1 Mem:81.20M (Peak 81.20M) | Time:00:00.03 | Syncing FoodCrop_1_5
Fra:1 Mem:81.21M (Peak 81.21M) | Time:00:00.03 | Syncing FoodCrop_1_6
Fra:1 Mem:81.21M (Peak 81.21M) | Time:00:00.03 | Syncing FoodCrop_2_0
Fra:1 Mem:81.22M (Peak 81.22M) | Time:00:00.03 | Syncing FoodCrop_2_1
Fra:1 Mem:81.23M (Peak 81.23M) | Time:00:00.03 | Syncing FoodCrop_2_2
Fra:1 Mem:81.24M (Peak 81.24M) | Time:00:00.03 | Syncing FoodCrop_2_3
Fra:1 Mem:81.25M (Peak 81.25M) | Time:00:00.03 | Syncing FoodCrop_2_4
Fra:1 Mem:81.25M (Peak 81.25M) | Time:00:00.03 | Syncing FoodCrop_2_5
Fra:1 Mem:81.26M (Peak 81.26M) | Time:00:00.03 | Syncing FoodCrop_2_6
Fra:1 Mem:81.27M (Peak 81.27M) | Time:00:00.03 | Syncing FoodCrop_3_0
Fra:1 Mem:81.28M (Peak 81.28M) | Time:00:00.03 | Syncing FoodCrop_3_1
Fra:1 Mem:81.29M (Peak 81.29M) | Time:00:00.03 | Syncing FoodCrop_3_2
Fra:1 Mem:81.29M (Peak 81.29M) | Time:00:00.03 | Syncing FoodCrop_3_3
Fra:1 Mem:81.30M (Peak 81.30M) | Time:00:00.03 | Syncing FoodCrop_3_4
Fra:1 Mem:81.31M (Peak 81.31M) | Time:00:00.03 | Syncing FoodCrop_3_5
Fra:1 Mem:81.32M (Peak 81.32M) | Time:00:00.03 | Syncing FoodCrop_3_6
Fra:1 Mem:81.33M (Peak 81.33M) | Time:00:00.03 | Syncing FoodCrop_4_0
Fra:1 Mem:81.34M (Peak 81.34M) | Time:00:00.03 | Syncing FoodCrop_4_1
Fra:1 Mem:81.34M (Peak 81.34M) | Time:00:00.03 | Syncing FoodCrop_4_2
Fra:1 Mem:81.35M (Peak 81.35M) | Time:00:00.03 | Syncing FoodCrop_4_3
Fra:1 Mem:81.36M (Peak 81.36M) | Time:00:00.03 | Syncing FoodCrop_4_4
Fra:1 Mem:81.37M (Peak 81.37M) | Time:00:00.03 | Syncing FoodCrop_4_5
Fra:1 Mem:81.38M (Peak 81.38M) | Time:00:00.03 | Syncing FoodCrop_4_6
Fra:1 Mem:81.38M (Peak 81.38M) | Time:00:00.03 | Syncing building_grain
Fra:1 Mem:81.42M (Peak 81.42M) | Time:00:00.03 | Syncing food__grain
Fra:1 Mem:81.42M (Peak 81.42M) | Time:00:00.03 | Syncing building_home_B_yellow
Fra:1 Mem:81.60M (Peak 81.60M) | Time:00:00.03 | Syncing food__house_b
Fra:1 Mem:81.61M (Peak 81.61M) | Time:00:00.03 | Syncing sack.001
Fra:1 Mem:81.62M (Peak 81.62M) | Time:00:00.03 | Syncing food__sack
Fra:1 Mem:81.63M (Peak 81.63M) | Time:00:00.03 | Syncing bucket_water
Fra:1 Mem:81.65M (Peak 81.65M) | Time:00:00.03 | Syncing food__bucket_water
Fra:1 Mem:81.66M (Peak 81.66M) | Time:00:00.03 | Syncing fence_wood_straight
Fra:1 Mem:81.69M (Peak 81.69M) | Time:00:00.03 | Syncing food__fence.001
Fra:1 Mem:81.69M (Peak 81.69M) | Time:00:00.03 | Syncing fence_wood_straight.001
Fra:1 Mem:81.72M (Peak 81.72M) | Time:00:00.03 | Syncing food__fence
Fra:1 Mem:81.73M (Peak 81.73M) | Time:00:00.03 | Syncing TimberPath
Fra:1 Mem:81.74M (Peak 81.74M) | Time:00:00.03 | Syncing building_scaffolding
Fra:1 Mem:82.08M (Peak 82.08M) | Time:00:00.03 | Syncing timber__scaffolding
Fra:1 Mem:82.09M (Peak 82.09M) | Time:00:00.03 | Syncing tree_single_A_cut
Fra:1 Mem:82.09M (Peak 82.09M) | Time:00:00.03 | Syncing timber__tree_cut
Fra:1 Mem:82.10M (Peak 82.10M) | Time:00:00.03 | Syncing resource_lumber.001
Fra:1 Mem:82.13M (Peak 82.13M) | Time:00:00.03 | Syncing timber__lumber
Fra:1 Mem:82.13M (Peak 82.13M) | Time:00:00.03 | Syncing resource_lumber.002
Fra:1 Mem:82.17M (Peak 82.17M) | Time:00:00.03 | Syncing timber__lumber.001
Fra:1 Mem:82.17M (Peak 82.17M) | Time:00:00.03 | Syncing pallet
Fra:1 Mem:82.22M (Peak 82.22M) | Time:00:00.03 | Syncing timber__pallet
Fra:1 Mem:82.22M (Peak 82.22M) | Time:00:00.03 | Syncing ladder
Fra:1 Mem:82.24M (Peak 82.24M) | Time:00:00.03 | Syncing timber__ladder
Fra:1 Mem:82.24M (Peak 82.24M) | Time:00:00.03 | Syncing ScoutPath
Fra:1 Mem:82.26M (Peak 82.26M) | Time:00:00.03 | Syncing tent.001
Fra:1 Mem:82.27M (Peak 82.27M) | Time:00:00.03 | Syncing scout__tent
Fra:1 Mem:82.28M (Peak 82.28M) | Time:00:00.03 | Syncing flag_red.001
Fra:1 Mem:82.29M (Peak 82.29M) | Time:00:00.03 | Syncing scout__flag_red
Fra:1 Mem:82.29M (Peak 82.29M) | Time:00:00.03 | Syncing flag_red.002
Fra:1 Mem:82.31M (Peak 82.31M) | Time:00:00.03 | Syncing scout__flag_red.001
Fra:1 Mem:82.31M (Peak 82.31M) | Time:00:00.03 | Syncing target
Fra:1 Mem:82.34M (Peak 82.34M) | Time:00:00.03 | Syncing scout__target
Fra:1 Mem:82.34M (Peak 82.34M) | Time:00:00.03 | Syncing crate_open
Fra:1 Mem:82.38M (Peak 82.38M) | Time:00:00.03 | Syncing scout__crate_open
Fra:1 Mem:82.38M (Peak 82.38M) | Time:00:00.03 | Syncing AurelianVillageV4Sun
Fra:1 Mem:82.38M (Peak 82.38M) | Time:00:00.03 | Syncing VillageV4PortraitCamera
Fra:1 Mem:81.97M (Peak 82.38M) | Time:00:00.04 | Rendering 1 / 64 samples
Fra:1 Mem:79.31M (Peak 82.38M) | Time:00:06.63 | Rendering 26 / 64 samples
Fra:1 Mem:79.31M (Peak 82.38M) | Time:00:12.47 | Rendering 51 / 64 samples
Fra:1 Mem:79.31M (Peak 82.38M) | Time:00:15.51 | Rendering 64 / 64 samples
Saved: '/home/runner/work/_temp/pixel-nations-village-v4/render/portrait/stage-05-scout.png'
Time: 00:15.93 (Saving: 00:00.16)

Fra:1 Mem:79.08M (Peak 79.08M) | Time:00:00.01 | Syncing AurelianContinuousTerrain
Fra:1 Mem:80.78M (Peak 80.78M) | Time:00:00.02 | Syncing RiverWater
Fra:1 Mem:80.80M (Peak 80.80M) | Time:00:00.02 | Syncing RoadApproach
Fra:1 Mem:80.81M (Peak 80.81M) | Time:00:00.02 | Syncing building_bridge_A
Fra:1 Mem:80.89M (Peak 80.89M) | Time:00:00.02 | Syncing Role_bridge
Fra:1 Mem:80.90M (Peak 80.90M) | Time:00:00.02 | Syncing tree_single_A
Fra:1 Mem:80.91M (Peak 80.91M) | Time:00:00.02 | Syncing Role_tree_a
Fra:1 Mem:80.91M (Peak 80.91M) | Time:00:00.02 | Syncing tree_single_B
Fra:1 Mem:80.95M (Peak 80.95M) | Time:00:00.02 | Syncing Role_tree_b
Fra:1 Mem:80.95M (Peak 80.95M) | Time:00:00.02 | Syncing tree_single_A.001
Fra:1 Mem:80.96M (Peak 80.96M) | Time:00:00.02 | Syncing Role_tree_a.001
Fra:1 Mem:80.97M (Peak 80.97M) | Time:00:00.02 | Syncing tree_single_B.001
Fra:1 Mem:81.00M (Peak 81.00M) | Time:00:00.02 | Syncing Role_tree_b.001
Fra:1 Mem:81.01M (Peak 81.01M) | Time:00:00.02 | Syncing tree_single_A.002
Fra:1 Mem:81.02M (Peak 81.02M) | Time:00:00.02 | Syncing Role_tree_a.002
Fra:1 Mem:81.02M (Peak 81.02M) | Time:00:00.02 | Syncing tree_single_B.002
Fra:1 Mem:81.06M (Peak 81.06M) | Time:00:00.02 | Syncing Role_tree_b.002
Fra:1 Mem:81.06M (Peak 81.06M) | Time:00:00.02 | Syncing tree_single_A.003
Fra:1 Mem:81.07M (Peak 81.07M) | Time:00:00.02 | Syncing Role_tree_a.003
Fra:1 Mem:81.08M (Peak 81.08M) | Time:00:00.02 | Syncing rock_single_C
Fra:1 Mem:81.09M (Peak 81.09M) | Time:00:00.02 | Syncing Role_rock_c
Fra:1 Mem:81.09M (Peak 81.09M) | Time:00:00.02 | Syncing rock_single_E
Fra:1 Mem:81.11M (Peak 81.11M) | Time:00:00.02 | Syncing Role_rock_e
Fra:1 Mem:81.11M (Peak 81.11M) | Time:00:00.02 | Syncing rock_single_C.001
Fra:1 Mem:81.12M (Peak 81.12M) | Time:00:00.02 | Syncing Role_rock_c.001
Fra:1 Mem:81.13M (Peak 81.13M) | Time:00:00.02 | Syncing rock_single_E.001
Fra:1 Mem:81.14M (Peak 81.14M) | Time:00:00.02 | Syncing Role_rock_e.001
Fra:1 Mem:81.14M (Peak 81.14M) | Time:00:00.02 | Syncing rock_single_C.002
Fra:1 Mem:81.15M (Peak 81.15M) | Time:00:00.02 | Syncing Role_rock_c.002
Fra:1 Mem:81.16M (Peak 81.16M) | Time:00:00.02 | Syncing CampPath
Fra:1 Mem:81.17M (Peak 81.17M) | Time:00:00.02 | Syncing rock_single_C.003
Fra:1 Mem:81.18M (Peak 81.18M) | Time:00:00.02 | Syncing Role_rock_c.003
Fra:1 Mem:81.19M (Peak 81.19M) | Time:00:00.02 | Syncing rock_single_C.004
Fra:1 Mem:81.20M (Peak 81.20M) | Time:00:00.02 | Syncing Role_rock_c.004
Fra:1 Mem:81.20M (Peak 81.20M) | Time:00:00.02 | Syncing rock_single_C.005
Fra:1 Mem:81.21M (Peak 81.21M) | Time:00:00.02 | Syncing Role_rock_c.005
Fra:1 Mem:81.22M (Peak 81.22M) | Time:00:00.02 | Syncing rock_single_C.006
Fra:1 Mem:81.23M (Peak 81.23M) | Time:00:00.02 | Syncing Role_rock_c.006
Fra:1 Mem:81.23M (Peak 81.23M) | Time:00:00.02 | Syncing rock_single_C.007
Fra:1 Mem:81.24M (Peak 81.24M) | Time:00:00.02 | Syncing Role_rock_c.007
Fra:1 Mem:81.25M (Peak 81.25M) | Time:00:00.02 | Syncing rock_single_C.008
Fra:1 Mem:81.26M (Peak 81.26M) | Time:00:00.02 | Syncing Role_rock_c.008
Fra:1 Mem:81.26M (Peak 81.26M) | Time:00:00.02 | Syncing rock_single_C.009
Fra:1 Mem:81.27M (Peak 81.27M) | Time:00:00.02 | Syncing Role_rock_c.009
Fra:1 Mem:81.28M (Peak 81.28M) | Time:00:00.02 | Syncing rock_single_C.010
Fra:1 Mem:81.29M (Peak 81.29M) | Time:00:00.02 | Syncing Role_rock_c.010
Fra:1 Mem:81.29M (Peak 81.29M) | Time:00:00.02 | Syncing CampHearthLog_0
Fra:1 Mem:81.30M (Peak 81.30M) | Time:00:00.02 | Syncing CampHearthLog_1
Fra:1 Mem:81.31M (Peak 81.31M) | Time:00:00.02 | Syncing CampHearthFlame
Fra:1 Mem:81.32M (Peak 81.32M) | Time:00:00.02 | Syncing CampHearthWarmLight
Fra:1 Mem:81.32M (Peak 81.32M) | Time:00:00.02 | Syncing tent
Fra:1 Mem:81.34M (Peak 81.34M) | Time:00:00.02 | Syncing camp__tent
Fra:1 Mem:81.35M (Peak 81.35M) | Time:00:00.02 | Syncing flag_red
Fra:1 Mem:81.36M (Peak 81.36M) | Time:00:00.02 | Syncing camp__flag_red
Fra:1 Mem:81.36M (Peak 81.36M) | Time:00:00.02 | Syncing crate_A_big
Fra:1 Mem:81.38M (Peak 81.38M) | Time:00:00.02 | Syncing camp__crate_big
Fra:1 Mem:81.39M (Peak 81.39M) | Time:00:00.02 | Syncing crate_A_small
Fra:1 Mem:81.41M (Peak 81.41M) | Time:00:00.02 | Syncing camp__crate_small
Fra:1 Mem:81.41M (Peak 81.41M) | Time:00:00.02 | Syncing resource_lumber
Fra:1 Mem:81.45M (Peak 81.45M) | Time:00:00.02 | Syncing camp__lumber
Fra:1 Mem:81.45M (Peak 81.45M) | Time:00:00.02 | Syncing sack
Fra:1 Mem:81.47M (Peak 81.47M) | Time:00:00.02 | Syncing camp__sack
Fra:1 Mem:81.47M (Peak 81.47M) | Time:00:00.02 | Syncing barrel
Fra:1 Mem:81.51M (Peak 81.51M) | Time:00:00.02 | Syncing camp__barrel
Fra:1 Mem:81.51M (Peak 81.51M) | Time:00:00.02 | Syncing wheelbarrow
Fra:1 Mem:81.57M (Peak 81.57M) | Time:00:00.02 | Syncing camp__wheelbarrow
Fra:1 Mem:81.57M (Peak 81.57M) | Time:00:00.02 | Syncing ShelterPath
Fra:1 Mem:81.58M (Peak 81.58M) | Time:00:00.02 | Syncing building_home_A_green
Fra:1 Mem:81.75M (Peak 81.75M) | Time:00:00.02 | Syncing shelter__house_a
Fra:1 Mem:81.75M (Peak 81.75M) | Time:00:00.02 | Syncing FoodPath
Fra:1 Mem:81.76M (Peak 81.76M) | Time:00:00.02 | Syncing FoodFieldSoil
Fra:1 Mem:81.77M (Peak 81.77M) | Time:00:00.02 | Syncing FoodCrop_0_0
Fra:1 Mem:81.78M (Peak 81.78M) | Time:00:00.02 | Syncing FoodCrop_0_1
Fra:1 Mem:81.79M (Peak 81.79M) | Time:00:00.02 | Syncing FoodCrop_0_2
Fra:1 Mem:81.80M (Peak 81.80M) | Time:00:00.03 | Syncing FoodCrop_0_3
Fra:1 Mem:81.81M (Peak 81.81M) | Time:00:00.03 | Syncing FoodCrop_0_4
Fra:1 Mem:81.81M (Peak 81.81M) | Time:00:00.03 | Syncing FoodCrop_0_5
Fra:1 Mem:81.82M (Peak 81.82M) | Time:00:00.03 | Syncing FoodCrop_0_6
Fra:1 Mem:81.83M (Peak 81.83M) | Time:00:00.03 | Syncing FoodCrop_1_0
Fra:1 Mem:81.84M (Peak 81.84M) | Time:00:00.03 | Syncing FoodCrop_1_1
Fra:1 Mem:81.85M (Peak 81.85M) | Time:00:00.03 | Syncing FoodCrop_1_2
Fra:1 Mem:81.85M (Peak 81.85M) | Time:00:00.03 | Syncing FoodCrop_1_3
Fra:1 Mem:81.86M (Peak 81.86M) | Time:00:00.03 | Syncing FoodCrop_1_4
Fra:1 Mem:81.87M (Peak 81.87M) | Time:00:00.03 | Syncing FoodCrop_1_5
Fra:1 Mem:81.88M (Peak 81.88M) | Time:00:00.03 | Syncing FoodCrop_1_6
Fra:1 Mem:81.89M (Peak 81.89M) | Time:00:00.03 | Syncing FoodCrop_2_0
Fra:1 Mem:81.89M (Peak 81.89M) | Time:00:00.03 | Syncing FoodCrop_2_1
Fra:1 Mem:81.90M (Peak 81.90M) | Time:00:00.03 | Syncing FoodCrop_2_2
Fra:1 Mem:81.91M (Peak 81.91M) | Time:00:00.03 | Syncing FoodCrop_2_3
Fra:1 Mem:81.92M (Peak 81.92M) | Time:00:00.03 | Syncing FoodCrop_2_4
Fra:1 Mem:81.93M (Peak 81.93M) | Time:00:00.03 | Syncing FoodCrop_2_5
Fra:1 Mem:81.93M (Peak 81.93M) | Time:00:00.03 | Syncing FoodCrop_2_6
Fra:1 Mem:81.94M (Peak 81.94M) | Time:00:00.03 | Syncing FoodCrop_3_0
Fra:1 Mem:81.95M (Peak 81.95M) | Time:00:00.03 | Syncing FoodCrop_3_1
Fra:1 Mem:81.96M (Peak 81.96M) | Time:00:00.03 | Syncing FoodCrop_3_2
Fra:1 Mem:81.97M (Peak 81.97M) | Time:00:00.03 | Syncing FoodCrop_3_3
Fra:1 Mem:81.97M (Peak 81.97M) | Time:00:00.03 | Syncing FoodCrop_3_4
Fra:1 Mem:81.98M (Peak 81.98M) | Time:00:00.03 | Syncing FoodCrop_3_5
Fra:1 Mem:81.99M (Peak 81.99M) | Time:00:00.03 | Syncing FoodCrop_3_6
Fra:1 Mem:82.00M (Peak 82.00M) | Time:00:00.03 | Syncing FoodCrop_4_0
Fra:1 Mem:82.01M (Peak 82.01M) | Time:00:00.03 | Syncing FoodCrop_4_1
Fra:1 Mem:82.01M (Peak 82.01M) | Time:00:00.03 | Syncing FoodCrop_4_2
Fra:1 Mem:82.02M (Peak 82.02M) | Time:00:00.03 | Syncing FoodCrop_4_3
Fra:1 Mem:82.03M (Peak 82.03M) | Time:00:00.03 | Syncing FoodCrop_4_4
Fra:1 Mem:82.04M (Peak 82.04M) | Time:00:00.03 | Syncing FoodCrop_4_5
Fra:1 Mem:82.05M (Peak 82.05M) | Time:00:00.03 | Syncing FoodCrop_4_6
Fra:1 Mem:82.05M (Peak 82.05M) | Time:00:00.03 | Syncing building_grain
Fra:1 Mem:82.09M (Peak 82.09M) | Time:00:00.03 | Syncing food__grain
Fra:1 Mem:82.09M (Peak 82.09M) | Time:00:00.03 | Syncing building_home_B_yellow
Fra:1 Mem:82.27M (Peak 82.27M) | Time:00:00.03 | Syncing food__house_b
Fra:1 Mem:82.28M (Peak 82.28M) | Time:00:00.03 | Syncing sack.001
Fra:1 Mem:82.30M (Peak 82.30M) | Time:00:00.03 | Syncing food__sack
Fra:1 Mem:82.30M (Peak 82.30M) | Time:00:00.03 | Syncing bucket_water
Fra:1 Mem:82.32M (Peak 82.32M) | Time:00:00.03 | Syncing food__bucket_water
Fra:1 Mem:82.33M (Peak 82.33M) | Time:00:00.03 | Syncing fence_wood_straight
Fra:1 Mem:82.36M (Peak 82.36M) | Time:00:00.03 | Syncing food__fence.001
Fra:1 Mem:82.36M (Peak 82.36M) | Time:00:00.03 | Syncing fence_wood_straight.001
Fra:1 Mem:82.39M (Peak 82.39M) | Time:00:00.03 | Syncing food__fence
Fra:1 Mem:82.40M (Peak 82.40M) | Time:00:00.03 | Syncing TimberPath
Fra:1 Mem:82.41M (Peak 82.41M) | Time:00:00.03 | Syncing building_scaffolding
Fra:1 Mem:82.75M (Peak 82.75M) | Time:00:00.03 | Syncing timber__scaffolding
Fra:1 Mem:82.76M (Peak 82.76M) | Time:00:00.03 | Syncing tree_single_A_cut
Fra:1 Mem:82.76M (Peak 82.76M) | Time:00:00.03 | Syncing timber__tree_cut
Fra:1 Mem:82.77M (Peak 82.77M) | Time:00:00.03 | Syncing resource_lumber.001
Fra:1 Mem:82.80M (Peak 82.80M) | Time:00:00.03 | Syncing timber__lumber
Fra:1 Mem:82.81M (Peak 82.81M) | Time:00:00.03 | Syncing resource_lumber.002
Fra:1 Mem:82.84M (Peak 82.84M) | Time:00:00.03 | Syncing timber__lumber.001
Fra:1 Mem:82.84M (Peak 82.84M) | Time:00:00.03 | Syncing pallet
Fra:1 Mem:82.89M (Peak 82.89M) | Time:00:00.03 | Syncing timber__pallet
Fra:1 Mem:82.89M (Peak 82.89M) | Time:00:00.03 | Syncing ladder
Fra:1 Mem:82.91M (Peak 82.91M) | Time:00:00.03 | Syncing timber__ladder
Fra:1 Mem:82.91M (Peak 82.91M) | Time:00:00.03 | Syncing ScoutPath
Fra:1 Mem:82.93M (Peak 82.93M) | Time:00:00.03 | Syncing tent.001
Fra:1 Mem:82.94M (Peak 82.94M) | Time:00:00.03 | Syncing scout__tent
Fra:1 Mem:82.95M (Peak 82.95M) | Time:00:00.03 | Syncing flag_red.001
Fra:1 Mem:82.96M (Peak 82.96M) | Time:00:00.03 | Syncing scout__flag_red
Fra:1 Mem:82.96M (Peak 82.96M) | Time:00:00.03 | Syncing flag_red.002
Fra:1 Mem:82.97M (Peak 82.97M) | Time:00:00.03 | Syncing scout__flag_red.001
Fra:1 Mem:82.98M (Peak 82.98M) | Time:00:00.03 | Syncing target
Fra:1 Mem:83.00M (Peak 83.00M) | Time:00:00.03 | Syncing scout__target
Fra:1 Mem:83.01M (Peak 83.01M) | Time:00:00.03 | Syncing crate_open
Fra:1 Mem:83.05M (Peak 83.05M) | Time:00:00.03 | Syncing scout__crate_open
Fra:1 Mem:83.05M (Peak 83.05M) | Time:00:00.03 | Syncing StorehousePath
Fra:1 Mem:83.06M (Peak 83.06M) | Time:00:00.03 | Syncing building_lumbermill_green
Fra:1 Mem:83.31M (Peak 83.31M) | Time:00:00.03 | Syncing storehouse__storehouse
Fra:1 Mem:83.31M (Peak 83.31M) | Time:00:00.03 | Syncing building_lumbermill_saw_green
Fra:1 Mem:83.36M (Peak 83.36M) | Time:00:00.03 | Syncing building_lumbermill_top_green
Fra:1 Mem:83.53M (Peak 83.53M) | Time:00:00.03 | Syncing building_home_A_red
Fra:1 Mem:87.69M (Peak 91.55M) | Time:00:00.05 | Syncing storehouse__house_c
Fra:1 Mem:87.70M (Peak 91.55M) | Time:00:00.05 | Syncing crate_A_big.001
Fra:1 Mem:87.72M (Peak 91.55M) | Time:00:00.05 | Syncing storehouse__crate_big
Fra:1 Mem:87.73M (Peak 91.55M) | Time:00:00.05 | Syncing crate_A_small.001
Fra:1 Mem:87.75M (Peak 91.55M) | Time:00:00.05 | Syncing storehouse__crate_small
Fra:1 Mem:87.75M (Peak 91.55M) | Time:00:00.05 | Syncing barrel.001
Fra:1 Mem:87.79M (Peak 91.55M) | Time:00:00.05 | Syncing storehouse__barrel
Fra:1 Mem:87.79M (Peak 91.55M) | Time:00:00.05 | Syncing AurelianVillageV4Sun
Fra:1 Mem:87.79M (Peak 91.55M) | Time:00:00.05 | Syncing VillageV4PortraitCamera
Fra:1 Mem:87.21M (Peak 91.55M) | Time:00:00.06 | Rendering 1 / 64 samples
Fra:1 Mem:84.12M (Peak 91.55M) | Time:00:06.86 | Rendering 26 / 64 samples
Fra:1 Mem:84.12M (Peak 91.55M) | Time:00:12.87 | Rendering 51 / 64 samples
Fra:1 Mem:84.12M (Peak 91.55M) | Time:00:16.00 | Rendering 64 / 64 samples
Saved: '/home/runner/work/_temp/pixel-nations-village-v4/render/portrait/stage-06-storehouse.png'
Time: 00:16.43 (Saving: 00:00.16)

Fra:1 Mem:83.74M (Peak 83.74M) | Time:00:00.02 | Syncing AurelianContinuousTerrain
Fra:1 Mem:85.44M (Peak 85.44M) | Time:00:00.02 | Syncing RiverWater
Fra:1 Mem:85.46M (Peak 85.46M) | Time:00:00.02 | Syncing RoadApproach
Fra:1 Mem:85.47M (Peak 85.47M) | Time:00:00.02 | Syncing building_bridge_A
Fra:1 Mem:85.55M (Peak 85.55M) | Time:00:00.02 | Syncing Role_bridge
Fra:1 Mem:85.56M (Peak 85.56M) | Time:00:00.02 | Syncing tree_single_A
Fra:1 Mem:85.57M (Peak 85.57M) | Time:00:00.02 | Syncing Role_tree_a
Fra:1 Mem:85.57M (Peak 85.57M) | Time:00:00.02 | Syncing tree_single_B
Fra:1 Mem:85.61M (Peak 85.61M) | Time:00:00.02 | Syncing Role_tree_b
Fra:1 Mem:85.61M (Peak 85.61M) | Time:00:00.02 | Syncing tree_single_A.001
Fra:1 Mem:85.62M (Peak 85.62M) | Time:00:00.02 | Syncing Role_tree_a.001
Fra:1 Mem:85.63M (Peak 85.63M) | Time:00:00.02 | Syncing tree_single_B.001
Fra:1 Mem:85.66M (Peak 85.66M) | Time:00:00.02 | Syncing Role_tree_b.001
Fra:1 Mem:85.67M (Peak 85.67M) | Time:00:00.02 | Syncing tree_single_A.002
Fra:1 Mem:85.68M (Peak 85.68M) | Time:00:00.02 | Syncing Role_tree_a.002
Fra:1 Mem:85.68M (Peak 85.68M) | Time:00:00.02 | Syncing tree_single_B.002
Fra:1 Mem:85.71M (Peak 85.71M) | Time:00:00.02 | Syncing Role_tree_b.002
Fra:1 Mem:85.72M (Peak 85.72M) | Time:00:00.02 | Syncing tree_single_A.003
Fra:1 Mem:85.73M (Peak 85.73M) | Time:00:00.02 | Syncing Role_tree_a.003
Fra:1 Mem:85.74M (Peak 85.74M) | Time:00:00.02 | Syncing rock_single_C
Fra:1 Mem:85.75M (Peak 85.75M) | Time:00:00.02 | Syncing Role_rock_c
Fra:1 Mem:85.75M (Peak 85.75M) | Time:00:00.02 | Syncing rock_single_E
Fra:1 Mem:85.77M (Peak 85.77M) | Time:00:00.02 | Syncing Role_rock_e
Fra:1 Mem:85.77M (Peak 85.77M) | Time:00:00.02 | Syncing rock_single_C.001
Fra:1 Mem:85.78M (Peak 85.78M) | Time:00:00.02 | Syncing Role_rock_c.001
Fra:1 Mem:85.79M (Peak 85.79M) | Time:00:00.02 | Syncing rock_single_E.001
Fra:1 Mem:85.80M (Peak 85.80M) | Time:00:00.02 | Syncing Role_rock_e.001
Fra:1 Mem:85.80M (Peak 85.80M) | Time:00:00.02 | Syncing rock_single_C.002
Fra:1 Mem:85.81M (Peak 85.81M) | Time:00:00.02 | Syncing Role_rock_c.002
Fra:1 Mem:85.82M (Peak 85.82M) | Time:00:00.02 | Syncing CampPath
Fra:1 Mem:85.83M (Peak 85.83M) | Time:00:00.02 | Syncing rock_single_C.003
Fra:1 Mem:85.84M (Peak 85.84M) | Time:00:00.02 | Syncing Role_rock_c.003
Fra:1 Mem:85.85M (Peak 85.85M) | Time:00:00.02 | Syncing rock_single_C.004
Fra:1 Mem:85.86M (Peak 85.86M) | Time:00:00.02 | Syncing Role_rock_c.004
Fra:1 Mem:85.86M (Peak 85.86M) | Time:00:00.02 | Syncing rock_single_C.005
Fra:1 Mem:85.87M (Peak 85.87M) | Time:00:00.02 | Syncing Role_rock_c.005
Fra:1 Mem:85.88M (Peak 85.88M) | Time:00:00.02 | Syncing rock_single_C.006
Fra:1 Mem:85.89M (Peak 85.89M) | Time:00:00.02 | Syncing Role_rock_c.006
Fra:1 Mem:85.89M (Peak 85.89M) | Time:00:00.02 | Syncing rock_single_C.007
Fra:1 Mem:85.90M (Peak 85.90M) | Time:00:00.02 | Syncing Role_rock_c.007
Fra:1 Mem:85.91M (Peak 85.91M) | Time:00:00.02 | Syncing rock_single_C.008
Fra:1 Mem:85.92M (Peak 85.92M) | Time:00:00.02 | Syncing Role_rock_c.008
Fra:1 Mem:85.92M (Peak 85.92M) | Time:00:00.02 | Syncing rock_single_C.009
Fra:1 Mem:85.93M (Peak 85.93M) | Time:00:00.02 | Syncing Role_rock_c.009
Fra:1 Mem:85.94M (Peak 85.94M) | Time:00:00.02 | Syncing rock_single_C.010
Fra:1 Mem:85.95M (Peak 85.95M) | Time:00:00.02 | Syncing Role_rock_c.010
Fra:1 Mem:85.95M (Peak 85.95M) | Time:00:00.02 | Syncing CampHearthLog_0
Fra:1 Mem:85.96M (Peak 85.96M) | Time:00:00.02 | Syncing CampHearthLog_1
Fra:1 Mem:85.97M (Peak 85.97M) | Time:00:00.02 | Syncing CampHearthFlame
Fra:1 Mem:85.98M (Peak 85.98M) | Time:00:00.02 | Syncing CampHearthWarmLight
Fra:1 Mem:85.98M (Peak 85.98M) | Time:00:00.02 | Syncing tent
Fra:1 Mem:86.00M (Peak 86.00M) | Time:00:00.02 | Syncing camp__tent
Fra:1 Mem:86.00M (Peak 86.00M) | Time:00:00.02 | Syncing flag_red
Fra:1 Mem:86.02M (Peak 86.02M) | Time:00:00.02 | Syncing camp__flag_red
Fra:1 Mem:86.02M (Peak 86.02M) | Time:00:00.02 | Syncing crate_A_big
Fra:1 Mem:86.04M (Peak 86.04M) | Time:00:00.02 | Syncing camp__crate_big
Fra:1 Mem:86.05M (Peak 86.05M) | Time:00:00.02 | Syncing crate_A_small
Fra:1 Mem:86.07M (Peak 86.07M) | Time:00:00.02 | Syncing camp__crate_small
Fra:1 Mem:86.07M (Peak 86.07M) | Time:00:00.02 | Syncing resource_lumber
Fra:1 Mem:86.11M (Peak 86.11M) | Time:00:00.02 | Syncing camp__lumber
Fra:1 Mem:86.11M (Peak 86.11M) | Time:00:00.02 | Syncing sack
Fra:1 Mem:86.13M (Peak 86.13M) | Time:00:00.02 | Syncing camp__sack
Fra:1 Mem:86.13M (Peak 86.13M) | Time:00:00.02 | Syncing barrel
Fra:1 Mem:86.17M (Peak 86.17M) | Time:00:00.02 | Syncing camp__barrel
Fra:1 Mem:86.17M (Peak 86.17M) | Time:00:00.02 | Syncing wheelbarrow
Fra:1 Mem:86.23M (Peak 86.23M) | Time:00:00.03 | Syncing camp__wheelbarrow
Fra:1 Mem:86.23M (Peak 86.23M) | Time:00:00.03 | Syncing ShelterPath
Fra:1 Mem:86.24M (Peak 86.24M) | Time:00:00.03 | Syncing building_home_A_green
Fra:1 Mem:86.41M (Peak 86.41M) | Time:00:00.03 | Syncing shelter__house_a
Fra:1 Mem:86.41M (Peak 86.41M) | Time:00:00.03 | Syncing FoodPath
Fra:1 Mem:86.42M (Peak 86.42M) | Time:00:00.03 | Syncing FoodFieldSoil
Fra:1 Mem:86.43M (Peak 86.43M) | Time:00:00.03 | Syncing FoodCrop_0_0
Fra:1 Mem:86.44M (Peak 86.44M) | Time:00:00.03 | Syncing FoodCrop_0_1
Fra:1 Mem:86.45M (Peak 86.45M) | Time:00:00.03 | Syncing FoodCrop_0_2
Fra:1 Mem:86.46M (Peak 86.46M) | Time:00:00.03 | Syncing FoodCrop_0_3
Fra:1 Mem:86.47M (Peak 86.47M) | Time:00:00.03 | Syncing FoodCrop_0_4
Fra:1 Mem:86.47M (Peak 86.47M) | Time:00:00.03 | Syncing FoodCrop_0_5
Fra:1 Mem:86.48M (Peak 86.48M) | Time:00:00.03 | Syncing FoodCrop_0_6
Fra:1 Mem:86.49M (Peak 86.49M) | Time:00:00.03 | Syncing FoodCrop_1_0
Fra:1 Mem:86.50M (Peak 86.50M) | Time:00:00.03 | Syncing FoodCrop_1_1
Fra:1 Mem:86.51M (Peak 86.51M) | Time:00:00.03 | Syncing FoodCrop_1_2
Fra:1 Mem:86.51M (Peak 86.51M) | Time:00:00.03 | Syncing FoodCrop_1_3
Fra:1 Mem:86.52M (Peak 86.52M) | Time:00:00.03 | Syncing FoodCrop_1_4
Fra:1 Mem:86.53M (Peak 86.53M) | Time:00:00.03 | Syncing FoodCrop_1_5
Fra:1 Mem:86.54M (Peak 86.54M) | Time:00:00.03 | Syncing FoodCrop_1_6
Fra:1 Mem:86.55M (Peak 86.55M) | Time:00:00.03 | Syncing FoodCrop_2_0
Fra:1 Mem:86.55M (Peak 86.55M) | Time:00:00.03 | Syncing FoodCrop_2_1
Fra:1 Mem:86.56M (Peak 86.56M) | Time:00:00.03 | Syncing FoodCrop_2_2
Fra:1 Mem:86.57M (Peak 86.57M) | Time:00:00.03 | Syncing FoodCrop_2_3
Fra:1 Mem:86.58M (Peak 86.58M) | Time:00:00.03 | Syncing FoodCrop_2_4
Fra:1 Mem:86.59M (Peak 86.59M) | Time:00:00.03 | Syncing FoodCrop_2_5
Fra:1 Mem:86.59M (Peak 86.59M) | Time:00:00.03 | Syncing FoodCrop_2_6
Fra:1 Mem:86.60M (Peak 86.60M) | Time:00:00.03 | Syncing FoodCrop_3_0
Fra:1 Mem:86.61M (Peak 86.61M) | Time:00:00.03 | Syncing FoodCrop_3_1
Fra:1 Mem:86.62M (Peak 86.62M) | Time:00:00.03 | Syncing FoodCrop_3_2
Fra:1 Mem:86.63M (Peak 86.63M) | Time:00:00.03 | Syncing FoodCrop_3_3
Fra:1 Mem:86.63M (Peak 86.63M) | Time:00:00.03 | Syncing FoodCrop_3_4
Fra:1 Mem:86.64M (Peak 86.64M) | Time:00:00.03 | Syncing FoodCrop_3_5
Fra:1 Mem:86.65M (Peak 86.65M) | Time:00:00.03 | Syncing FoodCrop_3_6
Fra:1 Mem:86.66M (Peak 86.66M) | Time:00:00.03 | Syncing FoodCrop_4_0
Fra:1 Mem:86.67M (Peak 86.67M) | Time:00:00.03 | Syncing FoodCrop_4_1
Fra:1 Mem:86.67M (Peak 86.67M) | Time:00:00.03 | Syncing FoodCrop_4_2
Fra:1 Mem:86.68M (Peak 86.68M) | Time:00:00.03 | Syncing FoodCrop_4_3
Fra:1 Mem:86.69M (Peak 86.69M) | Time:00:00.03 | Syncing FoodCrop_4_4
Fra:1 Mem:86.70M (Peak 86.70M) | Time:00:00.03 | Syncing FoodCrop_4_5
Fra:1 Mem:86.71M (Peak 86.71M) | Time:00:00.03 | Syncing FoodCrop_4_6
Fra:1 Mem:86.71M (Peak 86.71M) | Time:00:00.03 | Syncing building_grain
Fra:1 Mem:86.75M (Peak 86.75M) | Time:00:00.03 | Syncing food__grain
Fra:1 Mem:86.75M (Peak 86.75M) | Time:00:00.03 | Syncing building_home_B_yellow
Fra:1 Mem:86.93M (Peak 86.93M) | Time:00:00.03 | Syncing food__house_b
Fra:1 Mem:86.94M (Peak 86.94M) | Time:00:00.03 | Syncing sack.001
Fra:1 Mem:86.95M (Peak 86.95M) | Time:00:00.03 | Syncing food__sack
Fra:1 Mem:86.96M (Peak 86.96M) | Time:00:00.03 | Syncing bucket_water
Fra:1 Mem:86.98M (Peak 86.98M) | Time:00:00.03 | Syncing food__bucket_water
Fra:1 Mem:86.99M (Peak 86.99M) | Time:00:00.03 | Syncing fence_wood_straight
Fra:1 Mem:87.02M (Peak 87.02M) | Time:00:00.03 | Syncing food__fence.001
Fra:1 Mem:87.02M (Peak 87.02M) | Time:00:00.03 | Syncing fence_wood_straight.001
Fra:1 Mem:87.05M (Peak 87.05M) | Time:00:00.03 | Syncing food__fence
Fra:1 Mem:87.06M (Peak 87.06M) | Time:00:00.03 | Syncing TimberPath
Fra:1 Mem:87.07M (Peak 87.07M) | Time:00:00.03 | Syncing building_scaffolding
Fra:1 Mem:87.41M (Peak 87.41M) | Time:00:00.03 | Syncing timber__scaffolding
Fra:1 Mem:87.42M (Peak 87.42M) | Time:00:00.03 | Syncing tree_single_A_cut
Fra:1 Mem:87.42M (Peak 87.42M) | Time:00:00.03 | Syncing timber__tree_cut
Fra:1 Mem:87.43M (Peak 87.43M) | Time:00:00.03 | Syncing resource_lumber.001
Fra:1 Mem:87.46M (Peak 87.46M) | Time:00:00.03 | Syncing timber__lumber
Fra:1 Mem:87.47M (Peak 87.47M) | Time:00:00.03 | Syncing resource_lumber.002
Fra:1 Mem:87.50M (Peak 87.50M) | Time:00:00.03 | Syncing timber__lumber.001
Fra:1 Mem:87.50M (Peak 87.50M) | Time:00:00.03 | Syncing pallet
Fra:1 Mem:87.55M (Peak 87.55M) | Time:00:00.03 | Syncing timber__pallet
Fra:1 Mem:87.55M (Peak 87.55M) | Time:00:00.03 | Syncing ladder
Fra:1 Mem:87.57M (Peak 87.57M) | Time:00:00.03 | Syncing timber__ladder
Fra:1 Mem:87.57M (Peak 87.57M) | Time:00:00.03 | Syncing ScoutPath
Fra:1 Mem:87.59M (Peak 87.59M) | Time:00:00.03 | Syncing tent.001
Fra:1 Mem:87.60M (Peak 87.60M) | Time:00:00.03 | Syncing scout__tent
Fra:1 Mem:87.61M (Peak 87.61M) | Time:00:00.03 | Syncing flag_red.001
Fra:1 Mem:87.62M (Peak 87.62M) | Time:00:00.03 | Syncing scout__flag_red
Fra:1 Mem:87.62M (Peak 87.62M) | Time:00:00.03 | Syncing flag_red.002
Fra:1 Mem:87.63M (Peak 87.63M) | Time:00:00.03 | Syncing scout__flag_red.001
Fra:1 Mem:87.64M (Peak 87.64M) | Time:00:00.03 | Syncing target
Fra:1 Mem:87.66M (Peak 87.66M) | Time:00:00.03 | Syncing scout__target
Fra:1 Mem:87.67M (Peak 87.67M) | Time:00:00.03 | Syncing crate_open
Fra:1 Mem:87.71M (Peak 87.71M) | Time:00:00.03 | Syncing scout__crate_open
Fra:1 Mem:87.71M (Peak 87.71M) | Time:00:00.03 | Syncing StorehousePath
Fra:1 Mem:87.72M (Peak 87.72M) | Time:00:00.03 | Syncing building_lumbermill_green
Fra:1 Mem:87.94M (Peak 87.94M) | Time:00:00.03 | Syncing storehouse__storehouse
Fra:1 Mem:87.95M (Peak 87.95M) | Time:00:00.03 | Syncing building_lumbermill_saw_green
Fra:1 Mem:87.99M (Peak 87.99M) | Time:00:00.03 | Syncing building_lumbermill_top_green
Fra:1 Mem:88.14M (Peak 88.14M) | Time:00:00.03 | Syncing building_home_A_red
Fra:1 Mem:88.28M (Peak 88.28M) | Time:00:00.04 | Syncing storehouse__house_c
Fra:1 Mem:88.28M (Peak 88.28M) | Time:00:00.04 | Syncing crate_A_big.001
Fra:1 Mem:88.30M (Peak 88.30M) | Time:00:00.04 | Syncing storehouse__crate_big
Fra:1 Mem:88.31M (Peak 88.31M) | Time:00:00.04 | Syncing crate_A_small.001
Fra:1 Mem:88.33M (Peak 88.33M) | Time:00:00.04 | Syncing storehouse__crate_small
Fra:1 Mem:88.34M (Peak 88.34M) | Time:00:00.04 | Syncing barrel.001
Fra:1 Mem:88.37M (Peak 88.37M) | Time:00:00.04 | Syncing storehouse__barrel
Fra:1 Mem:88.38M (Peak 88.38M) | Time:00:00.04 | Syncing MarketPath
Fra:1 Mem:88.39M (Peak 88.39M) | Time:00:00.04 | Syncing MarketCivicPlaza
Fra:1 Mem:88.41M (Peak 88.41M) | Time:00:00.04 | Syncing building_market_yellow
Fra:1 Mem:88.86M (Peak 88.86M) | Time:00:00.04 | Syncing market__market
Fra:1 Mem:88.86M (Peak 88.86M) | Time:00:00.04 | Syncing building_well_blue
Fra:1 Mem:92.98M (Peak 96.88M) | Time:00:00.06 | Syncing market__well
Fra:1 Mem:92.99M (Peak 96.88M) | Time:00:00.06 | Syncing building_home_B_blue
Fra:1 Mem:93.19M (Peak 96.88M) | Time:00:00.06 | Syncing market__house_d
Fra:1 Mem:93.19M (Peak 96.88M) | Time:00:00.06 | Syncing crate_open.001
Fra:1 Mem:93.23M (Peak 96.88M) | Time:00:00.06 | Syncing market__crate_open
Fra:1 Mem:93.23M (Peak 96.88M) | Time:00:00.06 | Syncing AurelianVillageV4Sun
Fra:1 Mem:93.23M (Peak 96.88M) | Time:00:00.06 | Syncing VillageV4PortraitCamera
Fra:1 Mem:92.46M (Peak 96.88M) | Time:00:00.06 | Rendering 1 / 64 samples
Fra:1 Mem:88.84M (Peak 96.88M) | Time:00:07.04 | Rendering 26 / 64 samples
Fra:1 Mem:88.84M (Peak 96.88M) | Time:00:13.27 | Rendering 51 / 64 samples
Fra:1 Mem:88.84M (Peak 96.88M) | Time:00:16.51 | Rendering 64 / 64 samples
Saved: '/home/runner/work/_temp/pixel-nations-village-v4/render/portrait/stage-07-market.png'
Time: 00:16.94 (Saving: 00:00.16)

Fra:1 Mem:88.45M (Peak 88.45M) | Time:00:00.02 | Syncing AurelianContinuousTerrain
Fra:1 Mem:90.15M (Peak 90.15M) | Time:00:00.02 | Syncing RiverWater
Fra:1 Mem:90.17M (Peak 90.17M) | Time:00:00.02 | Syncing RoadApproach
Fra:1 Mem:90.18M (Peak 90.18M) | Time:00:00.02 | Syncing building_bridge_A
Fra:1 Mem:90.26M (Peak 90.26M) | Time:00:00.02 | Syncing Role_bridge
Fra:1 Mem:90.27M (Peak 90.27M) | Time:00:00.02 | Syncing tree_single_A
Fra:1 Mem:90.28M (Peak 90.28M) | Time:00:00.02 | Syncing Role_tree_a
Fra:1 Mem:90.29M (Peak 90.29M) | Time:00:00.02 | Syncing tree_single_B
Fra:1 Mem:90.32M (Peak 90.32M) | Time:00:00.02 | Syncing Role_tree_b
Fra:1 Mem:90.32M (Peak 90.32M) | Time:00:00.02 | Syncing tree_single_A.001
Fra:1 Mem:90.33M (Peak 90.33M) | Time:00:00.02 | Syncing Role_tree_a.001
Fra:1 Mem:90.34M (Peak 90.34M) | Time:00:00.02 | Syncing tree_single_B.001
Fra:1 Mem:90.37M (Peak 90.37M) | Time:00:00.02 | Syncing Role_tree_b.001
Fra:1 Mem:90.38M (Peak 90.38M) | Time:00:00.02 | Syncing tree_single_A.002
Fra:1 Mem:90.39M (Peak 90.39M) | Time:00:00.02 | Syncing Role_tree_a.002
Fra:1 Mem:90.39M (Peak 90.39M) | Time:00:00.02 | Syncing tree_single_B.002
Fra:1 Mem:90.43M (Peak 90.43M) | Time:00:00.02 | Syncing Role_tree_b.002
Fra:1 Mem:90.43M (Peak 90.43M) | Time:00:00.02 | Syncing tree_single_A.003
Fra:1 Mem:90.44M (Peak 90.44M) | Time:00:00.02 | Syncing Role_tree_a.003
Fra:1 Mem:90.45M (Peak 90.45M) | Time:00:00.02 | Syncing rock_single_C
Fra:1 Mem:90.46M (Peak 90.46M) | Time:00:00.02 | Syncing Role_rock_c
Fra:1 Mem:90.46M (Peak 90.46M) | Time:00:00.02 | Syncing rock_single_E
Fra:1 Mem:90.48M (Peak 90.48M) | Time:00:00.02 | Syncing Role_rock_e
Fra:1 Mem:90.48M (Peak 90.48M) | Time:00:00.02 | Syncing rock_single_C.001
Fra:1 Mem:90.49M (Peak 90.49M) | Time:00:00.02 | Syncing Role_rock_c.001
Fra:1 Mem:90.50M (Peak 90.50M) | Time:00:00.02 | Syncing rock_single_E.001
Fra:1 Mem:90.51M (Peak 90.51M) | Time:00:00.02 | Syncing Role_rock_e.001
Fra:1 Mem:90.52M (Peak 90.52M) | Time:00:00.02 | Syncing rock_single_C.002
Fra:1 Mem:90.53M (Peak 90.53M) | Time:00:00.02 | Syncing Role_rock_c.002
Fra:1 Mem:90.53M (Peak 90.53M) | Time:00:00.02 | Syncing CampPath
Fra:1 Mem:90.54M (Peak 90.54M) | Time:00:00.02 | Syncing rock_single_C.003
Fra:1 Mem:90.55M (Peak 90.55M) | Time:00:00.02 | Syncing Role_rock_c.003
Fra:1 Mem:90.56M (Peak 90.56M) | Time:00:00.02 | Syncing rock_single_C.004
Fra:1 Mem:90.57M (Peak 90.57M) | Time:00:00.02 | Syncing Role_rock_c.004
Fra:1 Mem:90.57M (Peak 90.57M) | Time:00:00.02 | Syncing rock_single_C.005
Fra:1 Mem:90.58M (Peak 90.58M) | Time:00:00.02 | Syncing Role_rock_c.005
Fra:1 Mem:90.59M (Peak 90.59M) | Time:00:00.02 | Syncing rock_single_C.006
Fra:1 Mem:90.60M (Peak 90.60M) | Time:00:00.02 | Syncing Role_rock_c.006
Fra:1 Mem:90.60M (Peak 90.60M) | Time:00:00.02 | Syncing rock_single_C.007
Fra:1 Mem:90.61M (Peak 90.61M) | Time:00:00.02 | Syncing Role_rock_c.007
Fra:1 Mem:90.62M (Peak 90.62M) | Time:00:00.02 | Syncing rock_single_C.008
Fra:1 Mem:90.63M (Peak 90.63M) | Time:00:00.02 | Syncing Role_rock_c.008
Fra:1 Mem:90.63M (Peak 90.63M) | Time:00:00.02 | Syncing rock_single_C.009
Fra:1 Mem:90.64M (Peak 90.64M) | Time:00:00.02 | Syncing Role_rock_c.009
Fra:1 Mem:90.65M (Peak 90.65M) | Time:00:00.02 | Syncing rock_single_C.010
Fra:1 Mem:90.66M (Peak 90.66M) | Time:00:00.02 | Syncing Role_rock_c.010
Fra:1 Mem:90.66M (Peak 90.66M) | Time:00:00.02 | Syncing CampHearthLog_0
Fra:1 Mem:90.67M (Peak 90.67M) | Time:00:00.02 | Syncing CampHearthLog_1
Fra:1 Mem:90.68M (Peak 90.68M) | Time:00:00.02 | Syncing CampHearthFlame
Fra:1 Mem:90.69M (Peak 90.69M) | Time:00:00.02 | Syncing CampHearthWarmLight
Fra:1 Mem:90.70M (Peak 90.70M) | Time:00:00.02 | Syncing tent
Fra:1 Mem:90.71M (Peak 90.71M) | Time:00:00.02 | Syncing camp__tent
Fra:1 Mem:90.72M (Peak 90.72M) | Time:00:00.02 | Syncing flag_red
Fra:1 Mem:90.73M (Peak 90.73M) | Time:00:00.02 | Syncing camp__flag_red
Fra:1 Mem:90.73M (Peak 90.73M) | Time:00:00.02 | Syncing crate_A_big
Fra:1 Mem:90.75M (Peak 90.75M) | Time:00:00.02 | Syncing camp__crate_big
Fra:1 Mem:90.76M (Peak 90.76M) | Time:00:00.02 | Syncing crate_A_small
Fra:1 Mem:90.78M (Peak 90.78M) | Time:00:00.02 | Syncing camp__crate_small
Fra:1 Mem:90.79M (Peak 90.79M) | Time:00:00.02 | Syncing resource_lumber
Fra:1 Mem:90.82M (Peak 90.82M) | Time:00:00.02 | Syncing camp__lumber
Fra:1 Mem:90.82M (Peak 90.82M) | Time:00:00.02 | Syncing sack
Fra:1 Mem:90.84M (Peak 90.84M) | Time:00:00.02 | Syncing camp__sack
Fra:1 Mem:90.85M (Peak 90.85M) | Time:00:00.02 | Syncing barrel
Fra:1 Mem:90.88M (Peak 90.88M) | Time:00:00.02 | Syncing camp__barrel
Fra:1 Mem:90.89M (Peak 90.89M) | Time:00:00.02 | Syncing wheelbarrow
Fra:1 Mem:90.94M (Peak 90.94M) | Time:00:00.02 | Syncing camp__wheelbarrow
Fra:1 Mem:90.95M (Peak 90.95M) | Time:00:00.02 | Syncing ShelterPath
Fra:1 Mem:90.96M (Peak 90.96M) | Time:00:00.02 | Syncing building_home_A_green
Fra:1 Mem:91.12M (Peak 91.12M) | Time:00:00.03 | Syncing shelter__house_a
Fra:1 Mem:91.12M (Peak 91.12M) | Time:00:00.03 | Syncing FoodPath
Fra:1 Mem:91.13M (Peak 91.13M) | Time:00:00.03 | Syncing FoodFieldSoil
Fra:1 Mem:91.14M (Peak 91.14M) | Time:00:00.03 | Syncing FoodCrop_0_0
Fra:1 Mem:91.15M (Peak 91.15M) | Time:00:00.03 | Syncing FoodCrop_0_1
Fra:1 Mem:91.16M (Peak 91.16M) | Time:00:00.03 | Syncing FoodCrop_0_2
Fra:1 Mem:91.17M (Peak 91.17M) | Time:00:00.03 | Syncing FoodCrop_0_3
Fra:1 Mem:91.18M (Peak 91.18M) | Time:00:00.03 | Syncing FoodCrop_0_4
Fra:1 Mem:91.19M (Peak 91.19M) | Time:00:00.03 | Syncing FoodCrop_0_5
Fra:1 Mem:91.19M (Peak 91.19M) | Time:00:00.03 | Syncing FoodCrop_0_6
Fra:1 Mem:91.20M (Peak 91.20M) | Time:00:00.03 | Syncing FoodCrop_1_0
Fra:1 Mem:91.21M (Peak 91.21M) | Time:00:00.03 | Syncing FoodCrop_1_1
Fra:1 Mem:91.22M (Peak 91.22M) | Time:00:00.03 | Syncing FoodCrop_1_2
Fra:1 Mem:91.22M (Peak 91.22M) | Time:00:00.03 | Syncing FoodCrop_1_3
Fra:1 Mem:91.23M (Peak 91.23M) | Time:00:00.03 | Syncing FoodCrop_1_4
Fra:1 Mem:91.24M (Peak 91.24M) | Time:00:00.03 | Syncing FoodCrop_1_5
Fra:1 Mem:91.25M (Peak 91.25M) | Time:00:00.03 | Syncing FoodCrop_1_6
Fra:1 Mem:91.26M (Peak 91.26M) | Time:00:00.03 | Syncing FoodCrop_2_0
Fra:1 Mem:91.26M (Peak 91.26M) | Time:00:00.03 | Syncing FoodCrop_2_1
Fra:1 Mem:91.27M (Peak 91.27M) | Time:00:00.03 | Syncing FoodCrop_2_2
Fra:1 Mem:91.28M (Peak 91.28M) | Time:00:00.03 | Syncing FoodCrop_2_3
Fra:1 Mem:91.29M (Peak 91.29M) | Time:00:00.03 | Syncing FoodCrop_2_4
Fra:1 Mem:91.30M (Peak 91.30M) | Time:00:00.03 | Syncing FoodCrop_2_5
Fra:1 Mem:91.30M (Peak 91.30M) | Time:00:00.03 | Syncing FoodCrop_2_6
Fra:1 Mem:91.31M (Peak 91.31M) | Time:00:00.03 | Syncing FoodCrop_3_0
Fra:1 Mem:91.32M (Peak 91.32M) | Time:00:00.03 | Syncing FoodCrop_3_1
Fra:1 Mem:91.33M (Peak 91.33M) | Time:00:00.03 | Syncing FoodCrop_3_2
Fra:1 Mem:91.34M (Peak 91.34M) | Time:00:00.03 | Syncing FoodCrop_3_3
Fra:1 Mem:91.35M (Peak 91.35M) | Time:00:00.03 | Syncing FoodCrop_3_4
Fra:1 Mem:91.35M (Peak 91.35M) | Time:00:00.03 | Syncing FoodCrop_3_5
Fra:1 Mem:91.36M (Peak 91.36M) | Time:00:00.03 | Syncing FoodCrop_3_6
Fra:1 Mem:91.37M (Peak 91.37M) | Time:00:00.03 | Syncing FoodCrop_4_0
Fra:1 Mem:91.38M (Peak 91.38M) | Time:00:00.03 | Syncing FoodCrop_4_1
Fra:1 Mem:91.39M (Peak 91.39M) | Time:00:00.03 | Syncing FoodCrop_4_2
Fra:1 Mem:91.39M (Peak 91.39M) | Time:00:00.03 | Syncing FoodCrop_4_3
Fra:1 Mem:91.40M (Peak 91.40M) | Time:00:00.03 | Syncing FoodCrop_4_4
Fra:1 Mem:91.41M (Peak 91.41M) | Time:00:00.03 | Syncing FoodCrop_4_5
Fra:1 Mem:91.42M (Peak 91.42M) | Time:00:00.03 | Syncing FoodCrop_4_6
Fra:1 Mem:91.43M (Peak 91.43M) | Time:00:00.03 | Syncing building_grain
Fra:1 Mem:91.46M (Peak 91.46M) | Time:00:00.03 | Syncing food__grain
Fra:1 Mem:91.46M (Peak 91.46M) | Time:00:00.03 | Syncing building_home_B_yellow
Fra:1 Mem:91.65M (Peak 91.65M) | Time:00:00.03 | Syncing food__house_b
Fra:1 Mem:91.65M (Peak 91.65M) | Time:00:00.03 | Syncing sack.001
Fra:1 Mem:91.67M (Peak 91.67M) | Time:00:00.03 | Syncing food__sack
Fra:1 Mem:91.67M (Peak 91.67M) | Time:00:00.03 | Syncing bucket_water
Fra:1 Mem:91.69M (Peak 91.69M) | Time:00:00.03 | Syncing food__bucket_water
Fra:1 Mem:91.70M (Peak 91.70M) | Time:00:00.03 | Syncing fence_wood_straight
Fra:1 Mem:91.73M (Peak 91.73M) | Time:00:00.03 | Syncing food__fence.001
Fra:1 Mem:91.73M (Peak 91.73M) | Time:00:00.03 | Syncing fence_wood_straight.001
Fra:1 Mem:91.77M (Peak 91.77M) | Time:00:00.03 | Syncing food__fence
Fra:1 Mem:91.77M (Peak 91.77M) | Time:00:00.03 | Syncing TimberPath
Fra:1 Mem:91.78M (Peak 91.78M) | Time:00:00.03 | Syncing building_scaffolding
Fra:1 Mem:92.12M (Peak 92.12M) | Time:00:00.03 | Syncing timber__scaffolding
Fra:1 Mem:92.13M (Peak 92.13M) | Time:00:00.03 | Syncing tree_single_A_cut
Fra:1 Mem:92.13M (Peak 92.13M) | Time:00:00.03 | Syncing timber__tree_cut
Fra:1 Mem:92.14M (Peak 92.14M) | Time:00:00.03 | Syncing resource_lumber.001
Fra:1 Mem:92.17M (Peak 92.17M) | Time:00:00.03 | Syncing timber__lumber
Fra:1 Mem:92.18M (Peak 92.18M) | Time:00:00.03 | Syncing resource_lumber.002
Fra:1 Mem:92.21M (Peak 92.21M) | Time:00:00.03 | Syncing timber__lumber.001
Fra:1 Mem:92.22M (Peak 92.22M) | Time:00:00.03 | Syncing pallet
Fra:1 Mem:92.26M (Peak 92.26M) | Time:00:00.03 | Syncing timber__pallet
Fra:1 Mem:92.27M (Peak 92.27M) | Time:00:00.03 | Syncing ladder
Fra:1 Mem:92.28M (Peak 92.28M) | Time:00:00.03 | Syncing timber__ladder
Fra:1 Mem:92.29M (Peak 92.29M) | Time:00:00.03 | Syncing ScoutPath
Fra:1 Mem:92.30M (Peak 92.30M) | Time:00:00.03 | Syncing tent.001
Fra:1 Mem:92.31M (Peak 92.31M) | Time:00:00.03 | Syncing scout__tent
Fra:1 Mem:92.32M (Peak 92.32M) | Time:00:00.03 | Syncing flag_red.001
Fra:1 Mem:92.33M (Peak 92.33M) | Time:00:00.03 | Syncing scout__flag_red
Fra:1 Mem:92.33M (Peak 92.33M) | Time:00:00.03 | Syncing flag_red.002
Fra:1 Mem:92.34M (Peak 92.34M) | Time:00:00.03 | Syncing scout__flag_red.001
Fra:1 Mem:92.35M (Peak 92.35M) | Time:00:00.03 | Syncing target
Fra:1 Mem:92.37M (Peak 92.37M) | Time:00:00.03 | Syncing scout__target
Fra:1 Mem:92.38M (Peak 92.38M) | Time:00:00.03 | Syncing crate_open
Fra:1 Mem:92.42M (Peak 92.42M) | Time:00:00.03 | Syncing scout__crate_open
Fra:1 Mem:92.42M (Peak 92.42M) | Time:00:00.03 | Syncing StorehousePath
Fra:1 Mem:92.43M (Peak 92.43M) | Time:00:00.03 | Syncing building_lumbermill_green
Fra:1 Mem:92.65M (Peak 92.65M) | Time:00:00.03 | Syncing storehouse__storehouse
Fra:1 Mem:92.66M (Peak 92.66M) | Time:00:00.03 | Syncing building_lumbermill_saw_green
Fra:1 Mem:92.70M (Peak 92.70M) | Time:00:00.03 | Syncing building_lumbermill_top_green
Fra:1 Mem:92.86M (Peak 92.86M) | Time:00:00.03 | Syncing building_home_A_red
Fra:1 Mem:92.99M (Peak 92.99M) | Time:00:00.03 | Syncing storehouse__house_c
Fra:1 Mem:92.99M (Peak 92.99M) | Time:00:00.03 | Syncing crate_A_big.001
Fra:1 Mem:93.02M (Peak 93.02M) | Time:00:00.03 | Syncing storehouse__crate_big
Fra:1 Mem:93.02M (Peak 93.02M) | Time:00:00.03 | Syncing crate_A_small.001
Fra:1 Mem:93.04M (Peak 93.04M) | Time:00:00.03 | Syncing storehouse__crate_small
Fra:1 Mem:93.05M (Peak 93.05M) | Time:00:00.03 | Syncing barrel.001
Fra:1 Mem:93.08M (Peak 93.08M) | Time:00:00.03 | Syncing storehouse__barrel
Fra:1 Mem:93.09M (Peak 93.09M) | Time:00:00.03 | Syncing MarketPath
Fra:1 Mem:93.10M (Peak 93.10M) | Time:00:00.03 | Syncing MarketCivicPlaza
Fra:1 Mem:93.12M (Peak 93.12M) | Time:00:00.03 | Syncing building_market_yellow
Fra:1 Mem:93.52M (Peak 93.52M) | Time:00:00.04 | Syncing market__market
Fra:1 Mem:93.52M (Peak 93.52M) | Time:00:00.04 | Syncing building_well_blue
Fra:1 Mem:93.62M (Peak 93.62M) | Time:00:00.04 | Syncing market__well
Fra:1 Mem:93.62M (Peak 93.62M) | Time:00:00.04 | Syncing building_home_B_blue
Fra:1 Mem:93.80M (Peak 93.80M) | Time:00:00.04 | Syncing market__house_d
Fra:1 Mem:93.81M (Peak 93.81M) | Time:00:00.04 | Syncing crate_open.001
Fra:1 Mem:93.85M (Peak 93.85M) | Time:00:00.04 | Syncing market__crate_open
Fra:1 Mem:93.85M (Peak 93.85M) | Time:00:00.04 | Syncing WatchPath
Fra:1 Mem:93.86M (Peak 93.86M) | Time:00:00.04 | Syncing building_tower_A_red
Fra:1 Mem:94.08M (Peak 94.08M) | Time:00:00.04 | Syncing watch__tower
Fra:1 Mem:94.09M (Peak 94.09M) | Time:00:00.04 | Syncing building_tower_A_top_red
Fra:1 Mem:94.18M (Peak 94.18M) | Time:00:00.04 | Syncing building_barracks_blue
Fra:1 Mem:94.75M (Peak 94.75M) | Time:00:00.04 | Syncing watch__barracks
Fra:1 Mem:94.76M (Peak 94.76M) | Time:00:00.04 | Syncing fence_wood_straight.002
Fra:1 Mem:94.79M (Peak 94.79M) | Time:00:00.04 | Syncing watch__fence
Fra:1 Mem:94.80M (Peak 94.80M) | Time:00:00.04 | Syncing fence_wood_straight.003
Fra:1 Mem:94.83M (Peak 94.83M) | Time:00:00.04 | Syncing watch__fence.001
Fra:1 Mem:94.83M (Peak 94.83M) | Time:00:00.04 | Syncing AurelianVillageV4Sun
Fra:1 Mem:94.83M (Peak 94.83M) | Time:00:00.04 | Syncing VillageV4PortraitCamera
Fra:1 Mem:93.83M (Peak 94.83M) | Time:00:00.04 | Rendering 1 / 64 samples
Fra:1 Mem:89.61M (Peak 94.83M) | Time:00:07.26 | Rendering 26 / 64 samples
Fra:1 Mem:89.61M (Peak 94.83M) | Time:00:13.72 | Rendering 51 / 64 samples
Fra:1 Mem:89.61M (Peak 94.83M) | Time:00:17.08 | Rendering 64 / 64 samples
Saved: '/home/runner/work/_temp/pixel-nations-village-v4/render/portrait/stage-08-watch.png'
Time: 00:17.52 (Saving: 00:00.16)

Fra:1 Mem:89.04M (Peak 89.04M) | Time:00:00.02 | Syncing AurelianContinuousTerrain
Fra:1 Mem:90.74M (Peak 90.74M) | Time:00:00.02 | Syncing RiverWater
Fra:1 Mem:90.76M (Peak 90.76M) | Time:00:00.02 | Syncing RoadApproach
Fra:1 Mem:90.77M (Peak 90.77M) | Time:00:00.02 | Syncing building_bridge_A
Fra:1 Mem:90.85M (Peak 90.85M) | Time:00:00.02 | Syncing Role_bridge
Fra:1 Mem:90.86M (Peak 90.86M) | Time:00:00.02 | Syncing tree_single_A
Fra:1 Mem:90.87M (Peak 90.87M) | Time:00:00.02 | Syncing Role_tree_a
Fra:1 Mem:90.88M (Peak 90.88M) | Time:00:00.02 | Syncing tree_single_B
Fra:1 Mem:90.91M (Peak 90.91M) | Time:00:00.02 | Syncing Role_tree_b
Fra:1 Mem:90.91M (Peak 90.91M) | Time:00:00.02 | Syncing tree_single_A.001
Fra:1 Mem:90.93M (Peak 90.93M) | Time:00:00.02 | Syncing Role_tree_a.001
Fra:1 Mem:90.93M (Peak 90.93M) | Time:00:00.02 | Syncing tree_single_B.001
Fra:1 Mem:90.96M (Peak 90.96M) | Time:00:00.02 | Syncing Role_tree_b.001
Fra:1 Mem:90.97M (Peak 90.97M) | Time:00:00.02 | Syncing tree_single_A.002
Fra:1 Mem:90.98M (Peak 90.98M) | Time:00:00.02 | Syncing Role_tree_a.002
Fra:1 Mem:90.98M (Peak 90.98M) | Time:00:00.02 | Syncing tree_single_B.002
Fra:1 Mem:91.02M (Peak 91.02M) | Time:00:00.02 | Syncing Role_tree_b.002
Fra:1 Mem:91.02M (Peak 91.02M) | Time:00:00.02 | Syncing tree_single_A.003
Fra:1 Mem:91.03M (Peak 91.03M) | Time:00:00.02 | Syncing Role_tree_a.003
Fra:1 Mem:91.04M (Peak 91.04M) | Time:00:00.02 | Syncing rock_single_C
Fra:1 Mem:91.05M (Peak 91.05M) | Time:00:00.02 | Syncing Role_rock_c
Fra:1 Mem:91.05M (Peak 91.05M) | Time:00:00.02 | Syncing rock_single_E
Fra:1 Mem:91.07M (Peak 91.07M) | Time:00:00.02 | Syncing Role_rock_e
Fra:1 Mem:91.07M (Peak 91.07M) | Time:00:00.02 | Syncing rock_single_C.001
Fra:1 Mem:91.08M (Peak 91.08M) | Time:00:00.02 | Syncing Role_rock_c.001
Fra:1 Mem:91.09M (Peak 91.09M) | Time:00:00.02 | Syncing rock_single_E.001
Fra:1 Mem:91.10M (Peak 91.10M) | Time:00:00.02 | Syncing Role_rock_e.001
Fra:1 Mem:91.11M (Peak 91.11M) | Time:00:00.02 | Syncing rock_single_C.002
Fra:1 Mem:91.12M (Peak 91.12M) | Time:00:00.02 | Syncing Role_rock_c.002
Fra:1 Mem:91.12M (Peak 91.12M) | Time:00:00.02 | Syncing CampPath
Fra:1 Mem:91.13M (Peak 91.13M) | Time:00:00.02 | Syncing rock_single_C.003
Fra:1 Mem:91.14M (Peak 91.14M) | Time:00:00.02 | Syncing Role_rock_c.003
Fra:1 Mem:91.15M (Peak 91.15M) | Time:00:00.02 | Syncing rock_single_C.004
Fra:1 Mem:91.16M (Peak 91.16M) | Time:00:00.02 | Syncing Role_rock_c.004
Fra:1 Mem:91.16M (Peak 91.16M) | Time:00:00.02 | Syncing rock_single_C.005
Fra:1 Mem:91.17M (Peak 91.17M) | Time:00:00.02 | Syncing Role_rock_c.005
Fra:1 Mem:91.18M (Peak 91.18M) | Time:00:00.02 | Syncing rock_single_C.006
Fra:1 Mem:91.19M (Peak 91.19M) | Time:00:00.02 | Syncing Role_rock_c.006
Fra:1 Mem:91.19M (Peak 91.19M) | Time:00:00.02 | Syncing rock_single_C.007
Fra:1 Mem:91.20M (Peak 91.20M) | Time:00:00.02 | Syncing Role_rock_c.007
Fra:1 Mem:91.21M (Peak 91.21M) | Time:00:00.02 | Syncing rock_single_C.008
Fra:1 Mem:91.22M (Peak 91.22M) | Time:00:00.02 | Syncing Role_rock_c.008
Fra:1 Mem:91.22M (Peak 91.22M) | Time:00:00.02 | Syncing rock_single_C.009
Fra:1 Mem:91.23M (Peak 91.23M) | Time:00:00.02 | Syncing Role_rock_c.009
Fra:1 Mem:91.24M (Peak 91.24M) | Time:00:00.02 | Syncing rock_single_C.010
Fra:1 Mem:91.25M (Peak 91.25M) | Time:00:00.02 | Syncing Role_rock_c.010
Fra:1 Mem:91.25M (Peak 91.25M) | Time:00:00.02 | Syncing CampHearthLog_0
Fra:1 Mem:91.26M (Peak 91.26M) | Time:00:00.02 | Syncing CampHearthLog_1
Fra:1 Mem:91.27M (Peak 91.27M) | Time:00:00.02 | Syncing CampHearthFlame
Fra:1 Mem:91.28M (Peak 91.28M) | Time:00:00.02 | Syncing CampHearthWarmLight
Fra:1 Mem:91.29M (Peak 91.29M) | Time:00:00.02 | Syncing tent
Fra:1 Mem:91.30M (Peak 91.30M) | Time:00:00.02 | Syncing camp__tent
Fra:1 Mem:91.31M (Peak 91.31M) | Time:00:00.02 | Syncing flag_red
Fra:1 Mem:91.32M (Peak 91.32M) | Time:00:00.03 | Syncing camp__flag_red
Fra:1 Mem:91.32M (Peak 91.32M) | Time:00:00.03 | Syncing crate_A_big
Fra:1 Mem:91.34M (Peak 91.34M) | Time:00:00.03 | Syncing camp__crate_big
Fra:1 Mem:91.35M (Peak 91.35M) | Time:00:00.03 | Syncing crate_A_small
Fra:1 Mem:91.37M (Peak 91.37M) | Time:00:00.03 | Syncing camp__crate_small
Fra:1 Mem:91.38M (Peak 91.38M) | Time:00:00.03 | Syncing resource_lumber
Fra:1 Mem:91.41M (Peak 91.41M) | Time:00:00.03 | Syncing camp__lumber
Fra:1 Mem:91.41M (Peak 91.41M) | Time:00:00.03 | Syncing sack
Fra:1 Mem:91.43M (Peak 91.43M) | Time:00:00.03 | Syncing camp__sack
Fra:1 Mem:91.44M (Peak 91.44M) | Time:00:00.03 | Syncing barrel
Fra:1 Mem:91.47M (Peak 91.47M) | Time:00:00.03 | Syncing camp__barrel
Fra:1 Mem:91.48M (Peak 91.48M) | Time:00:00.03 | Syncing wheelbarrow
Fra:1 Mem:91.53M (Peak 91.53M) | Time:00:00.03 | Syncing camp__wheelbarrow
Fra:1 Mem:91.54M (Peak 91.54M) | Time:00:00.03 | Syncing ShelterPath
Fra:1 Mem:91.55M (Peak 91.55M) | Time:00:00.03 | Syncing building_home_A_green
Fra:1 Mem:91.71M (Peak 91.71M) | Time:00:00.03 | Syncing shelter__house_a
Fra:1 Mem:91.71M (Peak 91.71M) | Time:00:00.03 | Syncing FoodPath
Fra:1 Mem:91.72M (Peak 91.72M) | Time:00:00.03 | Syncing FoodFieldSoil
Fra:1 Mem:91.73M (Peak 91.73M) | Time:00:00.03 | Syncing FoodCrop_0_0
Fra:1 Mem:91.74M (Peak 91.74M) | Time:00:00.03 | Syncing FoodCrop_0_1
Fra:1 Mem:91.75M (Peak 91.75M) | Time:00:00.03 | Syncing FoodCrop_0_2
Fra:1 Mem:91.76M (Peak 91.76M) | Time:00:00.03 | Syncing FoodCrop_0_3
Fra:1 Mem:91.77M (Peak 91.77M) | Time:00:00.03 | Syncing FoodCrop_0_4
Fra:1 Mem:91.78M (Peak 91.78M) | Time:00:00.03 | Syncing FoodCrop_0_5
Fra:1 Mem:91.78M (Peak 91.78M) | Time:00:00.03 | Syncing FoodCrop_0_6
Fra:1 Mem:91.79M (Peak 91.79M) | Time:00:00.03 | Syncing FoodCrop_1_0
Fra:1 Mem:91.80M (Peak 91.80M) | Time:00:00.03 | Syncing FoodCrop_1_1
Fra:1 Mem:91.81M (Peak 91.81M) | Time:00:00.03 | Syncing FoodCrop_1_2
Fra:1 Mem:91.82M (Peak 91.82M) | Time:00:00.03 | Syncing FoodCrop_1_3
Fra:1 Mem:91.82M (Peak 91.82M) | Time:00:00.03 | Syncing FoodCrop_1_4
Fra:1 Mem:91.83M (Peak 91.83M) | Time:00:00.03 | Syncing FoodCrop_1_5
Fra:1 Mem:91.84M (Peak 91.84M) | Time:00:00.03 | Syncing FoodCrop_1_6
Fra:1 Mem:91.85M (Peak 91.85M) | Time:00:00.03 | Syncing FoodCrop_2_0
Fra:1 Mem:91.86M (Peak 91.86M) | Time:00:00.03 | Syncing FoodCrop_2_1
Fra:1 Mem:91.86M (Peak 91.86M) | Time:00:00.03 | Syncing FoodCrop_2_2
Fra:1 Mem:91.87M (Peak 91.87M) | Time:00:00.03 | Syncing FoodCrop_2_3
Fra:1 Mem:91.88M (Peak 91.88M) | Time:00:00.03 | Syncing FoodCrop_2_4
Fra:1 Mem:91.89M (Peak 91.89M) | Time:00:00.03 | Syncing FoodCrop_2_5
Fra:1 Mem:91.89M (Peak 91.89M) | Time:00:00.03 | Syncing FoodCrop_2_6
Fra:1 Mem:91.90M (Peak 91.90M) | Time:00:00.03 | Syncing FoodCrop_3_0
Fra:1 Mem:91.91M (Peak 91.91M) | Time:00:00.03 | Syncing FoodCrop_3_1
Fra:1 Mem:91.92M (Peak 91.92M) | Time:00:00.03 | Syncing FoodCrop_3_2
Fra:1 Mem:91.93M (Peak 91.93M) | Time:00:00.03 | Syncing FoodCrop_3_3
Fra:1 Mem:91.94M (Peak 91.94M) | Time:00:00.03 | Syncing FoodCrop_3_4
Fra:1 Mem:91.94M (Peak 91.94M) | Time:00:00.03 | Syncing FoodCrop_3_5
Fra:1 Mem:91.95M (Peak 91.95M) | Time:00:00.03 | Syncing FoodCrop_3_6
Fra:1 Mem:91.96M (Peak 91.96M) | Time:00:00.03 | Syncing FoodCrop_4_0
Fra:1 Mem:91.97M (Peak 91.97M) | Time:00:00.03 | Syncing FoodCrop_4_1
Fra:1 Mem:91.98M (Peak 91.98M) | Time:00:00.03 | Syncing FoodCrop_4_2
Fra:1 Mem:91.98M (Peak 91.98M) | Time:00:00.03 | Syncing FoodCrop_4_3
Fra:1 Mem:91.99M (Peak 91.99M) | Time:00:00.03 | Syncing FoodCrop_4_4
Fra:1 Mem:92.00M (Peak 92.00M) | Time:00:00.03 | Syncing FoodCrop_4_5
Fra:1 Mem:92.01M (Peak 92.01M) | Time:00:00.03 | Syncing FoodCrop_4_6
Fra:1 Mem:92.02M (Peak 92.02M) | Time:00:00.03 | Syncing building_grain
Fra:1 Mem:92.05M (Peak 92.05M) | Time:00:00.03 | Syncing food__grain
Fra:1 Mem:92.06M (Peak 92.06M) | Time:00:00.03 | Syncing building_home_B_yellow
Fra:1 Mem:92.24M (Peak 92.24M) | Time:00:00.03 | Syncing food__house_b
Fra:1 Mem:92.24M (Peak 92.24M) | Time:00:00.03 | Syncing sack.001
Fra:1 Mem:92.26M (Peak 92.26M) | Time:00:00.03 | Syncing food__sack
Fra:1 Mem:92.26M (Peak 92.26M) | Time:00:00.03 | Syncing bucket_water
Fra:1 Mem:92.28M (Peak 92.28M) | Time:00:00.03 | Syncing food__bucket_water
Fra:1 Mem:92.29M (Peak 92.29M) | Time:00:00.03 | Syncing fence_wood_straight
Fra:1 Mem:92.32M (Peak 92.32M) | Time:00:00.03 | Syncing food__fence.001
Fra:1 Mem:92.32M (Peak 92.32M) | Time:00:00.03 | Syncing fence_wood_straight.001
Fra:1 Mem:92.36M (Peak 92.36M) | Time:00:00.03 | Syncing food__fence
Fra:1 Mem:92.36M (Peak 92.36M) | Time:00:00.03 | Syncing TimberPath
Fra:1 Mem:92.37M (Peak 92.37M) | Time:00:00.03 | Syncing building_scaffolding
Fra:1 Mem:92.71M (Peak 92.71M) | Time:00:00.03 | Syncing timber__scaffolding
Fra:1 Mem:92.72M (Peak 92.72M) | Time:00:00.03 | Syncing tree_single_A_cut
Fra:1 Mem:92.72M (Peak 92.72M) | Time:00:00.03 | Syncing timber__tree_cut
Fra:1 Mem:92.73M (Peak 92.73M) | Time:00:00.03 | Syncing resource_lumber.001
Fra:1 Mem:92.76M (Peak 92.76M) | Time:00:00.03 | Syncing timber__lumber
Fra:1 Mem:92.77M (Peak 92.77M) | Time:00:00.03 | Syncing resource_lumber.002
Fra:1 Mem:92.80M (Peak 92.80M) | Time:00:00.03 | Syncing timber__lumber.001
Fra:1 Mem:92.81M (Peak 92.81M) | Time:00:00.03 | Syncing pallet
Fra:1 Mem:92.85M (Peak 92.85M) | Time:00:00.03 | Syncing timber__pallet
Fra:1 Mem:92.86M (Peak 92.86M) | Time:00:00.03 | Syncing ladder
Fra:1 Mem:92.87M (Peak 92.87M) | Time:00:00.03 | Syncing timber__ladder
Fra:1 Mem:92.88M (Peak 92.88M) | Time:00:00.03 | Syncing ScoutPath
Fra:1 Mem:92.89M (Peak 92.89M) | Time:00:00.03 | Syncing tent.001
Fra:1 Mem:92.90M (Peak 92.90M) | Time:00:00.03 | Syncing scout__tent
Fra:1 Mem:92.91M (Peak 92.91M) | Time:00:00.03 | Syncing flag_red.001
Fra:1 Mem:92.92M (Peak 92.92M) | Time:00:00.03 | Syncing scout__flag_red
Fra:1 Mem:92.92M (Peak 92.92M) | Time:00:00.03 | Syncing flag_red.002
Fra:1 Mem:92.93M (Peak 92.93M) | Time:00:00.03 | Syncing scout__flag_red.001
Fra:1 Mem:92.94M (Peak 92.94M) | Time:00:00.03 | Syncing target
Fra:1 Mem:92.96M (Peak 92.96M) | Time:00:00.03 | Syncing scout__target
Fra:1 Mem:92.97M (Peak 92.97M) | Time:00:00.03 | Syncing crate_open
Fra:1 Mem:93.01M (Peak 93.01M) | Time:00:00.03 | Syncing scout__crate_open
Fra:1 Mem:93.01M (Peak 93.01M) | Time:00:00.03 | Syncing StorehousePath
Fra:1 Mem:93.02M (Peak 93.02M) | Time:00:00.03 | Syncing building_lumbermill_green
Fra:1 Mem:93.24M (Peak 93.24M) | Time:00:00.04 | Syncing storehouse__storehouse
Fra:1 Mem:93.25M (Peak 93.25M) | Time:00:00.04 | Syncing building_lumbermill_saw_green
Fra:1 Mem:93.29M (Peak 93.29M) | Time:00:00.04 | Syncing building_lumbermill_top_green
Fra:1 Mem:93.45M (Peak 93.45M) | Time:00:00.04 | Syncing building_home_A_red
Fra:1 Mem:93.58M (Peak 93.58M) | Time:00:00.04 | Syncing storehouse__house_c
Fra:1 Mem:93.58M (Peak 93.58M) | Time:00:00.04 | Syncing crate_A_big.001
Fra:1 Mem:93.61M (Peak 93.61M) | Time:00:00.04 | Syncing storehouse__crate_big
Fra:1 Mem:93.61M (Peak 93.61M) | Time:00:00.04 | Syncing crate_A_small.001
Fra:1 Mem:93.63M (Peak 93.63M) | Time:00:00.04 | Syncing storehouse__crate_small
Fra:1 Mem:93.64M (Peak 93.64M) | Time:00:00.04 | Syncing barrel.001
Fra:1 Mem:93.67M (Peak 93.67M) | Time:00:00.04 | Syncing storehouse__barrel
Fra:1 Mem:93.68M (Peak 93.68M) | Time:00:00.04 | Syncing MarketPath
Fra:1 Mem:93.69M (Peak 93.69M) | Time:00:00.04 | Syncing MarketCivicPlaza
Fra:1 Mem:93.71M (Peak 93.71M) | Time:00:00.04 | Syncing building_market_yellow
Fra:1 Mem:94.11M (Peak 94.11M) | Time:00:00.04 | Syncing market__market
Fra:1 Mem:94.11M (Peak 94.11M) | Time:00:00.04 | Syncing building_well_blue
Fra:1 Mem:94.21M (Peak 94.21M) | Time:00:00.04 | Syncing market__well
Fra:1 Mem:94.21M (Peak 94.21M) | Time:00:00.04 | Syncing building_home_B_blue
Fra:1 Mem:94.39M (Peak 94.39M) | Time:00:00.04 | Syncing market__house_d
Fra:1 Mem:94.40M (Peak 94.40M) | Time:00:00.04 | Syncing crate_open.001
Fra:1 Mem:94.44M (Peak 94.44M) | Time:00:00.04 | Syncing market__crate_open
Fra:1 Mem:94.44M (Peak 94.44M) | Time:00:00.04 | Syncing WatchPath
Fra:1 Mem:94.45M (Peak 94.45M) | Time:00:00.04 | Syncing building_tower_A_red
Fra:1 Mem:94.65M (Peak 94.65M) | Time:00:00.04 | Syncing watch__tower
Fra:1 Mem:94.65M (Peak 94.65M) | Time:00:00.04 | Syncing building_tower_A_top_red
Fra:1 Mem:94.74M (Peak 94.74M) | Time:00:00.04 | Syncing building_barracks_blue
Fra:1 Mem:95.25M (Peak 95.25M) | Time:00:00.04 | Syncing watch__barracks
Fra:1 Mem:95.25M (Peak 95.25M) | Time:00:00.04 | Syncing fence_wood_straight.002
Fra:1 Mem:95.28M (Peak 95.28M) | Time:00:00.04 | Syncing watch__fence
Fra:1 Mem:95.29M (Peak 95.29M) | Time:00:00.04 | Syncing fence_wood_straight.003
Fra:1 Mem:95.32M (Peak 95.32M) | Time:00:00.04 | Syncing watch__fence.001
Fra:1 Mem:95.33M (Peak 95.33M) | Time:00:00.04 | Syncing CouncilPath
Fra:1 Mem:95.34M (Peak 95.34M) | Time:00:00.04 | Syncing building_church_red
Fra:1 Mem:95.57M (Peak 95.57M) | Time:00:00.04 | Syncing council__church
Fra:1 Mem:95.57M (Peak 95.57M) | Time:00:00.04 | Syncing building_stage_C
Fra:1 Mem:95.75M (Peak 95.75M) | Time:00:00.04 | Syncing council__council_stage
Fra:1 Mem:95.75M (Peak 95.75M) | Time:00:00.04 | Syncing building_home_A_yellow
Fra:1 Mem:95.90M (Peak 95.90M) | Time:00:00.05 | Syncing council__house_e
Fra:1 Mem:95.91M (Peak 95.91M) | Time:00:00.05 | Syncing flag_red.003
Fra:1 Mem:95.92M (Peak 95.92M) | Time:00:00.05 | Syncing council__flag_red
Fra:1 Mem:95.92M (Peak 95.92M) | Time:00:00.05 | Syncing AurelianVillageV4Sun
Fra:1 Mem:95.92M (Peak 95.92M) | Time:00:00.05 | Syncing VillageV4PortraitCamera
Fra:1 Mem:94.78M (Peak 95.92M) | Time:00:00.05 | Rendering 1 / 64 samples
Fra:1 Mem:90.20M (Peak 95.92M) | Time:00:07.38 | Rendering 26 / 64 samples
Fra:1 Mem:90.20M (Peak 95.92M) | Time:00:13.98 | Rendering 51 / 64 samples
Fra:1 Mem:90.20M (Peak 95.92M) | Time:00:17.42 | Rendering 64 / 64 samples
Saved: '/home/runner/work/_temp/pixel-nations-village-v4/render/portrait/stage-09-council.png'
Time: 00:17.87 (Saving: 00:00.16)


Data are loaded, start creating Blender stuff
glTF import finished in 0.00s
Data are loaded, start creating Blender stuff
glTF import finished in 0.01s
Data are loaded, start creating Blender stuff
glTF import finished in 0.01s
Data are loaded, start creating Blender stuff
glTF import finished in 0.01s
Data are loaded, start creating Blender stuff
glTF import finished in 0.00s
Data are loaded, start creating Blender stuff
glTF import finished in 0.00s
Data are loaded, start creating Blender stuff
glTF import finished in 0.00s
Data are loaded, start creating Blender stuff
glTF import finished in 0.01s
Data are loaded, start creating Blender stuff
glTF import finished in 0.01s
Data are loaded, start creating Blender stuff
glTF import finished in 0.00s
Data are loaded, start creating Blender stuff
glTF import finished in 0.01s
Data are loaded, start creating Blender stuff
glTF import finished in 0.01s
Data are loaded, start creating Blender stuff
glTF import finished in 0.00s
Data are loaded, start creating Blender stuff
glTF import finished in 0.00s
Data are loaded, start creating Blender stuff
glTF import finished in 0.00s
Data are loaded, start creating Blender stuff
glTF import finished in 0.00s
Data are loaded, start creating Blender stuff
glTF import finished in 0.00s
Data are loaded, start creating Blender stuff
glTF import finished in 0.01s
Data are loaded, start creating Blender stuff
glTF import finished in 0.01s
Data are loaded, start creating Blender stuff
glTF import finished in 0.01s
Data are loaded, start creating Blender stuff
glTF import finished in 0.01s
Data are loaded, start creating Blender stuff
glTF import finished in 0.01s
Data are loaded, start creating Blender stuff
glTF import finished in 0.01s
Data are loaded, start creating Blender stuff
glTF import finished in 0.01s
Data are loaded, start creating Blender stuff
glTF import finished in 0.01s
Data are loaded, start creating Blender stuff
glTF import finished in 0.01s
Data are loaded, start creating Blender stuff
glTF import finished in 0.01s
Data are loaded, start creating Blender stuff
glTF import finished in 0.01s
Data are loaded, start creating Blender stuff
glTF import finished in 0.01s
Data are loaded, start creating Blender stuff
glTF import finished in 0.02s
Data are loaded, start creating Blender stuff
glTF import finished in 0.01s
Data are loaded, start creating Blender stuff
glTF import finished in 0.01s
Data are loaded, start creating Blender stuff
glTF import finished in 0.01s
Data are loaded, start creating Blender stuff
glTF import finished in 0.01s
Data are loaded, start creating Blender stuff
glTF import finished in 0.01s
Data are loaded, start creating Blender stuff
glTF import finished in 0.01s
VILLAGE_V4_STAGE_RENDERED=portrait:camp:/home/runner/work/_temp/pixel-nations-village-v4/render/portrait/stage-01-camp.png
VILLAGE_V4_STAGE_RENDERED=portrait:shelter:/home/runner/work/_temp/pixel-nations-village-v4/render/portrait/stage-02-shelter.png
VILLAGE_V4_STAGE_RENDERED=portrait:food:/home/runner/work/_temp/pixel-nations-village-v4/render/portrait/stage-03-food.png
VILLAGE_V4_STAGE_RENDERED=portrait:timber:/home/runner/work/_temp/pixel-nations-village-v4/render/portrait/stage-04-timber.png
VILLAGE_V4_STAGE_RENDERED=portrait:scout:/home/runner/work/_temp/pixel-nations-village-v4/render/portrait/stage-05-scout.png
VILLAGE_V4_STAGE_RENDERED=portrait:storehouse:/home/runner/work/_temp/pixel-nations-village-v4/render/portrait/stage-06-storehouse.png
VILLAGE_V4_STAGE_RENDERED=portrait:market:/home/runner/work/_temp/pixel-nations-village-v4/render/portrait/stage-07-market.png
VILLAGE_V4_STAGE_RENDERED=portrait:watch:/home/runner/work/_temp/pixel-nations-village-v4/render/portrait/stage-08-watch.png
VILLAGE_V4_STAGE_RENDERED=portrait:council:/home/runner/work/_temp/pixel-nations-village-v4/render/portrait/stage-09-council.png
VILLAGE_V4_REGISTERED_RENDER_COMPLETE=/home/runner/work/_temp/pixel-nations-village-v4/render

Blender quit
