Blender 4.0.2
Fra:1 Mem:72.98M (Peak 74.06M) | Time:00:02.46 | Syncing AurelianContinuousTerrain
Fra:1 Mem:74.92M (Peak 74.92M) | Time:00:03.08 | Syncing RiverWater
Fra:1 Mem:74.94M (Peak 74.94M) | Time:00:03.08 | Syncing RoadApproach
Fra:1 Mem:74.96M (Peak 74.96M) | Time:00:03.08 | Syncing building_bridge_A
Fra:1 Mem:79.07M (Peak 82.98M) | Time:00:03.59 | Syncing Role_bridge
Fra:1 Mem:79.07M (Peak 82.98M) | Time:00:03.59 | Syncing tree_single_A
Fra:1 Mem:83.09M (Peak 87.08M) | Time:00:03.61 | Syncing Role_tree_a
Fra:1 Mem:83.10M (Peak 87.08M) | Time:00:03.61 | Syncing tree_single_B
Fra:1 Mem:83.14M (Peak 87.08M) | Time:00:03.61 | Syncing Role_tree_b
Fra:1 Mem:83.14M (Peak 87.08M) | Time:00:03.61 | Syncing tree_single_A.001
Fra:1 Mem:83.15M (Peak 87.08M) | Time:00:03.61 | Syncing Role_tree_a.001
Fra:1 Mem:83.16M (Peak 87.08M) | Time:00:03.61 | Syncing tree_single_B.001
Fra:1 Mem:83.19M (Peak 87.08M) | Time:00:03.61 | Syncing Role_tree_b.001
Fra:1 Mem:83.20M (Peak 87.08M) | Time:00:03.61 | Syncing tree_single_A.002
Fra:1 Mem:83.21M (Peak 87.08M) | Time:00:03.61 | Syncing Role_tree_a.002
Fra:1 Mem:83.22M (Peak 87.08M) | Time:00:03.61 | Syncing tree_single_B.002
Fra:1 Mem:83.25M (Peak 87.08M) | Time:00:03.61 | Syncing Role_tree_b.002
Fra:1 Mem:83.26M (Peak 87.08M) | Time:00:03.61 | Syncing rock_single_C
Fra:1 Mem:83.27M (Peak 87.08M) | Time:00:03.61 | Syncing Role_rock_c
Fra:1 Mem:83.27M (Peak 87.08M) | Time:00:03.61 | Syncing rock_single_E
Fra:1 Mem:83.29M (Peak 87.08M) | Time:00:03.61 | Syncing Role_rock_e
Fra:1 Mem:83.29M (Peak 87.08M) | Time:00:03.61 | Syncing rock_single_C.001
Fra:1 Mem:83.30M (Peak 87.08M) | Time:00:03.61 | Syncing Role_rock_c.001
Fra:1 Mem:83.31M (Peak 87.08M) | Time:00:03.61 | Syncing rock_single_E.001
Fra:1 Mem:83.32M (Peak 87.08M) | Time:00:03.61 | Syncing Role_rock_e.001
Fra:1 Mem:83.32M (Peak 87.08M) | Time:00:03.61 | Syncing AurelianVillageV4Sun
Fra:1 Mem:83.32M (Peak 87.08M) | Time:00:03.61 | Syncing VillageV4DesktopCamera
Fra:1 Mem:83.26M (Peak 87.08M) | Time:00:03.63 | Rendering 1 / 64 samples
Fra:1 Mem:81.68M (Peak 87.08M) | Time:00:14.47 | Rendering 26 / 64 samples
Fra:1 Mem:81.68M (Peak 87.08M) | Time:00:21.74 | Rendering 51 / 64 samples
Fra:1 Mem:81.68M (Peak 87.08M) | Time:00:25.51 | Rendering 64 / 64 samples
Saved: '/home/runner/work/_temp/pixel-nations-village-v4-reauthor/render/desktop/base.png'
Time: 00:26.18 (Saving: 00:00.34)

Fra:1 Mem:83.10M (Peak 83.10M) | Time:00:00.02 | Syncing AurelianContinuousTerrain
Fra:1 Mem:84.58M (Peak 84.58M) | Time:00:00.02 | Syncing RiverWater
Fra:1 Mem:84.60M (Peak 84.60M) | Time:00:00.02 | Syncing RoadApproach
Fra:1 Mem:84.61M (Peak 84.61M) | Time:00:00.03 | Syncing building_bridge_A
Fra:1 Mem:84.69M (Peak 84.69M) | Time:00:00.03 | Syncing Role_bridge
Fra:1 Mem:84.70M (Peak 84.70M) | Time:00:00.03 | Syncing tree_single_A
Fra:1 Mem:84.71M (Peak 84.71M) | Time:00:00.03 | Syncing Role_tree_a
Fra:1 Mem:84.71M (Peak 84.71M) | Time:00:00.03 | Syncing tree_single_B
Fra:1 Mem:84.75M (Peak 84.75M) | Time:00:00.03 | Syncing Role_tree_b
Fra:1 Mem:84.75M (Peak 84.75M) | Time:00:00.03 | Syncing tree_single_A.001
Fra:1 Mem:84.76M (Peak 84.76M) | Time:00:00.03 | Syncing Role_tree_a.001
Fra:1 Mem:84.77M (Peak 84.77M) | Time:00:00.03 | Syncing tree_single_B.001
Fra:1 Mem:84.80M (Peak 84.80M) | Time:00:00.03 | Syncing Role_tree_b.001
Fra:1 Mem:84.80M (Peak 84.80M) | Time:00:00.03 | Syncing tree_single_A.002
Fra:1 Mem:84.82M (Peak 84.82M) | Time:00:00.03 | Syncing Role_tree_a.002
Fra:1 Mem:84.82M (Peak 84.82M) | Time:00:00.03 | Syncing tree_single_B.002
Fra:1 Mem:84.85M (Peak 84.85M) | Time:00:00.03 | Syncing Role_tree_b.002
Fra:1 Mem:84.86M (Peak 84.86M) | Time:00:00.03 | Syncing rock_single_C
Fra:1 Mem:84.87M (Peak 84.87M) | Time:00:00.03 | Syncing Role_rock_c
Fra:1 Mem:84.87M (Peak 84.87M) | Time:00:00.03 | Syncing rock_single_E
Fra:1 Mem:84.89M (Peak 84.89M) | Time:00:00.03 | Syncing Role_rock_e
Fra:1 Mem:84.89M (Peak 84.89M) | Time:00:00.03 | Syncing rock_single_C.001
Fra:1 Mem:84.90M (Peak 84.90M) | Time:00:00.03 | Syncing Role_rock_c.001
Fra:1 Mem:84.91M (Peak 84.91M) | Time:00:00.03 | Syncing rock_single_E.001
Fra:1 Mem:84.92M (Peak 84.92M) | Time:00:00.03 | Syncing Role_rock_e.001
Fra:1 Mem:84.93M (Peak 84.93M) | Time:00:00.03 | Syncing CampPath
Fra:1 Mem:84.94M (Peak 84.94M) | Time:00:00.03 | Syncing rock_single_C.002
Fra:1 Mem:84.95M (Peak 84.95M) | Time:00:00.03 | Syncing Role_rock_c.002
Fra:1 Mem:84.95M (Peak 84.95M) | Time:00:00.03 | Syncing rock_single_C.003
Fra:1 Mem:84.96M (Peak 84.96M) | Time:00:00.03 | Syncing Role_rock_c.003
Fra:1 Mem:84.97M (Peak 84.97M) | Time:00:00.03 | Syncing rock_single_C.004
Fra:1 Mem:84.98M (Peak 84.98M) | Time:00:00.03 | Syncing Role_rock_c.004
Fra:1 Mem:84.98M (Peak 84.98M) | Time:00:00.03 | Syncing rock_single_C.005
Fra:1 Mem:84.99M (Peak 84.99M) | Time:00:00.03 | Syncing Role_rock_c.005
Fra:1 Mem:85.00M (Peak 85.00M) | Time:00:00.03 | Syncing rock_single_C.006
Fra:1 Mem:85.01M (Peak 85.01M) | Time:00:00.03 | Syncing Role_rock_c.006
Fra:1 Mem:85.01M (Peak 85.01M) | Time:00:00.03 | Syncing rock_single_C.007
Fra:1 Mem:85.03M (Peak 85.03M) | Time:00:00.03 | Syncing Role_rock_c.007
Fra:1 Mem:85.03M (Peak 85.03M) | Time:00:00.03 | Syncing rock_single_C.008
Fra:1 Mem:85.04M (Peak 85.04M) | Time:00:00.03 | Syncing Role_rock_c.008
Fra:1 Mem:85.05M (Peak 85.05M) | Time:00:00.03 | Syncing rock_single_C.009
Fra:1 Mem:85.06M (Peak 85.06M) | Time:00:00.03 | Syncing Role_rock_c.009
Fra:1 Mem:85.06M (Peak 85.06M) | Time:00:00.03 | Syncing CampHearthLog_0
Fra:1 Mem:85.07M (Peak 85.07M) | Time:00:00.03 | Syncing CampHearthLog_1
Fra:1 Mem:85.08M (Peak 85.08M) | Time:00:00.03 | Syncing CampHearthFlame
Fra:1 Mem:85.09M (Peak 85.09M) | Time:00:00.03 | Syncing CampHearthWarmLight
Fra:1 Mem:85.10M (Peak 85.10M) | Time:00:00.03 | Syncing tent
Fra:1 Mem:89.12M (Peak 93.11M) | Time:00:00.05 | Syncing camp__tent
Fra:1 Mem:89.13M (Peak 93.11M) | Time:00:00.05 | Syncing flag_red
Fra:1 Mem:89.14M (Peak 93.11M) | Time:00:00.05 | Syncing camp__flag_red
Fra:1 Mem:89.15M (Peak 93.11M) | Time:00:00.05 | Syncing crate_A_big
Fra:1 Mem:89.17M (Peak 93.11M) | Time:00:00.05 | Syncing camp__crate_big
Fra:1 Mem:89.18M (Peak 93.11M) | Time:00:00.05 | Syncing crate_A_small
Fra:1 Mem:89.20M (Peak 93.11M) | Time:00:00.05 | Syncing camp__crate_small
Fra:1 Mem:89.20M (Peak 93.11M) | Time:00:00.05 | Syncing resource_lumber
Fra:1 Mem:89.24M (Peak 93.11M) | Time:00:00.06 | Syncing camp__lumber
Fra:1 Mem:89.25M (Peak 93.11M) | Time:00:00.06 | Syncing sack
Fra:1 Mem:89.26M (Peak 93.11M) | Time:00:00.06 | Syncing camp__sack
Fra:1 Mem:89.27M (Peak 93.11M) | Time:00:00.06 | Syncing barrel
Fra:1 Mem:89.31M (Peak 93.11M) | Time:00:00.06 | Syncing camp__barrel
Fra:1 Mem:89.31M (Peak 93.11M) | Time:00:00.06 | Syncing wheelbarrow
Fra:1 Mem:89.37M (Peak 93.11M) | Time:00:00.06 | Syncing camp__wheelbarrow
Fra:1 Mem:89.37M (Peak 93.11M) | Time:00:00.06 | Syncing AurelianVillageV4Sun
Fra:1 Mem:89.37M (Peak 93.11M) | Time:00:00.06 | Syncing VillageV4DesktopCamera
Fra:1 Mem:89.24M (Peak 93.11M) | Time:00:00.07 | Rendering 1 / 64 samples
Fra:1 Mem:87.49M (Peak 93.11M) | Time:00:08.74 | Rendering 26 / 64 samples
Fra:1 Mem:87.49M (Peak 93.11M) | Time:00:16.49 | Rendering 51 / 64 samples
Fra:1 Mem:87.49M (Peak 93.11M) | Time:00:20.52 | Rendering 64 / 64 samples
Saved: '/home/runner/work/_temp/pixel-nations-village-v4-reauthor/render/desktop/stage-01-camp.png'
Time: 00:21.20 (Saving: 00:00.33)

Fra:1 Mem:87.42M (Peak 87.42M) | Time:00:00.02 | Syncing AurelianContinuousTerrain
Fra:1 Mem:88.90M (Peak 88.90M) | Time:00:00.03 | Syncing RiverWater
Fra:1 Mem:88.92M (Peak 88.92M) | Time:00:00.03 | Syncing RoadApproach
Fra:1 Mem:88.93M (Peak 88.93M) | Time:00:00.03 | Syncing building_bridge_A
Fra:1 Mem:89.01M (Peak 89.01M) | Time:00:00.03 | Syncing Role_bridge
Fra:1 Mem:89.02M (Peak 89.02M) | Time:00:00.03 | Syncing tree_single_A
Fra:1 Mem:89.03M (Peak 89.03M) | Time:00:00.03 | Syncing Role_tree_a
Fra:1 Mem:89.04M (Peak 89.04M) | Time:00:00.03 | Syncing tree_single_B
Fra:1 Mem:89.07M (Peak 89.07M) | Time:00:00.03 | Syncing Role_tree_b
Fra:1 Mem:89.07M (Peak 89.07M) | Time:00:00.03 | Syncing tree_single_A.001
Fra:1 Mem:89.08M (Peak 89.08M) | Time:00:00.03 | Syncing Role_tree_a.001
Fra:1 Mem:89.09M (Peak 89.09M) | Time:00:00.03 | Syncing tree_single_B.001
Fra:1 Mem:89.12M (Peak 89.12M) | Time:00:00.03 | Syncing Role_tree_b.001
Fra:1 Mem:89.13M (Peak 89.13M) | Time:00:00.03 | Syncing tree_single_A.002
Fra:1 Mem:89.14M (Peak 89.14M) | Time:00:00.03 | Syncing Role_tree_a.002
Fra:1 Mem:89.14M (Peak 89.14M) | Time:00:00.03 | Syncing tree_single_B.002
Fra:1 Mem:89.18M (Peak 89.18M) | Time:00:00.03 | Syncing Role_tree_b.002
Fra:1 Mem:89.18M (Peak 89.18M) | Time:00:00.03 | Syncing rock_single_C
Fra:1 Mem:89.19M (Peak 89.19M) | Time:00:00.03 | Syncing Role_rock_c
Fra:1 Mem:89.20M (Peak 89.20M) | Time:00:00.03 | Syncing rock_single_E
Fra:1 Mem:89.21M (Peak 89.21M) | Time:00:00.03 | Syncing Role_rock_e
Fra:1 Mem:89.22M (Peak 89.22M) | Time:00:00.03 | Syncing rock_single_C.001
Fra:1 Mem:89.23M (Peak 89.23M) | Time:00:00.03 | Syncing Role_rock_c.001
Fra:1 Mem:89.23M (Peak 89.23M) | Time:00:00.03 | Syncing rock_single_E.001
Fra:1 Mem:89.24M (Peak 89.24M) | Time:00:00.03 | Syncing Role_rock_e.001
Fra:1 Mem:89.25M (Peak 89.25M) | Time:00:00.03 | Syncing CampPath
Fra:1 Mem:89.26M (Peak 89.26M) | Time:00:00.03 | Syncing rock_single_C.002
Fra:1 Mem:89.27M (Peak 89.27M) | Time:00:00.03 | Syncing Role_rock_c.002
Fra:1 Mem:89.27M (Peak 89.27M) | Time:00:00.03 | Syncing rock_single_C.003
Fra:1 Mem:89.28M (Peak 89.28M) | Time:00:00.03 | Syncing Role_rock_c.003
Fra:1 Mem:89.29M (Peak 89.29M) | Time:00:00.03 | Syncing rock_single_C.004
Fra:1 Mem:89.30M (Peak 89.30M) | Time:00:00.03 | Syncing Role_rock_c.004
Fra:1 Mem:89.30M (Peak 89.30M) | Time:00:00.03 | Syncing rock_single_C.005
Fra:1 Mem:89.31M (Peak 89.31M) | Time:00:00.03 | Syncing Role_rock_c.005
Fra:1 Mem:89.32M (Peak 89.32M) | Time:00:00.03 | Syncing rock_single_C.006
Fra:1 Mem:89.33M (Peak 89.33M) | Time:00:00.03 | Syncing Role_rock_c.006
Fra:1 Mem:89.33M (Peak 89.33M) | Time:00:00.03 | Syncing rock_single_C.007
Fra:1 Mem:89.34M (Peak 89.34M) | Time:00:00.03 | Syncing Role_rock_c.007
Fra:1 Mem:89.35M (Peak 89.35M) | Time:00:00.03 | Syncing rock_single_C.008
Fra:1 Mem:89.36M (Peak 89.36M) | Time:00:00.03 | Syncing Role_rock_c.008
Fra:1 Mem:89.36M (Peak 89.36M) | Time:00:00.03 | Syncing rock_single_C.009
Fra:1 Mem:89.37M (Peak 89.37M) | Time:00:00.03 | Syncing Role_rock_c.009
Fra:1 Mem:89.38M (Peak 89.38M) | Time:00:00.03 | Syncing CampHearthLog_0
Fra:1 Mem:89.39M (Peak 89.39M) | Time:00:00.03 | Syncing CampHearthLog_1
Fra:1 Mem:89.40M (Peak 89.40M) | Time:00:00.03 | Syncing CampHearthFlame
Fra:1 Mem:89.41M (Peak 89.41M) | Time:00:00.03 | Syncing CampHearthWarmLight
Fra:1 Mem:89.41M (Peak 89.41M) | Time:00:00.03 | Syncing tent
Fra:1 Mem:89.43M (Peak 89.43M) | Time:00:00.03 | Syncing camp__tent
Fra:1 Mem:89.43M (Peak 89.43M) | Time:00:00.03 | Syncing flag_red
Fra:1 Mem:89.44M (Peak 89.44M) | Time:00:00.03 | Syncing camp__flag_red
Fra:1 Mem:89.45M (Peak 89.45M) | Time:00:00.03 | Syncing crate_A_big
Fra:1 Mem:89.47M (Peak 89.47M) | Time:00:00.03 | Syncing camp__crate_big
Fra:1 Mem:89.48M (Peak 89.48M) | Time:00:00.03 | Syncing crate_A_small
Fra:1 Mem:89.50M (Peak 89.50M) | Time:00:00.03 | Syncing camp__crate_small
Fra:1 Mem:89.50M (Peak 89.50M) | Time:00:00.03 | Syncing resource_lumber
Fra:1 Mem:89.54M (Peak 89.54M) | Time:00:00.03 | Syncing camp__lumber
Fra:1 Mem:89.54M (Peak 89.54M) | Time:00:00.03 | Syncing sack
Fra:1 Mem:89.56M (Peak 89.56M) | Time:00:00.03 | Syncing camp__sack
Fra:1 Mem:89.56M (Peak 89.56M) | Time:00:00.03 | Syncing barrel
Fra:1 Mem:89.60M (Peak 89.60M) | Time:00:00.03 | Syncing camp__barrel
Fra:1 Mem:89.60M (Peak 89.60M) | Time:00:00.03 | Syncing wheelbarrow
Fra:1 Mem:89.66M (Peak 89.66M) | Time:00:00.03 | Syncing camp__wheelbarrow
Fra:1 Mem:89.66M (Peak 89.66M) | Time:00:00.03 | Syncing ShelterPath
Fra:1 Mem:89.67M (Peak 89.67M) | Time:00:00.03 | Syncing building_home_A_green
Fra:1 Mem:93.83M (Peak 97.69M) | Time:00:00.05 | Syncing shelter__house_a
Fra:1 Mem:93.84M (Peak 97.69M) | Time:00:00.05 | Syncing building_home_A_red
Fra:1 Mem:97.99M (Peak 101.85M) | Time:00:00.07 | Syncing shelter__house_c
Fra:1 Mem:97.99M (Peak 101.85M) | Time:00:00.07 | Syncing AurelianVillageV4Sun
Fra:1 Mem:97.99M (Peak 101.85M) | Time:00:00.07 | Syncing VillageV4DesktopCamera
Fra:1 Mem:97.79M (Peak 101.85M) | Time:00:00.08 | Rendering 1 / 64 samples
Fra:1 Mem:95.89M (Peak 101.85M) | Time:00:08.84 | Rendering 26 / 64 samples
Fra:1 Mem:95.89M (Peak 101.85M) | Time:00:16.68 | Rendering 51 / 64 samples
Fra:1 Mem:95.89M (Peak 101.85M) | Time:00:20.75 | Rendering 64 / 64 samples
Saved: '/home/runner/work/_temp/pixel-nations-village-v4-reauthor/render/desktop/stage-02-shelter.png'
Time: 00:21.43 (Saving: 00:00.33)

Fra:1 Mem:97.24M (Peak 97.24M) | Time:00:00.03 | Syncing AurelianContinuousTerrain
Fra:1 Mem:98.72M (Peak 98.72M) | Time:00:00.03 | Syncing RiverWater
Fra:1 Mem:98.74M (Peak 98.74M) | Time:00:00.03 | Syncing RoadApproach
Fra:1 Mem:98.75M (Peak 98.75M) | Time:00:00.03 | Syncing building_bridge_A
Fra:1 Mem:98.83M (Peak 98.83M) | Time:00:00.03 | Syncing Role_bridge
Fra:1 Mem:98.84M (Peak 98.84M) | Time:00:00.03 | Syncing tree_single_A
Fra:1 Mem:98.85M (Peak 98.85M) | Time:00:00.03 | Syncing Role_tree_a
Fra:1 Mem:98.85M (Peak 98.85M) | Time:00:00.03 | Syncing tree_single_B
Fra:1 Mem:98.89M (Peak 98.89M) | Time:00:00.03 | Syncing Role_tree_b
Fra:1 Mem:98.89M (Peak 98.89M) | Time:00:00.03 | Syncing tree_single_A.001
Fra:1 Mem:98.90M (Peak 98.90M) | Time:00:00.03 | Syncing Role_tree_a.001
Fra:1 Mem:98.91M (Peak 98.91M) | Time:00:00.03 | Syncing tree_single_B.001
Fra:1 Mem:98.94M (Peak 98.94M) | Time:00:00.03 | Syncing Role_tree_b.001
Fra:1 Mem:98.95M (Peak 98.95M) | Time:00:00.03 | Syncing tree_single_A.002
Fra:1 Mem:98.96M (Peak 98.96M) | Time:00:00.03 | Syncing Role_tree_a.002
Fra:1 Mem:98.96M (Peak 98.96M) | Time:00:00.03 | Syncing tree_single_B.002
Fra:1 Mem:98.99M (Peak 98.99M) | Time:00:00.03 | Syncing Role_tree_b.002
Fra:1 Mem:99.00M (Peak 99.00M) | Time:00:00.03 | Syncing rock_single_C
Fra:1 Mem:99.01M (Peak 99.01M) | Time:00:00.03 | Syncing Role_rock_c
Fra:1 Mem:99.01M (Peak 99.01M) | Time:00:00.03 | Syncing rock_single_E
Fra:1 Mem:99.03M (Peak 99.03M) | Time:00:00.03 | Syncing Role_rock_e
Fra:1 Mem:99.03M (Peak 99.03M) | Time:00:00.03 | Syncing rock_single_C.001
Fra:1 Mem:99.04M (Peak 99.04M) | Time:00:00.03 | Syncing Role_rock_c.001
Fra:1 Mem:99.05M (Peak 99.05M) | Time:00:00.03 | Syncing rock_single_E.001
Fra:1 Mem:99.06M (Peak 99.06M) | Time:00:00.03 | Syncing Role_rock_e.001
Fra:1 Mem:99.07M (Peak 99.07M) | Time:00:00.03 | Syncing CampPath
Fra:1 Mem:99.08M (Peak 99.08M) | Time:00:00.03 | Syncing rock_single_C.002
Fra:1 Mem:99.09M (Peak 99.09M) | Time:00:00.03 | Syncing Role_rock_c.002
Fra:1 Mem:99.09M (Peak 99.09M) | Time:00:00.03 | Syncing rock_single_C.003
Fra:1 Mem:99.10M (Peak 99.10M) | Time:00:00.03 | Syncing Role_rock_c.003
Fra:1 Mem:99.11M (Peak 99.11M) | Time:00:00.03 | Syncing rock_single_C.004
Fra:1 Mem:99.12M (Peak 99.12M) | Time:00:00.03 | Syncing Role_rock_c.004
Fra:1 Mem:99.12M (Peak 99.12M) | Time:00:00.03 | Syncing rock_single_C.005
Fra:1 Mem:99.13M (Peak 99.13M) | Time:00:00.03 | Syncing Role_rock_c.005
Fra:1 Mem:99.14M (Peak 99.14M) | Time:00:00.03 | Syncing rock_single_C.006
Fra:1 Mem:99.15M (Peak 99.15M) | Time:00:00.03 | Syncing Role_rock_c.006
Fra:1 Mem:99.15M (Peak 99.15M) | Time:00:00.03 | Syncing rock_single_C.007
Fra:1 Mem:99.16M (Peak 99.16M) | Time:00:00.03 | Syncing Role_rock_c.007
Fra:1 Mem:99.17M (Peak 99.17M) | Time:00:00.03 | Syncing rock_single_C.008
Fra:1 Mem:99.18M (Peak 99.18M) | Time:00:00.03 | Syncing Role_rock_c.008
Fra:1 Mem:99.18M (Peak 99.18M) | Time:00:00.03 | Syncing rock_single_C.009
Fra:1 Mem:99.19M (Peak 99.19M) | Time:00:00.03 | Syncing Role_rock_c.009
Fra:1 Mem:99.20M (Peak 99.20M) | Time:00:00.03 | Syncing CampHearthLog_0
Fra:1 Mem:99.21M (Peak 99.21M) | Time:00:00.03 | Syncing CampHearthLog_1
Fra:1 Mem:99.22M (Peak 99.22M) | Time:00:00.03 | Syncing CampHearthFlame
Fra:1 Mem:99.23M (Peak 99.23M) | Time:00:00.03 | Syncing CampHearthWarmLight
Fra:1 Mem:99.23M (Peak 99.23M) | Time:00:00.03 | Syncing tent
Fra:1 Mem:99.25M (Peak 99.25M) | Time:00:00.03 | Syncing camp__tent
Fra:1 Mem:99.25M (Peak 99.25M) | Time:00:00.03 | Syncing flag_red
Fra:1 Mem:99.26M (Peak 99.26M) | Time:00:00.03 | Syncing camp__flag_red
Fra:1 Mem:99.27M (Peak 99.27M) | Time:00:00.03 | Syncing crate_A_big
Fra:1 Mem:99.29M (Peak 99.29M) | Time:00:00.03 | Syncing camp__crate_big
Fra:1 Mem:99.29M (Peak 99.29M) | Time:00:00.03 | Syncing crate_A_small
Fra:1 Mem:99.32M (Peak 99.32M) | Time:00:00.03 | Syncing camp__crate_small
Fra:1 Mem:99.32M (Peak 99.32M) | Time:00:00.03 | Syncing resource_lumber
Fra:1 Mem:99.35M (Peak 99.35M) | Time:00:00.03 | Syncing camp__lumber
Fra:1 Mem:99.36M (Peak 99.36M) | Time:00:00.03 | Syncing sack
Fra:1 Mem:99.37M (Peak 99.37M) | Time:00:00.03 | Syncing camp__sack
Fra:1 Mem:99.38M (Peak 99.38M) | Time:00:00.03 | Syncing barrel
Fra:1 Mem:99.42M (Peak 99.42M) | Time:00:00.04 | Syncing camp__barrel
Fra:1 Mem:99.42M (Peak 99.42M) | Time:00:00.04 | Syncing wheelbarrow
Fra:1 Mem:99.48M (Peak 99.48M) | Time:00:00.04 | Syncing camp__wheelbarrow
Fra:1 Mem:99.48M (Peak 99.48M) | Time:00:00.04 | Syncing ShelterPath
Fra:1 Mem:99.49M (Peak 99.49M) | Time:00:00.04 | Syncing building_home_A_green
Fra:1 Mem:99.62M (Peak 99.62M) | Time:00:00.04 | Syncing shelter__house_a
Fra:1 Mem:99.63M (Peak 99.63M) | Time:00:00.04 | Syncing building_home_A_red
Fra:1 Mem:99.76M (Peak 99.76M) | Time:00:00.04 | Syncing shelter__house_c
Fra:1 Mem:99.76M (Peak 99.76M) | Time:00:00.04 | Syncing FoodPath
Fra:1 Mem:99.78M (Peak 99.78M) | Time:00:00.04 | Syncing FoodFieldSoil
Fra:1 Mem:99.82M (Peak 99.82M) | Time:00:00.04 | Syncing FoodCrop_0_0
Fra:1 Mem:99.83M (Peak 99.83M) | Time:00:00.04 | Syncing FoodCrop_0_1
Fra:1 Mem:99.84M (Peak 99.84M) | Time:00:00.04 | Syncing FoodCrop_0_2
Fra:1 Mem:99.84M (Peak 99.84M) | Time:00:00.04 | Syncing FoodCrop_0_3
Fra:1 Mem:99.85M (Peak 99.85M) | Time:00:00.04 | Syncing FoodCrop_0_4
Fra:1 Mem:99.86M (Peak 99.86M) | Time:00:00.04 | Syncing FoodCrop_0_5
Fra:1 Mem:99.87M (Peak 99.87M) | Time:00:00.04 | Syncing FoodCrop_0_6
Fra:1 Mem:99.88M (Peak 99.88M) | Time:00:00.04 | Syncing FoodCrop_1_0
Fra:1 Mem:99.89M (Peak 99.89M) | Time:00:00.04 | Syncing FoodCrop_1_1
Fra:1 Mem:99.89M (Peak 99.89M) | Time:00:00.04 | Syncing FoodCrop_1_2
Fra:1 Mem:99.90M (Peak 99.90M) | Time:00:00.04 | Syncing FoodCrop_1_3
Fra:1 Mem:99.91M (Peak 99.91M) | Time:00:00.04 | Syncing FoodCrop_1_4
Fra:1 Mem:99.92M (Peak 99.92M) | Time:00:00.04 | Syncing FoodCrop_1_5
Fra:1 Mem:99.93M (Peak 99.93M) | Time:00:00.04 | Syncing FoodCrop_1_6
Fra:1 Mem:99.93M (Peak 99.93M) | Time:00:00.04 | Syncing FoodCrop_2_0
Fra:1 Mem:99.94M (Peak 99.94M) | Time:00:00.04 | Syncing FoodCrop_2_1
Fra:1 Mem:99.95M (Peak 99.95M) | Time:00:00.04 | Syncing FoodCrop_2_2
Fra:1 Mem:99.96M (Peak 99.96M) | Time:00:00.04 | Syncing FoodCrop_2_3
Fra:1 Mem:99.97M (Peak 99.97M) | Time:00:00.04 | Syncing FoodCrop_2_4
Fra:1 Mem:99.97M (Peak 99.97M) | Time:00:00.04 | Syncing FoodCrop_2_5
Fra:1 Mem:99.98M (Peak 99.98M) | Time:00:00.04 | Syncing FoodCrop_2_6
Fra:1 Mem:99.99M (Peak 99.99M) | Time:00:00.04 | Syncing FoodCrop_3_0
Fra:1 Mem:100.00M (Peak 100.00M) | Time:00:00.04 | Syncing FoodCrop_3_1
Fra:1 Mem:100.01M (Peak 100.01M) | Time:00:00.04 | Syncing FoodCrop_3_2
Fra:1 Mem:100.02M (Peak 100.02M) | Time:00:00.04 | Syncing FoodCrop_3_3
Fra:1 Mem:100.02M (Peak 100.02M) | Time:00:00.04 | Syncing FoodCrop_3_4
Fra:1 Mem:100.03M (Peak 100.03M) | Time:00:00.04 | Syncing FoodCrop_3_5
Fra:1 Mem:100.04M (Peak 100.04M) | Time:00:00.04 | Syncing FoodCrop_3_6
Fra:1 Mem:100.05M (Peak 100.05M) | Time:00:00.04 | Syncing FoodCrop_4_0
Fra:1 Mem:100.06M (Peak 100.06M) | Time:00:00.04 | Syncing FoodCrop_4_1
Fra:1 Mem:100.07M (Peak 100.07M) | Time:00:00.04 | Syncing FoodCrop_4_2
Fra:1 Mem:100.07M (Peak 100.07M) | Time:00:00.04 | Syncing FoodCrop_4_3
Fra:1 Mem:100.08M (Peak 100.08M) | Time:00:00.04 | Syncing FoodCrop_4_4
Fra:1 Mem:100.09M (Peak 100.09M) | Time:00:00.04 | Syncing FoodCrop_4_5
Fra:1 Mem:100.10M (Peak 100.10M) | Time:00:00.04 | Syncing FoodCrop_4_6
Fra:1 Mem:100.11M (Peak 100.11M) | Time:00:00.04 | Syncing building_grain
Fra:1 Mem:100.14M (Peak 100.14M) | Time:00:00.04 | Syncing food__grain
Fra:1 Mem:100.15M (Peak 100.15M) | Time:00:00.04 | Syncing building_home_B_yellow
Fra:1 Mem:104.36M (Peak 108.16M) | Time:00:00.06 | Syncing food__house_b
Fra:1 Mem:104.37M (Peak 108.16M) | Time:00:00.06 | Syncing sack.001
Fra:1 Mem:104.38M (Peak 108.16M) | Time:00:00.06 | Syncing food__sack
Fra:1 Mem:104.39M (Peak 108.16M) | Time:00:00.06 | Syncing bucket_water
Fra:1 Mem:104.41M (Peak 108.16M) | Time:00:00.06 | Syncing food__bucket_water
Fra:1 Mem:104.42M (Peak 108.16M) | Time:00:00.06 | Syncing fence_wood_straight
Fra:1 Mem:104.45M (Peak 108.16M) | Time:00:00.06 | Syncing food__fence.001
Fra:1 Mem:104.46M (Peak 108.16M) | Time:00:00.06 | Syncing fence_wood_straight.001
Fra:1 Mem:104.49M (Peak 108.16M) | Time:00:00.06 | Syncing food__fence
Fra:1 Mem:104.49M (Peak 108.16M) | Time:00:00.06 | Syncing AurelianVillageV4Sun
Fra:1 Mem:104.49M (Peak 108.16M) | Time:00:00.06 | Syncing VillageV4DesktopCamera
Fra:1 Mem:104.18M (Peak 108.16M) | Time:00:00.07 | Rendering 1 / 64 samples
Fra:1 Mem:102.02M (Peak 108.16M) | Time:00:09.02 | Rendering 26 / 64 samples
Fra:1 Mem:102.02M (Peak 108.16M) | Time:00:17.07 | Rendering 51 / 64 samples
Fra:1 Mem:102.02M (Peak 108.16M) | Time:00:21.25 | Rendering 64 / 64 samples
Saved: '/home/runner/work/_temp/pixel-nations-village-v4-reauthor/render/desktop/stage-03-food.png'
Time: 00:21.95 (Saving: 00:00.33)

Fra:1 Mem:101.93M (Peak 101.93M) | Time:00:00.03 | Syncing AurelianContinuousTerrain
Fra:1 Mem:103.41M (Peak 103.41M) | Time:00:00.03 | Syncing RiverWater
Fra:1 Mem:103.43M (Peak 103.43M) | Time:00:00.03 | Syncing RoadApproach
Fra:1 Mem:103.44M (Peak 103.44M) | Time:00:00.03 | Syncing building_bridge_A
Fra:1 Mem:103.52M (Peak 103.52M) | Time:00:00.03 | Syncing Role_bridge
Fra:1 Mem:103.53M (Peak 103.53M) | Time:00:00.03 | Syncing tree_single_A
Fra:1 Mem:103.54M (Peak 103.54M) | Time:00:00.03 | Syncing Role_tree_a
Fra:1 Mem:103.54M (Peak 103.54M) | Time:00:00.03 | Syncing tree_single_B
Fra:1 Mem:103.57M (Peak 103.57M) | Time:00:00.03 | Syncing Role_tree_b
Fra:1 Mem:103.58M (Peak 103.58M) | Time:00:00.03 | Syncing tree_single_A.001
Fra:1 Mem:103.59M (Peak 103.59M) | Time:00:00.03 | Syncing Role_tree_a.001
Fra:1 Mem:103.60M (Peak 103.60M) | Time:00:00.03 | Syncing tree_single_B.001
Fra:1 Mem:103.63M (Peak 103.63M) | Time:00:00.03 | Syncing Role_tree_b.001
Fra:1 Mem:103.63M (Peak 103.63M) | Time:00:00.03 | Syncing tree_single_A.002
Fra:1 Mem:103.65M (Peak 103.65M) | Time:00:00.03 | Syncing Role_tree_a.002
Fra:1 Mem:103.65M (Peak 103.65M) | Time:00:00.03 | Syncing tree_single_B.002
Fra:1 Mem:103.68M (Peak 103.68M) | Time:00:00.03 | Syncing Role_tree_b.002
Fra:1 Mem:103.69M (Peak 103.69M) | Time:00:00.03 | Syncing rock_single_C
Fra:1 Mem:103.70M (Peak 103.70M) | Time:00:00.03 | Syncing Role_rock_c
Fra:1 Mem:103.70M (Peak 103.70M) | Time:00:00.03 | Syncing rock_single_E
Fra:1 Mem:103.72M (Peak 103.72M) | Time:00:00.03 | Syncing Role_rock_e
Fra:1 Mem:103.72M (Peak 103.72M) | Time:00:00.03 | Syncing rock_single_C.001
Fra:1 Mem:103.73M (Peak 103.73M) | Time:00:00.03 | Syncing Role_rock_c.001
Fra:1 Mem:103.74M (Peak 103.74M) | Time:00:00.03 | Syncing rock_single_E.001
Fra:1 Mem:103.75M (Peak 103.75M) | Time:00:00.03 | Syncing Role_rock_e.001
Fra:1 Mem:103.76M (Peak 103.76M) | Time:00:00.03 | Syncing CampPath
Fra:1 Mem:103.77M (Peak 103.77M) | Time:00:00.03 | Syncing rock_single_C.002
Fra:1 Mem:103.78M (Peak 103.78M) | Time:00:00.03 | Syncing Role_rock_c.002
Fra:1 Mem:103.78M (Peak 103.78M) | Time:00:00.03 | Syncing rock_single_C.003
Fra:1 Mem:103.79M (Peak 103.79M) | Time:00:00.03 | Syncing Role_rock_c.003
Fra:1 Mem:103.80M (Peak 103.80M) | Time:00:00.03 | Syncing rock_single_C.004
Fra:1 Mem:103.81M (Peak 103.81M) | Time:00:00.03 | Syncing Role_rock_c.004
Fra:1 Mem:103.81M (Peak 103.81M) | Time:00:00.03 | Syncing rock_single_C.005
Fra:1 Mem:103.82M (Peak 103.82M) | Time:00:00.03 | Syncing Role_rock_c.005
Fra:1 Mem:103.83M (Peak 103.83M) | Time:00:00.03 | Syncing rock_single_C.006
Fra:1 Mem:103.84M (Peak 103.84M) | Time:00:00.03 | Syncing Role_rock_c.006
Fra:1 Mem:103.84M (Peak 103.84M) | Time:00:00.03 | Syncing rock_single_C.007
Fra:1 Mem:103.85M (Peak 103.85M) | Time:00:00.03 | Syncing Role_rock_c.007
Fra:1 Mem:103.86M (Peak 103.86M) | Time:00:00.03 | Syncing rock_single_C.008
Fra:1 Mem:103.87M (Peak 103.87M) | Time:00:00.03 | Syncing Role_rock_c.008
Fra:1 Mem:103.87M (Peak 103.87M) | Time:00:00.03 | Syncing rock_single_C.009
Fra:1 Mem:103.88M (Peak 103.88M) | Time:00:00.03 | Syncing Role_rock_c.009
Fra:1 Mem:103.89M (Peak 103.89M) | Time:00:00.03 | Syncing CampHearthLog_0
Fra:1 Mem:103.90M (Peak 103.90M) | Time:00:00.03 | Syncing CampHearthLog_1
Fra:1 Mem:103.90M (Peak 103.90M) | Time:00:00.03 | Syncing CampHearthFlame
Fra:1 Mem:103.91M (Peak 103.91M) | Time:00:00.03 | Syncing CampHearthWarmLight
Fra:1 Mem:103.92M (Peak 103.92M) | Time:00:00.03 | Syncing tent
Fra:1 Mem:103.94M (Peak 103.94M) | Time:00:00.03 | Syncing camp__tent
Fra:1 Mem:103.94M (Peak 103.94M) | Time:00:00.03 | Syncing flag_red
Fra:1 Mem:103.95M (Peak 103.95M) | Time:00:00.03 | Syncing camp__flag_red
Fra:1 Mem:103.96M (Peak 103.96M) | Time:00:00.03 | Syncing crate_A_big
Fra:1 Mem:103.98M (Peak 103.98M) | Time:00:00.03 | Syncing camp__crate_big
Fra:1 Mem:103.98M (Peak 103.98M) | Time:00:00.03 | Syncing crate_A_small
Fra:1 Mem:104.00M (Peak 104.00M) | Time:00:00.03 | Syncing camp__crate_small
Fra:1 Mem:104.01M (Peak 104.01M) | Time:00:00.03 | Syncing resource_lumber
Fra:1 Mem:104.04M (Peak 104.04M) | Time:00:00.03 | Syncing camp__lumber
Fra:1 Mem:104.05M (Peak 104.05M) | Time:00:00.03 | Syncing sack
Fra:1 Mem:104.06M (Peak 104.06M) | Time:00:00.03 | Syncing camp__sack
Fra:1 Mem:104.07M (Peak 104.07M) | Time:00:00.03 | Syncing barrel
Fra:1 Mem:104.10M (Peak 104.10M) | Time:00:00.03 | Syncing camp__barrel
Fra:1 Mem:104.11M (Peak 104.11M) | Time:00:00.03 | Syncing wheelbarrow
Fra:1 Mem:104.16M (Peak 104.16M) | Time:00:00.03 | Syncing camp__wheelbarrow
Fra:1 Mem:104.17M (Peak 104.17M) | Time:00:00.03 | Syncing ShelterPath
Fra:1 Mem:104.18M (Peak 104.18M) | Time:00:00.03 | Syncing building_home_A_green
Fra:1 Mem:104.31M (Peak 104.31M) | Time:00:00.03 | Syncing shelter__house_a
Fra:1 Mem:104.32M (Peak 104.32M) | Time:00:00.03 | Syncing building_home_A_red
Fra:1 Mem:104.45M (Peak 104.45M) | Time:00:00.04 | Syncing shelter__house_c
Fra:1 Mem:104.45M (Peak 104.45M) | Time:00:00.04 | Syncing FoodPath
Fra:1 Mem:104.46M (Peak 104.46M) | Time:00:00.04 | Syncing FoodFieldSoil
Fra:1 Mem:104.51M (Peak 104.51M) | Time:00:00.04 | Syncing FoodCrop_0_0
Fra:1 Mem:104.52M (Peak 104.52M) | Time:00:00.04 | Syncing FoodCrop_0_1
Fra:1 Mem:104.52M (Peak 104.52M) | Time:00:00.04 | Syncing FoodCrop_0_2
Fra:1 Mem:104.53M (Peak 104.53M) | Time:00:00.04 | Syncing FoodCrop_0_3
Fra:1 Mem:104.54M (Peak 104.54M) | Time:00:00.04 | Syncing FoodCrop_0_4
Fra:1 Mem:104.55M (Peak 104.55M) | Time:00:00.04 | Syncing FoodCrop_0_5
Fra:1 Mem:104.56M (Peak 104.56M) | Time:00:00.04 | Syncing FoodCrop_0_6
Fra:1 Mem:104.56M (Peak 104.56M) | Time:00:00.04 | Syncing FoodCrop_1_0
Fra:1 Mem:104.57M (Peak 104.57M) | Time:00:00.04 | Syncing FoodCrop_1_1
Fra:1 Mem:104.58M (Peak 104.58M) | Time:00:00.04 | Syncing FoodCrop_1_2
Fra:1 Mem:104.59M (Peak 104.59M) | Time:00:00.04 | Syncing FoodCrop_1_3
Fra:1 Mem:104.60M (Peak 104.60M) | Time:00:00.04 | Syncing FoodCrop_1_4
Fra:1 Mem:104.60M (Peak 104.60M) | Time:00:00.04 | Syncing FoodCrop_1_5
Fra:1 Mem:104.61M (Peak 104.61M) | Time:00:00.04 | Syncing FoodCrop_1_6
Fra:1 Mem:104.62M (Peak 104.62M) | Time:00:00.04 | Syncing FoodCrop_2_0
Fra:1 Mem:104.63M (Peak 104.63M) | Time:00:00.04 | Syncing FoodCrop_2_1
Fra:1 Mem:104.63M (Peak 104.63M) | Time:00:00.04 | Syncing FoodCrop_2_2
Fra:1 Mem:104.64M (Peak 104.64M) | Time:00:00.04 | Syncing FoodCrop_2_3
Fra:1 Mem:104.65M (Peak 104.65M) | Time:00:00.04 | Syncing FoodCrop_2_4
Fra:1 Mem:104.66M (Peak 104.66M) | Time:00:00.04 | Syncing FoodCrop_2_5
Fra:1 Mem:104.67M (Peak 104.67M) | Time:00:00.04 | Syncing FoodCrop_2_6
Fra:1 Mem:104.67M (Peak 104.67M) | Time:00:00.04 | Syncing FoodCrop_3_0
Fra:1 Mem:104.68M (Peak 104.68M) | Time:00:00.04 | Syncing FoodCrop_3_1
Fra:1 Mem:104.69M (Peak 104.69M) | Time:00:00.04 | Syncing FoodCrop_3_2
Fra:1 Mem:104.70M (Peak 104.70M) | Time:00:00.04 | Syncing FoodCrop_3_3
Fra:1 Mem:104.71M (Peak 104.71M) | Time:00:00.04 | Syncing FoodCrop_3_4
Fra:1 Mem:104.72M (Peak 104.72M) | Time:00:00.04 | Syncing FoodCrop_3_5
Fra:1 Mem:104.72M (Peak 104.72M) | Time:00:00.04 | Syncing FoodCrop_3_6
Fra:1 Mem:104.73M (Peak 104.73M) | Time:00:00.04 | Syncing FoodCrop_4_0
Fra:1 Mem:104.74M (Peak 104.74M) | Time:00:00.04 | Syncing FoodCrop_4_1
Fra:1 Mem:104.75M (Peak 104.75M) | Time:00:00.04 | Syncing FoodCrop_4_2
Fra:1 Mem:104.76M (Peak 104.76M) | Time:00:00.04 | Syncing FoodCrop_4_3
Fra:1 Mem:104.76M (Peak 104.76M) | Time:00:00.04 | Syncing FoodCrop_4_4
Fra:1 Mem:104.77M (Peak 104.77M) | Time:00:00.04 | Syncing FoodCrop_4_5
Fra:1 Mem:104.78M (Peak 104.78M) | Time:00:00.04 | Syncing FoodCrop_4_6
Fra:1 Mem:104.79M (Peak 104.79M) | Time:00:00.04 | Syncing building_grain
Fra:1 Mem:104.82M (Peak 104.82M) | Time:00:00.04 | Syncing food__grain
Fra:1 Mem:104.83M (Peak 104.83M) | Time:00:00.04 | Syncing building_home_B_yellow
Fra:1 Mem:105.01M (Peak 105.01M) | Time:00:00.04 | Syncing food__house_b
Fra:1 Mem:105.01M (Peak 105.01M) | Time:00:00.04 | Syncing sack.001
Fra:1 Mem:105.03M (Peak 105.03M) | Time:00:00.04 | Syncing food__sack
Fra:1 Mem:105.03M (Peak 105.03M) | Time:00:00.04 | Syncing bucket_water
Fra:1 Mem:105.05M (Peak 105.05M) | Time:00:00.04 | Syncing food__bucket_water
Fra:1 Mem:105.06M (Peak 105.06M) | Time:00:00.04 | Syncing fence_wood_straight
Fra:1 Mem:105.09M (Peak 105.09M) | Time:00:00.04 | Syncing food__fence.001
Fra:1 Mem:105.10M (Peak 105.10M) | Time:00:00.04 | Syncing fence_wood_straight.001
Fra:1 Mem:105.13M (Peak 105.13M) | Time:00:00.04 | Syncing food__fence
Fra:1 Mem:105.13M (Peak 105.13M) | Time:00:00.04 | Syncing TimberPath
Fra:1 Mem:105.15M (Peak 105.15M) | Time:00:00.04 | Syncing building_scaffolding
Fra:1 Mem:105.53M (Peak 105.53M) | Time:00:00.04 | Syncing timber__scaffolding
Fra:1 Mem:105.53M (Peak 105.53M) | Time:00:00.04 | Syncing tree_single_A_cut
Fra:1 Mem:105.54M (Peak 105.54M) | Time:00:00.04 | Syncing timber__tree_cut
Fra:1 Mem:105.55M (Peak 105.55M) | Time:00:00.04 | Syncing resource_lumber.001
Fra:1 Mem:105.58M (Peak 105.58M) | Time:00:00.04 | Syncing timber__lumber
Fra:1 Mem:105.59M (Peak 105.59M) | Time:00:00.04 | Syncing resource_lumber.002
Fra:1 Mem:105.62M (Peak 105.62M) | Time:00:00.04 | Syncing timber__lumber.001
Fra:1 Mem:105.63M (Peak 105.63M) | Time:00:00.04 | Syncing pallet
Fra:1 Mem:105.64M (Peak 105.64M) | Time:00:00.04 | Syncing timber__pallet
Fra:1 Mem:105.65M (Peak 105.65M) | Time:00:00.04 | Syncing ladder
Fra:1 Mem:105.70M (Peak 105.70M) | Time:00:00.04 | Syncing timber__ladder
Fra:1 Mem:105.70M (Peak 105.70M) | Time:00:00.04 | Syncing AurelianVillageV4Sun
Fra:1 Mem:105.70M (Peak 105.70M) | Time:00:00.04 | Syncing VillageV4DesktopCamera
Fra:1 Mem:105.27M (Peak 105.70M) | Time:00:00.05 | Rendering 1 / 64 samples
Fra:1 Mem:102.79M (Peak 105.70M) | Time:00:09.01 | Rendering 26 / 64 samples
Fra:1 Mem:102.79M (Peak 105.70M) | Time:00:17.08 | Rendering 51 / 64 samples
Fra:1 Mem:102.79M (Peak 105.70M) | Time:00:21.25 | Rendering 64 / 64 samples
Saved: '/home/runner/work/_temp/pixel-nations-village-v4-reauthor/render/desktop/stage-04-timber.png'
Time: 00:21.95 (Saving: 00:00.33)

Fra:1 Mem:102.47M (Peak 102.47M) | Time:00:00.03 | Syncing AurelianContinuousTerrain
Fra:1 Mem:103.95M (Peak 103.95M) | Time:00:00.03 | Syncing RiverWater
Fra:1 Mem:103.97M (Peak 103.97M) | Time:00:00.03 | Syncing RoadApproach
Fra:1 Mem:103.98M (Peak 103.98M) | Time:00:00.03 | Syncing building_bridge_A
Fra:1 Mem:104.06M (Peak 104.06M) | Time:00:00.03 | Syncing Role_bridge
Fra:1 Mem:104.07M (Peak 104.07M) | Time:00:00.03 | Syncing tree_single_A
Fra:1 Mem:104.08M (Peak 104.08M) | Time:00:00.03 | Syncing Role_tree_a
Fra:1 Mem:104.08M (Peak 104.08M) | Time:00:00.03 | Syncing tree_single_B
Fra:1 Mem:104.12M (Peak 104.12M) | Time:00:00.03 | Syncing Role_tree_b
Fra:1 Mem:104.12M (Peak 104.12M) | Time:00:00.03 | Syncing tree_single_A.001
Fra:1 Mem:104.13M (Peak 104.13M) | Time:00:00.03 | Syncing Role_tree_a.001
Fra:1 Mem:104.14M (Peak 104.14M) | Time:00:00.03 | Syncing tree_single_B.001
Fra:1 Mem:104.17M (Peak 104.17M) | Time:00:00.03 | Syncing Role_tree_b.001
Fra:1 Mem:104.17M (Peak 104.17M) | Time:00:00.03 | Syncing tree_single_A.002
Fra:1 Mem:104.19M (Peak 104.19M) | Time:00:00.03 | Syncing Role_tree_a.002
Fra:1 Mem:104.19M (Peak 104.19M) | Time:00:00.03 | Syncing tree_single_B.002
Fra:1 Mem:104.22M (Peak 104.22M) | Time:00:00.03 | Syncing Role_tree_b.002
Fra:1 Mem:104.23M (Peak 104.23M) | Time:00:00.03 | Syncing rock_single_C
Fra:1 Mem:104.24M (Peak 104.24M) | Time:00:00.03 | Syncing Role_rock_c
Fra:1 Mem:104.24M (Peak 104.24M) | Time:00:00.03 | Syncing rock_single_E
Fra:1 Mem:104.26M (Peak 104.26M) | Time:00:00.03 | Syncing Role_rock_e
Fra:1 Mem:104.26M (Peak 104.26M) | Time:00:00.03 | Syncing rock_single_C.001
Fra:1 Mem:104.27M (Peak 104.27M) | Time:00:00.03 | Syncing Role_rock_c.001
Fra:1 Mem:104.28M (Peak 104.28M) | Time:00:00.03 | Syncing rock_single_E.001
Fra:1 Mem:104.29M (Peak 104.29M) | Time:00:00.03 | Syncing Role_rock_e.001
Fra:1 Mem:104.30M (Peak 104.30M) | Time:00:00.03 | Syncing CampPath
Fra:1 Mem:104.31M (Peak 104.31M) | Time:00:00.03 | Syncing rock_single_C.002
Fra:1 Mem:104.32M (Peak 104.32M) | Time:00:00.03 | Syncing Role_rock_c.002
Fra:1 Mem:104.32M (Peak 104.32M) | Time:00:00.03 | Syncing rock_single_C.003
Fra:1 Mem:104.33M (Peak 104.33M) | Time:00:00.03 | Syncing Role_rock_c.003
Fra:1 Mem:104.34M (Peak 104.34M) | Time:00:00.03 | Syncing rock_single_C.004
Fra:1 Mem:104.35M (Peak 104.35M) | Time:00:00.03 | Syncing Role_rock_c.004
Fra:1 Mem:104.35M (Peak 104.35M) | Time:00:00.03 | Syncing rock_single_C.005
Fra:1 Mem:104.36M (Peak 104.36M) | Time:00:00.03 | Syncing Role_rock_c.005
Fra:1 Mem:104.37M (Peak 104.37M) | Time:00:00.03 | Syncing rock_single_C.006
Fra:1 Mem:104.38M (Peak 104.38M) | Time:00:00.03 | Syncing Role_rock_c.006
Fra:1 Mem:104.38M (Peak 104.38M) | Time:00:00.03 | Syncing rock_single_C.007
Fra:1 Mem:104.39M (Peak 104.39M) | Time:00:00.03 | Syncing Role_rock_c.007
Fra:1 Mem:104.40M (Peak 104.40M) | Time:00:00.03 | Syncing rock_single_C.008
Fra:1 Mem:104.41M (Peak 104.41M) | Time:00:00.03 | Syncing Role_rock_c.008
Fra:1 Mem:104.41M (Peak 104.41M) | Time:00:00.03 | Syncing rock_single_C.009
Fra:1 Mem:104.42M (Peak 104.42M) | Time:00:00.03 | Syncing Role_rock_c.009
Fra:1 Mem:104.43M (Peak 104.43M) | Time:00:00.03 | Syncing CampHearthLog_0
Fra:1 Mem:104.44M (Peak 104.44M) | Time:00:00.03 | Syncing CampHearthLog_1
Fra:1 Mem:104.45M (Peak 104.45M) | Time:00:00.03 | Syncing CampHearthFlame
Fra:1 Mem:104.46M (Peak 104.46M) | Time:00:00.03 | Syncing CampHearthWarmLight
Fra:1 Mem:104.46M (Peak 104.46M) | Time:00:00.03 | Syncing tent
Fra:1 Mem:104.48M (Peak 104.48M) | Time:00:00.03 | Syncing camp__tent
Fra:1 Mem:104.48M (Peak 104.48M) | Time:00:00.03 | Syncing flag_red
Fra:1 Mem:104.49M (Peak 104.49M) | Time:00:00.03 | Syncing camp__flag_red
Fra:1 Mem:104.50M (Peak 104.50M) | Time:00:00.03 | Syncing crate_A_big
Fra:1 Mem:104.52M (Peak 104.52M) | Time:00:00.03 | Syncing camp__crate_big
Fra:1 Mem:104.52M (Peak 104.52M) | Time:00:00.03 | Syncing crate_A_small
Fra:1 Mem:104.55M (Peak 104.55M) | Time:00:00.03 | Syncing camp__crate_small
Fra:1 Mem:104.55M (Peak 104.55M) | Time:00:00.03 | Syncing resource_lumber
Fra:1 Mem:104.58M (Peak 104.58M) | Time:00:00.04 | Syncing camp__lumber
Fra:1 Mem:104.59M (Peak 104.59M) | Time:00:00.04 | Syncing sack
Fra:1 Mem:104.60M (Peak 104.60M) | Time:00:00.04 | Syncing camp__sack
Fra:1 Mem:104.61M (Peak 104.61M) | Time:00:00.04 | Syncing barrel
Fra:1 Mem:104.65M (Peak 104.65M) | Time:00:00.04 | Syncing camp__barrel
Fra:1 Mem:104.65M (Peak 104.65M) | Time:00:00.04 | Syncing wheelbarrow
Fra:1 Mem:104.71M (Peak 104.71M) | Time:00:00.04 | Syncing camp__wheelbarrow
Fra:1 Mem:104.71M (Peak 104.71M) | Time:00:00.04 | Syncing ShelterPath
Fra:1 Mem:104.72M (Peak 104.72M) | Time:00:00.04 | Syncing building_home_A_green
Fra:1 Mem:104.85M (Peak 104.85M) | Time:00:00.04 | Syncing shelter__house_a
Fra:1 Mem:104.86M (Peak 104.86M) | Time:00:00.04 | Syncing building_home_A_red
Fra:1 Mem:104.99M (Peak 104.99M) | Time:00:00.04 | Syncing shelter__house_c
Fra:1 Mem:104.99M (Peak 104.99M) | Time:00:00.04 | Syncing FoodPath
Fra:1 Mem:105.01M (Peak 105.01M) | Time:00:00.04 | Syncing FoodFieldSoil
Fra:1 Mem:105.05M (Peak 105.05M) | Time:00:00.04 | Syncing FoodCrop_0_0
Fra:1 Mem:105.06M (Peak 105.06M) | Time:00:00.04 | Syncing FoodCrop_0_1
Fra:1 Mem:105.06M (Peak 105.06M) | Time:00:00.04 | Syncing FoodCrop_0_2
Fra:1 Mem:105.07M (Peak 105.07M) | Time:00:00.04 | Syncing FoodCrop_0_3
Fra:1 Mem:105.08M (Peak 105.08M) | Time:00:00.04 | Syncing FoodCrop_0_4
Fra:1 Mem:105.09M (Peak 105.09M) | Time:00:00.04 | Syncing FoodCrop_0_5
Fra:1 Mem:105.10M (Peak 105.10M) | Time:00:00.04 | Syncing FoodCrop_0_6
Fra:1 Mem:105.10M (Peak 105.10M) | Time:00:00.04 | Syncing FoodCrop_1_0
Fra:1 Mem:105.11M (Peak 105.11M) | Time:00:00.04 | Syncing FoodCrop_1_1
Fra:1 Mem:105.12M (Peak 105.12M) | Time:00:00.04 | Syncing FoodCrop_1_2
Fra:1 Mem:105.13M (Peak 105.13M) | Time:00:00.04 | Syncing FoodCrop_1_3
Fra:1 Mem:105.14M (Peak 105.14M) | Time:00:00.04 | Syncing FoodCrop_1_4
Fra:1 Mem:105.14M (Peak 105.14M) | Time:00:00.04 | Syncing FoodCrop_1_5
Fra:1 Mem:105.15M (Peak 105.15M) | Time:00:00.04 | Syncing FoodCrop_1_6
Fra:1 Mem:105.16M (Peak 105.16M) | Time:00:00.04 | Syncing FoodCrop_2_0
Fra:1 Mem:105.17M (Peak 105.17M) | Time:00:00.04 | Syncing FoodCrop_2_1
Fra:1 Mem:105.18M (Peak 105.18M) | Time:00:00.04 | Syncing FoodCrop_2_2
Fra:1 Mem:105.18M (Peak 105.18M) | Time:00:00.04 | Syncing FoodCrop_2_3
Fra:1 Mem:105.19M (Peak 105.19M) | Time:00:00.04 | Syncing FoodCrop_2_4
Fra:1 Mem:105.20M (Peak 105.20M) | Time:00:00.04 | Syncing FoodCrop_2_5
Fra:1 Mem:105.21M (Peak 105.21M) | Time:00:00.04 | Syncing FoodCrop_2_6
Fra:1 Mem:105.22M (Peak 105.22M) | Time:00:00.04 | Syncing FoodCrop_3_0
Fra:1 Mem:105.22M (Peak 105.22M) | Time:00:00.04 | Syncing FoodCrop_3_1
Fra:1 Mem:105.23M (Peak 105.23M) | Time:00:00.04 | Syncing FoodCrop_3_2
Fra:1 Mem:105.24M (Peak 105.24M) | Time:00:00.04 | Syncing FoodCrop_3_3
Fra:1 Mem:105.25M (Peak 105.25M) | Time:00:00.04 | Syncing FoodCrop_3_4
Fra:1 Mem:105.26M (Peak 105.26M) | Time:00:00.04 | Syncing FoodCrop_3_5
Fra:1 Mem:105.27M (Peak 105.27M) | Time:00:00.04 | Syncing FoodCrop_3_6
Fra:1 Mem:105.27M (Peak 105.27M) | Time:00:00.04 | Syncing FoodCrop_4_0
Fra:1 Mem:105.28M (Peak 105.28M) | Time:00:00.04 | Syncing FoodCrop_4_1
Fra:1 Mem:105.29M (Peak 105.29M) | Time:00:00.04 | Syncing FoodCrop_4_2
Fra:1 Mem:105.30M (Peak 105.30M) | Time:00:00.04 | Syncing FoodCrop_4_3
Fra:1 Mem:105.30M (Peak 105.30M) | Time:00:00.04 | Syncing FoodCrop_4_4
Fra:1 Mem:105.31M (Peak 105.31M) | Time:00:00.04 | Syncing FoodCrop_4_5
Fra:1 Mem:105.32M (Peak 105.32M) | Time:00:00.04 | Syncing FoodCrop_4_6
Fra:1 Mem:105.33M (Peak 105.33M) | Time:00:00.04 | Syncing building_grain
Fra:1 Mem:105.36M (Peak 105.36M) | Time:00:00.04 | Syncing food__grain
Fra:1 Mem:105.37M (Peak 105.37M) | Time:00:00.04 | Syncing building_home_B_yellow
Fra:1 Mem:105.55M (Peak 105.55M) | Time:00:00.04 | Syncing food__house_b
Fra:1 Mem:105.55M (Peak 105.55M) | Time:00:00.04 | Syncing sack.001
Fra:1 Mem:105.57M (Peak 105.57M) | Time:00:00.04 | Syncing food__sack
Fra:1 Mem:105.57M (Peak 105.57M) | Time:00:00.04 | Syncing bucket_water
Fra:1 Mem:105.60M (Peak 105.60M) | Time:00:00.04 | Syncing food__bucket_water
Fra:1 Mem:105.60M (Peak 105.60M) | Time:00:00.04 | Syncing fence_wood_straight
Fra:1 Mem:105.63M (Peak 105.63M) | Time:00:00.04 | Syncing food__fence.001
Fra:1 Mem:105.64M (Peak 105.64M) | Time:00:00.04 | Syncing fence_wood_straight.001
Fra:1 Mem:105.67M (Peak 105.67M) | Time:00:00.04 | Syncing food__fence
Fra:1 Mem:105.67M (Peak 105.67M) | Time:00:00.04 | Syncing TimberPath
Fra:1 Mem:105.69M (Peak 105.69M) | Time:00:00.04 | Syncing building_scaffolding
Fra:1 Mem:106.03M (Peak 106.03M) | Time:00:00.04 | Syncing timber__scaffolding
Fra:1 Mem:106.03M (Peak 106.03M) | Time:00:00.04 | Syncing tree_single_A_cut
Fra:1 Mem:106.04M (Peak 106.04M) | Time:00:00.04 | Syncing timber__tree_cut
Fra:1 Mem:106.04M (Peak 106.04M) | Time:00:00.04 | Syncing resource_lumber.001
Fra:1 Mem:106.08M (Peak 106.08M) | Time:00:00.04 | Syncing timber__lumber
Fra:1 Mem:106.08M (Peak 106.08M) | Time:00:00.04 | Syncing resource_lumber.002
Fra:1 Mem:106.11M (Peak 106.11M) | Time:00:00.04 | Syncing timber__lumber.001
Fra:1 Mem:106.12M (Peak 106.12M) | Time:00:00.04 | Syncing pallet
Fra:1 Mem:106.13M (Peak 106.13M) | Time:00:00.04 | Syncing timber__pallet
Fra:1 Mem:106.14M (Peak 106.14M) | Time:00:00.04 | Syncing ladder
Fra:1 Mem:106.18M (Peak 106.18M) | Time:00:00.04 | Syncing timber__ladder
Fra:1 Mem:106.19M (Peak 106.19M) | Time:00:00.04 | Syncing ScoutPath
Fra:1 Mem:106.20M (Peak 106.20M) | Time:00:00.04 | Syncing tent.001
Fra:1 Mem:106.22M (Peak 106.22M) | Time:00:00.04 | Syncing scout__tent
Fra:1 Mem:106.22M (Peak 106.22M) | Time:00:00.04 | Syncing flag_red.001
Fra:1 Mem:106.24M (Peak 106.24M) | Time:00:00.04 | Syncing scout__flag_red
Fra:1 Mem:106.24M (Peak 106.24M) | Time:00:00.04 | Syncing flag_red.002
Fra:1 Mem:106.25M (Peak 106.25M) | Time:00:00.04 | Syncing scout__flag_red.001
Fra:1 Mem:106.26M (Peak 106.26M) | Time:00:00.04 | Syncing target
Fra:1 Mem:106.28M (Peak 106.28M) | Time:00:00.04 | Syncing scout__target
Fra:1 Mem:106.29M (Peak 106.29M) | Time:00:00.04 | Syncing crate_open
Fra:1 Mem:106.33M (Peak 106.33M) | Time:00:00.04 | Syncing scout__crate_open
Fra:1 Mem:106.33M (Peak 106.33M) | Time:00:00.04 | Syncing AurelianVillageV4Sun
Fra:1 Mem:106.33M (Peak 106.33M) | Time:00:00.04 | Syncing VillageV4DesktopCamera
Fra:1 Mem:105.88M (Peak 106.33M) | Time:00:00.06 | Rendering 1 / 64 samples
Fra:1 Mem:103.35M (Peak 106.33M) | Time:00:09.05 | Rendering 26 / 64 samples
Fra:1 Mem:103.35M (Peak 106.33M) | Time:00:17.16 | Rendering 51 / 64 samples
Fra:1 Mem:103.35M (Peak 106.33M) | Time:00:21.38 | Rendering 64 / 64 samples
Saved: '/home/runner/work/_temp/pixel-nations-village-v4-reauthor/render/desktop/stage-05-scout.png'
Time: 00:22.07 (Saving: 00:00.33)

Fra:1 Mem:103.17M (Peak 103.17M) | Time:00:00.03 | Syncing AurelianContinuousTerrain
Fra:1 Mem:104.65M (Peak 104.65M) | Time:00:00.03 | Syncing RiverWater
Fra:1 Mem:104.67M (Peak 104.67M) | Time:00:00.03 | Syncing RoadApproach
Fra:1 Mem:104.68M (Peak 104.68M) | Time:00:00.03 | Syncing building_bridge_A
Fra:1 Mem:104.76M (Peak 104.76M) | Time:00:00.03 | Syncing Role_bridge
Fra:1 Mem:104.77M (Peak 104.77M) | Time:00:00.03 | Syncing tree_single_A
Fra:1 Mem:104.78M (Peak 104.78M) | Time:00:00.03 | Syncing Role_tree_a
Fra:1 Mem:104.78M (Peak 104.78M) | Time:00:00.03 | Syncing tree_single_B
Fra:1 Mem:104.82M (Peak 104.82M) | Time:00:00.03 | Syncing Role_tree_b
Fra:1 Mem:104.82M (Peak 104.82M) | Time:00:00.03 | Syncing tree_single_A.001
Fra:1 Mem:104.83M (Peak 104.83M) | Time:00:00.03 | Syncing Role_tree_a.001
Fra:1 Mem:104.84M (Peak 104.84M) | Time:00:00.03 | Syncing tree_single_B.001
Fra:1 Mem:104.87M (Peak 104.87M) | Time:00:00.03 | Syncing Role_tree_b.001
Fra:1 Mem:104.87M (Peak 104.87M) | Time:00:00.03 | Syncing tree_single_A.002
Fra:1 Mem:104.89M (Peak 104.89M) | Time:00:00.03 | Syncing Role_tree_a.002
Fra:1 Mem:104.89M (Peak 104.89M) | Time:00:00.03 | Syncing tree_single_B.002
Fra:1 Mem:104.92M (Peak 104.92M) | Time:00:00.03 | Syncing Role_tree_b.002
Fra:1 Mem:104.93M (Peak 104.93M) | Time:00:00.03 | Syncing rock_single_C
Fra:1 Mem:104.94M (Peak 104.94M) | Time:00:00.03 | Syncing Role_rock_c
Fra:1 Mem:104.94M (Peak 104.94M) | Time:00:00.03 | Syncing rock_single_E
Fra:1 Mem:104.96M (Peak 104.96M) | Time:00:00.03 | Syncing Role_rock_e
Fra:1 Mem:104.96M (Peak 104.96M) | Time:00:00.03 | Syncing rock_single_C.001
Fra:1 Mem:104.97M (Peak 104.97M) | Time:00:00.03 | Syncing Role_rock_c.001
Fra:1 Mem:104.98M (Peak 104.98M) | Time:00:00.03 | Syncing rock_single_E.001
Fra:1 Mem:104.99M (Peak 104.99M) | Time:00:00.03 | Syncing Role_rock_e.001
Fra:1 Mem:105.00M (Peak 105.00M) | Time:00:00.03 | Syncing CampPath
Fra:1 Mem:105.01M (Peak 105.01M) | Time:00:00.03 | Syncing rock_single_C.002
Fra:1 Mem:105.02M (Peak 105.02M) | Time:00:00.03 | Syncing Role_rock_c.002
Fra:1 Mem:105.02M (Peak 105.02M) | Time:00:00.03 | Syncing rock_single_C.003
Fra:1 Mem:105.03M (Peak 105.03M) | Time:00:00.03 | Syncing Role_rock_c.003
Fra:1 Mem:105.04M (Peak 105.04M) | Time:00:00.03 | Syncing rock_single_C.004
Fra:1 Mem:105.05M (Peak 105.05M) | Time:00:00.03 | Syncing Role_rock_c.004
Fra:1 Mem:105.05M (Peak 105.05M) | Time:00:00.03 | Syncing rock_single_C.005
Fra:1 Mem:105.06M (Peak 105.06M) | Time:00:00.03 | Syncing Role_rock_c.005
Fra:1 Mem:105.07M (Peak 105.07M) | Time:00:00.03 | Syncing rock_single_C.006
Fra:1 Mem:105.08M (Peak 105.08M) | Time:00:00.03 | Syncing Role_rock_c.006
Fra:1 Mem:105.08M (Peak 105.08M) | Time:00:00.03 | Syncing rock_single_C.007
Fra:1 Mem:105.09M (Peak 105.09M) | Time:00:00.03 | Syncing Role_rock_c.007
Fra:1 Mem:105.10M (Peak 105.10M) | Time:00:00.03 | Syncing rock_single_C.008
Fra:1 Mem:105.11M (Peak 105.11M) | Time:00:00.03 | Syncing Role_rock_c.008
Fra:1 Mem:105.11M (Peak 105.11M) | Time:00:00.03 | Syncing rock_single_C.009
Fra:1 Mem:105.12M (Peak 105.12M) | Time:00:00.03 | Syncing Role_rock_c.009
Fra:1 Mem:105.13M (Peak 105.13M) | Time:00:00.03 | Syncing CampHearthLog_0
Fra:1 Mem:105.14M (Peak 105.14M) | Time:00:00.03 | Syncing CampHearthLog_1
Fra:1 Mem:105.15M (Peak 105.15M) | Time:00:00.03 | Syncing CampHearthFlame
Fra:1 Mem:105.15M (Peak 105.15M) | Time:00:00.03 | Syncing CampHearthWarmLight
Fra:1 Mem:105.16M (Peak 105.16M) | Time:00:00.03 | Syncing tent
Fra:1 Mem:105.18M (Peak 105.18M) | Time:00:00.03 | Syncing camp__tent
Fra:1 Mem:105.18M (Peak 105.18M) | Time:00:00.03 | Syncing flag_red
Fra:1 Mem:105.19M (Peak 105.19M) | Time:00:00.03 | Syncing camp__flag_red
Fra:1 Mem:105.20M (Peak 105.20M) | Time:00:00.03 | Syncing crate_A_big
Fra:1 Mem:105.22M (Peak 105.22M) | Time:00:00.03 | Syncing camp__crate_big
Fra:1 Mem:105.22M (Peak 105.22M) | Time:00:00.03 | Syncing crate_A_small
Fra:1 Mem:105.24M (Peak 105.24M) | Time:00:00.03 | Syncing camp__crate_small
Fra:1 Mem:105.25M (Peak 105.25M) | Time:00:00.03 | Syncing resource_lumber
Fra:1 Mem:105.28M (Peak 105.28M) | Time:00:00.03 | Syncing camp__lumber
Fra:1 Mem:105.29M (Peak 105.29M) | Time:00:00.03 | Syncing sack
Fra:1 Mem:105.30M (Peak 105.30M) | Time:00:00.03 | Syncing camp__sack
Fra:1 Mem:105.31M (Peak 105.31M) | Time:00:00.03 | Syncing barrel
Fra:1 Mem:105.34M (Peak 105.34M) | Time:00:00.04 | Syncing camp__barrel
Fra:1 Mem:105.35M (Peak 105.35M) | Time:00:00.04 | Syncing wheelbarrow
Fra:1 Mem:105.40M (Peak 105.40M) | Time:00:00.04 | Syncing camp__wheelbarrow
Fra:1 Mem:105.41M (Peak 105.41M) | Time:00:00.04 | Syncing ShelterPath
Fra:1 Mem:105.42M (Peak 105.42M) | Time:00:00.04 | Syncing building_home_A_green
Fra:1 Mem:105.55M (Peak 105.55M) | Time:00:00.04 | Syncing shelter__house_a
Fra:1 Mem:105.56M (Peak 105.56M) | Time:00:00.04 | Syncing building_home_A_red
Fra:1 Mem:105.69M (Peak 105.69M) | Time:00:00.04 | Syncing shelter__house_c
Fra:1 Mem:105.69M (Peak 105.69M) | Time:00:00.04 | Syncing FoodPath
Fra:1 Mem:105.71M (Peak 105.71M) | Time:00:00.04 | Syncing FoodFieldSoil
Fra:1 Mem:105.75M (Peak 105.75M) | Time:00:00.04 | Syncing FoodCrop_0_0
Fra:1 Mem:105.76M (Peak 105.76M) | Time:00:00.04 | Syncing FoodCrop_0_1
Fra:1 Mem:105.76M (Peak 105.76M) | Time:00:00.04 | Syncing FoodCrop_0_2
Fra:1 Mem:105.77M (Peak 105.77M) | Time:00:00.04 | Syncing FoodCrop_0_3
Fra:1 Mem:105.78M (Peak 105.78M) | Time:00:00.04 | Syncing FoodCrop_0_4
Fra:1 Mem:105.79M (Peak 105.79M) | Time:00:00.04 | Syncing FoodCrop_0_5
Fra:1 Mem:105.80M (Peak 105.80M) | Time:00:00.04 | Syncing FoodCrop_0_6
Fra:1 Mem:105.80M (Peak 105.80M) | Time:00:00.04 | Syncing FoodCrop_1_0
Fra:1 Mem:105.81M (Peak 105.81M) | Time:00:00.04 | Syncing FoodCrop_1_1
Fra:1 Mem:105.82M (Peak 105.82M) | Time:00:00.04 | Syncing FoodCrop_1_2
Fra:1 Mem:105.83M (Peak 105.83M) | Time:00:00.04 | Syncing FoodCrop_1_3
Fra:1 Mem:105.84M (Peak 105.84M) | Time:00:00.04 | Syncing FoodCrop_1_4
Fra:1 Mem:105.84M (Peak 105.84M) | Time:00:00.04 | Syncing FoodCrop_1_5
Fra:1 Mem:105.85M (Peak 105.85M) | Time:00:00.04 | Syncing FoodCrop_1_6
Fra:1 Mem:105.86M (Peak 105.86M) | Time:00:00.04 | Syncing FoodCrop_2_0
Fra:1 Mem:105.87M (Peak 105.87M) | Time:00:00.04 | Syncing FoodCrop_2_1
Fra:1 Mem:105.88M (Peak 105.88M) | Time:00:00.04 | Syncing FoodCrop_2_2
Fra:1 Mem:105.88M (Peak 105.88M) | Time:00:00.04 | Syncing FoodCrop_2_3
Fra:1 Mem:105.89M (Peak 105.89M) | Time:00:00.04 | Syncing FoodCrop_2_4
Fra:1 Mem:105.90M (Peak 105.90M) | Time:00:00.04 | Syncing FoodCrop_2_5
Fra:1 Mem:105.91M (Peak 105.91M) | Time:00:00.04 | Syncing FoodCrop_2_6
Fra:1 Mem:105.92M (Peak 105.92M) | Time:00:00.04 | Syncing FoodCrop_3_0
Fra:1 Mem:105.92M (Peak 105.92M) | Time:00:00.04 | Syncing FoodCrop_3_1
Fra:1 Mem:105.93M (Peak 105.93M) | Time:00:00.04 | Syncing FoodCrop_3_2
Fra:1 Mem:105.94M (Peak 105.94M) | Time:00:00.04 | Syncing FoodCrop_3_3
Fra:1 Mem:105.95M (Peak 105.95M) | Time:00:00.04 | Syncing FoodCrop_3_4
Fra:1 Mem:105.96M (Peak 105.96M) | Time:00:00.04 | Syncing FoodCrop_3_5
Fra:1 Mem:105.96M (Peak 105.96M) | Time:00:00.04 | Syncing FoodCrop_3_6
Fra:1 Mem:105.97M (Peak 105.97M) | Time:00:00.04 | Syncing FoodCrop_4_0
Fra:1 Mem:105.98M (Peak 105.98M) | Time:00:00.04 | Syncing FoodCrop_4_1
Fra:1 Mem:105.99M (Peak 105.99M) | Time:00:00.04 | Syncing FoodCrop_4_2
Fra:1 Mem:106.00M (Peak 106.00M) | Time:00:00.04 | Syncing FoodCrop_4_3
Fra:1 Mem:106.00M (Peak 106.00M) | Time:00:00.04 | Syncing FoodCrop_4_4
Fra:1 Mem:106.01M (Peak 106.01M) | Time:00:00.04 | Syncing FoodCrop_4_5
Fra:1 Mem:106.02M (Peak 106.02M) | Time:00:00.04 | Syncing FoodCrop_4_6
Fra:1 Mem:106.03M (Peak 106.03M) | Time:00:00.04 | Syncing building_grain
Fra:1 Mem:106.06M (Peak 106.06M) | Time:00:00.04 | Syncing food__grain
Fra:1 Mem:106.07M (Peak 106.07M) | Time:00:00.04 | Syncing building_home_B_yellow
Fra:1 Mem:106.25M (Peak 106.25M) | Time:00:00.04 | Syncing food__house_b
Fra:1 Mem:106.25M (Peak 106.25M) | Time:00:00.04 | Syncing sack.001
Fra:1 Mem:106.27M (Peak 106.27M) | Time:00:00.04 | Syncing food__sack
Fra:1 Mem:106.27M (Peak 106.27M) | Time:00:00.04 | Syncing bucket_water
Fra:1 Mem:106.30M (Peak 106.30M) | Time:00:00.04 | Syncing food__bucket_water
Fra:1 Mem:106.30M (Peak 106.30M) | Time:00:00.04 | Syncing fence_wood_straight
Fra:1 Mem:106.33M (Peak 106.33M) | Time:00:00.04 | Syncing food__fence.001
Fra:1 Mem:106.34M (Peak 106.34M) | Time:00:00.04 | Syncing fence_wood_straight.001
Fra:1 Mem:106.37M (Peak 106.37M) | Time:00:00.04 | Syncing food__fence
Fra:1 Mem:106.37M (Peak 106.37M) | Time:00:00.04 | Syncing TimberPath
Fra:1 Mem:106.38M (Peak 106.38M) | Time:00:00.04 | Syncing building_scaffolding
Fra:1 Mem:106.73M (Peak 106.73M) | Time:00:00.04 | Syncing timber__scaffolding
Fra:1 Mem:106.73M (Peak 106.73M) | Time:00:00.04 | Syncing tree_single_A_cut
Fra:1 Mem:106.74M (Peak 106.74M) | Time:00:00.04 | Syncing timber__tree_cut
Fra:1 Mem:106.74M (Peak 106.74M) | Time:00:00.04 | Syncing resource_lumber.001
Fra:1 Mem:106.78M (Peak 106.78M) | Time:00:00.04 | Syncing timber__lumber
Fra:1 Mem:106.78M (Peak 106.78M) | Time:00:00.04 | Syncing resource_lumber.002
Fra:1 Mem:106.81M (Peak 106.81M) | Time:00:00.04 | Syncing timber__lumber.001
Fra:1 Mem:106.82M (Peak 106.82M) | Time:00:00.04 | Syncing pallet
Fra:1 Mem:106.83M (Peak 106.83M) | Time:00:00.04 | Syncing timber__pallet
Fra:1 Mem:106.84M (Peak 106.84M) | Time:00:00.04 | Syncing ladder
Fra:1 Mem:106.88M (Peak 106.88M) | Time:00:00.04 | Syncing timber__ladder
Fra:1 Mem:106.89M (Peak 106.89M) | Time:00:00.04 | Syncing ScoutPath
Fra:1 Mem:106.90M (Peak 106.90M) | Time:00:00.04 | Syncing tent.001
Fra:1 Mem:106.92M (Peak 106.92M) | Time:00:00.04 | Syncing scout__tent
Fra:1 Mem:106.92M (Peak 106.92M) | Time:00:00.04 | Syncing flag_red.001
Fra:1 Mem:106.93M (Peak 106.93M) | Time:00:00.04 | Syncing scout__flag_red
Fra:1 Mem:106.94M (Peak 106.94M) | Time:00:00.04 | Syncing flag_red.002
Fra:1 Mem:106.95M (Peak 106.95M) | Time:00:00.04 | Syncing scout__flag_red.001
Fra:1 Mem:106.95M (Peak 106.95M) | Time:00:00.04 | Syncing target
Fra:1 Mem:106.98M (Peak 106.98M) | Time:00:00.04 | Syncing scout__target
Fra:1 Mem:106.98M (Peak 106.98M) | Time:00:00.04 | Syncing crate_open
Fra:1 Mem:107.02M (Peak 107.02M) | Time:00:00.04 | Syncing scout__crate_open
Fra:1 Mem:107.03M (Peak 107.03M) | Time:00:00.04 | Syncing StorehousePath
Fra:1 Mem:107.04M (Peak 107.04M) | Time:00:00.04 | Syncing building_lumbermill_green
Fra:1 Mem:107.29M (Peak 107.29M) | Time:00:00.04 | Syncing storehouse__storehouse
Fra:1 Mem:107.29M (Peak 107.29M) | Time:00:00.04 | Syncing building_lumbermill_saw_green
Fra:1 Mem:107.34M (Peak 107.34M) | Time:00:00.04 | Syncing building_lumbermill_top_green
Fra:1 Mem:107.51M (Peak 107.51M) | Time:00:00.04 | Syncing building_home_A_red.001
Fra:1 Mem:107.66M (Peak 107.66M) | Time:00:00.04 | Syncing storehouse__house_c
Fra:1 Mem:107.66M (Peak 107.66M) | Time:00:00.04 | Syncing crate_A_big.001
Fra:1 Mem:107.69M (Peak 107.69M) | Time:00:00.04 | Syncing storehouse__crate_big
Fra:1 Mem:107.69M (Peak 107.69M) | Time:00:00.04 | Syncing crate_A_small.001
Fra:1 Mem:107.72M (Peak 107.72M) | Time:00:00.04 | Syncing storehouse__crate_small
Fra:1 Mem:107.72M (Peak 107.72M) | Time:00:00.04 | Syncing barrel.001
Fra:1 Mem:107.76M (Peak 107.76M) | Time:00:00.05 | Syncing storehouse__barrel
Fra:1 Mem:107.76M (Peak 107.76M) | Time:00:00.05 | Syncing AurelianVillageV4Sun
Fra:1 Mem:107.76M (Peak 107.76M) | Time:00:00.05 | Syncing VillageV4DesktopCamera
Fra:1 Mem:107.14M (Peak 107.76M) | Time:00:00.06 | Rendering 1 / 64 samples
Fra:1 Mem:104.18M (Peak 107.76M) | Time:00:09.25 | Rendering 26 / 64 samples
Fra:1 Mem:104.18M (Peak 107.76M) | Time:00:17.55 | Rendering 51 / 64 samples
Fra:1 Mem:104.18M (Peak 107.76M) | Time:00:21.87 | Rendering 64 / 64 samples
Saved: '/home/runner/work/_temp/pixel-nations-village-v4-reauthor/render/desktop/stage-06-storehouse.png'
Time: 00:22.58 (Saving: 00:00.33)

Fra:1 Mem:103.93M (Peak 103.93M) | Time:00:00.03 | Syncing AurelianContinuousTerrain
Fra:1 Mem:105.41M (Peak 105.41M) | Time:00:00.03 | Syncing RiverWater
Fra:1 Mem:105.43M (Peak 105.43M) | Time:00:00.03 | Syncing RoadApproach
Fra:1 Mem:105.45M (Peak 105.45M) | Time:00:00.03 | Syncing building_bridge_A
Fra:1 Mem:105.53M (Peak 105.53M) | Time:00:00.03 | Syncing Role_bridge
Fra:1 Mem:105.53M (Peak 105.53M) | Time:00:00.03 | Syncing tree_single_A
Fra:1 Mem:105.54M (Peak 105.54M) | Time:00:00.03 | Syncing Role_tree_a
Fra:1 Mem:105.55M (Peak 105.55M) | Time:00:00.03 | Syncing tree_single_B
Fra:1 Mem:105.58M (Peak 105.58M) | Time:00:00.03 | Syncing Role_tree_b
Fra:1 Mem:105.59M (Peak 105.59M) | Time:00:00.03 | Syncing tree_single_A.001
Fra:1 Mem:105.60M (Peak 105.60M) | Time:00:00.03 | Syncing Role_tree_a.001
Fra:1 Mem:105.60M (Peak 105.60M) | Time:00:00.03 | Syncing tree_single_B.001
Fra:1 Mem:105.64M (Peak 105.64M) | Time:00:00.03 | Syncing Role_tree_b.001
Fra:1 Mem:105.64M (Peak 105.64M) | Time:00:00.03 | Syncing tree_single_A.002
Fra:1 Mem:105.65M (Peak 105.65M) | Time:00:00.03 | Syncing Role_tree_a.002
Fra:1 Mem:105.66M (Peak 105.66M) | Time:00:00.03 | Syncing tree_single_B.002
Fra:1 Mem:105.69M (Peak 105.69M) | Time:00:00.03 | Syncing Role_tree_b.002
Fra:1 Mem:105.69M (Peak 105.69M) | Time:00:00.03 | Syncing rock_single_C
Fra:1 Mem:105.70M (Peak 105.70M) | Time:00:00.03 | Syncing Role_rock_c
Fra:1 Mem:105.71M (Peak 105.71M) | Time:00:00.03 | Syncing rock_single_E
Fra:1 Mem:105.72M (Peak 105.72M) | Time:00:00.03 | Syncing Role_rock_e
Fra:1 Mem:105.73M (Peak 105.73M) | Time:00:00.03 | Syncing rock_single_C.001
Fra:1 Mem:105.74M (Peak 105.74M) | Time:00:00.03 | Syncing Role_rock_c.001
Fra:1 Mem:105.74M (Peak 105.74M) | Time:00:00.03 | Syncing rock_single_E.001
Fra:1 Mem:105.76M (Peak 105.76M) | Time:00:00.03 | Syncing Role_rock_e.001
Fra:1 Mem:105.76M (Peak 105.76M) | Time:00:00.03 | Syncing CampPath
Fra:1 Mem:105.77M (Peak 105.77M) | Time:00:00.03 | Syncing rock_single_C.002
Fra:1 Mem:105.78M (Peak 105.78M) | Time:00:00.03 | Syncing Role_rock_c.002
Fra:1 Mem:105.79M (Peak 105.79M) | Time:00:00.04 | Syncing rock_single_C.003
Fra:1 Mem:105.80M (Peak 105.80M) | Time:00:00.04 | Syncing Role_rock_c.003
Fra:1 Mem:105.80M (Peak 105.80M) | Time:00:00.04 | Syncing rock_single_C.004
Fra:1 Mem:105.81M (Peak 105.81M) | Time:00:00.04 | Syncing Role_rock_c.004
Fra:1 Mem:105.82M (Peak 105.82M) | Time:00:00.04 | Syncing rock_single_C.005
Fra:1 Mem:105.83M (Peak 105.83M) | Time:00:00.04 | Syncing Role_rock_c.005
Fra:1 Mem:105.83M (Peak 105.83M) | Time:00:00.04 | Syncing rock_single_C.006
Fra:1 Mem:105.84M (Peak 105.84M) | Time:00:00.04 | Syncing Role_rock_c.006
Fra:1 Mem:105.85M (Peak 105.85M) | Time:00:00.04 | Syncing rock_single_C.007
Fra:1 Mem:105.86M (Peak 105.86M) | Time:00:00.04 | Syncing Role_rock_c.007
Fra:1 Mem:105.86M (Peak 105.86M) | Time:00:00.04 | Syncing rock_single_C.008
Fra:1 Mem:105.87M (Peak 105.87M) | Time:00:00.04 | Syncing Role_rock_c.008
Fra:1 Mem:105.88M (Peak 105.88M) | Time:00:00.04 | Syncing rock_single_C.009
Fra:1 Mem:105.89M (Peak 105.89M) | Time:00:00.04 | Syncing Role_rock_c.009
Fra:1 Mem:105.89M (Peak 105.89M) | Time:00:00.04 | Syncing CampHearthLog_0
Fra:1 Mem:105.90M (Peak 105.90M) | Time:00:00.04 | Syncing CampHearthLog_1
Fra:1 Mem:105.91M (Peak 105.91M) | Time:00:00.04 | Syncing CampHearthFlame
Fra:1 Mem:105.92M (Peak 105.92M) | Time:00:00.04 | Syncing CampHearthWarmLight
Fra:1 Mem:105.93M (Peak 105.93M) | Time:00:00.04 | Syncing tent
Fra:1 Mem:105.94M (Peak 105.94M) | Time:00:00.04 | Syncing camp__tent
Fra:1 Mem:105.95M (Peak 105.95M) | Time:00:00.04 | Syncing flag_red
Fra:1 Mem:105.96M (Peak 105.96M) | Time:00:00.04 | Syncing camp__flag_red
Fra:1 Mem:105.96M (Peak 105.96M) | Time:00:00.04 | Syncing crate_A_big
Fra:1 Mem:105.98M (Peak 105.98M) | Time:00:00.04 | Syncing camp__crate_big
Fra:1 Mem:105.99M (Peak 105.99M) | Time:00:00.04 | Syncing crate_A_small
Fra:1 Mem:106.01M (Peak 106.01M) | Time:00:00.04 | Syncing camp__crate_small
Fra:1 Mem:106.02M (Peak 106.02M) | Time:00:00.04 | Syncing resource_lumber
Fra:1 Mem:106.05M (Peak 106.05M) | Time:00:00.04 | Syncing camp__lumber
Fra:1 Mem:106.05M (Peak 106.05M) | Time:00:00.04 | Syncing sack
Fra:1 Mem:106.07M (Peak 106.07M) | Time:00:00.04 | Syncing camp__sack
Fra:1 Mem:106.08M (Peak 106.08M) | Time:00:00.04 | Syncing barrel
Fra:1 Mem:106.11M (Peak 106.11M) | Time:00:00.04 | Syncing camp__barrel
Fra:1 Mem:106.12M (Peak 106.12M) | Time:00:00.04 | Syncing wheelbarrow
Fra:1 Mem:106.17M (Peak 106.17M) | Time:00:00.04 | Syncing camp__wheelbarrow
Fra:1 Mem:106.18M (Peak 106.18M) | Time:00:00.04 | Syncing ShelterPath
Fra:1 Mem:106.19M (Peak 106.19M) | Time:00:00.04 | Syncing building_home_A_green
Fra:1 Mem:106.32M (Peak 106.32M) | Time:00:00.04 | Syncing shelter__house_a
Fra:1 Mem:106.32M (Peak 106.32M) | Time:00:00.04 | Syncing building_home_A_red
Fra:1 Mem:106.46M (Peak 106.46M) | Time:00:00.04 | Syncing shelter__house_c
Fra:1 Mem:106.46M (Peak 106.46M) | Time:00:00.04 | Syncing FoodPath
Fra:1 Mem:106.47M (Peak 106.47M) | Time:00:00.04 | Syncing FoodFieldSoil
Fra:1 Mem:106.51M (Peak 106.51M) | Time:00:00.04 | Syncing FoodCrop_0_0
Fra:1 Mem:106.52M (Peak 106.52M) | Time:00:00.04 | Syncing FoodCrop_0_1
Fra:1 Mem:106.53M (Peak 106.53M) | Time:00:00.04 | Syncing FoodCrop_0_2
Fra:1 Mem:106.54M (Peak 106.54M) | Time:00:00.04 | Syncing FoodCrop_0_3
Fra:1 Mem:106.55M (Peak 106.55M) | Time:00:00.04 | Syncing FoodCrop_0_4
Fra:1 Mem:106.55M (Peak 106.55M) | Time:00:00.04 | Syncing FoodCrop_0_5
Fra:1 Mem:106.56M (Peak 106.56M) | Time:00:00.04 | Syncing FoodCrop_0_6
Fra:1 Mem:106.57M (Peak 106.57M) | Time:00:00.04 | Syncing FoodCrop_1_0
Fra:1 Mem:106.58M (Peak 106.58M) | Time:00:00.04 | Syncing FoodCrop_1_1
Fra:1 Mem:106.59M (Peak 106.59M) | Time:00:00.04 | Syncing FoodCrop_1_2
Fra:1 Mem:106.59M (Peak 106.59M) | Time:00:00.04 | Syncing FoodCrop_1_3
Fra:1 Mem:106.60M (Peak 106.60M) | Time:00:00.04 | Syncing FoodCrop_1_4
Fra:1 Mem:106.61M (Peak 106.61M) | Time:00:00.04 | Syncing FoodCrop_1_5
Fra:1 Mem:106.62M (Peak 106.62M) | Time:00:00.04 | Syncing FoodCrop_1_6
Fra:1 Mem:106.63M (Peak 106.63M) | Time:00:00.04 | Syncing FoodCrop_2_0
Fra:1 Mem:106.63M (Peak 106.63M) | Time:00:00.04 | Syncing FoodCrop_2_1
Fra:1 Mem:106.64M (Peak 106.64M) | Time:00:00.04 | Syncing FoodCrop_2_2
Fra:1 Mem:106.65M (Peak 106.65M) | Time:00:00.04 | Syncing FoodCrop_2_3
Fra:1 Mem:106.66M (Peak 106.66M) | Time:00:00.04 | Syncing FoodCrop_2_4
Fra:1 Mem:106.67M (Peak 106.67M) | Time:00:00.04 | Syncing FoodCrop_2_5
Fra:1 Mem:106.67M (Peak 106.67M) | Time:00:00.04 | Syncing FoodCrop_2_6
Fra:1 Mem:106.68M (Peak 106.68M) | Time:00:00.04 | Syncing FoodCrop_3_0
Fra:1 Mem:106.69M (Peak 106.69M) | Time:00:00.04 | Syncing FoodCrop_3_1
Fra:1 Mem:106.70M (Peak 106.70M) | Time:00:00.04 | Syncing FoodCrop_3_2
Fra:1 Mem:106.71M (Peak 106.71M) | Time:00:00.04 | Syncing FoodCrop_3_3
Fra:1 Mem:106.71M (Peak 106.71M) | Time:00:00.04 | Syncing FoodCrop_3_4
Fra:1 Mem:106.72M (Peak 106.72M) | Time:00:00.04 | Syncing FoodCrop_3_5
Fra:1 Mem:106.73M (Peak 106.73M) | Time:00:00.04 | Syncing FoodCrop_3_6
Fra:1 Mem:106.74M (Peak 106.74M) | Time:00:00.04 | Syncing FoodCrop_4_0
Fra:1 Mem:106.75M (Peak 106.75M) | Time:00:00.04 | Syncing FoodCrop_4_1
Fra:1 Mem:106.76M (Peak 106.76M) | Time:00:00.04 | Syncing FoodCrop_4_2
Fra:1 Mem:106.76M (Peak 106.76M) | Time:00:00.04 | Syncing FoodCrop_4_3
Fra:1 Mem:106.77M (Peak 106.77M) | Time:00:00.04 | Syncing FoodCrop_4_4
Fra:1 Mem:106.78M (Peak 106.78M) | Time:00:00.04 | Syncing FoodCrop_4_5
Fra:1 Mem:106.79M (Peak 106.79M) | Time:00:00.04 | Syncing FoodCrop_4_6
Fra:1 Mem:106.79M (Peak 106.79M) | Time:00:00.04 | Syncing building_grain
Fra:1 Mem:106.83M (Peak 106.83M) | Time:00:00.04 | Syncing food__grain
Fra:1 Mem:106.83M (Peak 106.83M) | Time:00:00.04 | Syncing building_home_B_yellow
Fra:1 Mem:107.01M (Peak 107.01M) | Time:00:00.04 | Syncing food__house_b
Fra:1 Mem:107.02M (Peak 107.02M) | Time:00:00.04 | Syncing sack.001
Fra:1 Mem:107.04M (Peak 107.04M) | Time:00:00.04 | Syncing food__sack
Fra:1 Mem:107.04M (Peak 107.04M) | Time:00:00.04 | Syncing bucket_water
Fra:1 Mem:107.06M (Peak 107.06M) | Time:00:00.04 | Syncing food__bucket_water
Fra:1 Mem:107.07M (Peak 107.07M) | Time:00:00.04 | Syncing fence_wood_straight
Fra:1 Mem:107.10M (Peak 107.10M) | Time:00:00.04 | Syncing food__fence.001
Fra:1 Mem:107.10M (Peak 107.10M) | Time:00:00.04 | Syncing fence_wood_straight.001
Fra:1 Mem:107.14M (Peak 107.14M) | Time:00:00.04 | Syncing food__fence
Fra:1 Mem:107.14M (Peak 107.14M) | Time:00:00.04 | Syncing TimberPath
Fra:1 Mem:107.15M (Peak 107.15M) | Time:00:00.04 | Syncing building_scaffolding
Fra:1 Mem:107.49M (Peak 107.49M) | Time:00:00.04 | Syncing timber__scaffolding
Fra:1 Mem:107.50M (Peak 107.50M) | Time:00:00.04 | Syncing tree_single_A_cut
Fra:1 Mem:107.50M (Peak 107.50M) | Time:00:00.04 | Syncing timber__tree_cut
Fra:1 Mem:107.51M (Peak 107.51M) | Time:00:00.04 | Syncing resource_lumber.001
Fra:1 Mem:107.54M (Peak 107.54M) | Time:00:00.04 | Syncing timber__lumber
Fra:1 Mem:107.55M (Peak 107.55M) | Time:00:00.04 | Syncing resource_lumber.002
Fra:1 Mem:107.58M (Peak 107.58M) | Time:00:00.04 | Syncing timber__lumber.001
Fra:1 Mem:107.59M (Peak 107.59M) | Time:00:00.04 | Syncing pallet
Fra:1 Mem:107.60M (Peak 107.60M) | Time:00:00.04 | Syncing timber__pallet
Fra:1 Mem:107.60M (Peak 107.60M) | Time:00:00.04 | Syncing ladder
Fra:1 Mem:107.65M (Peak 107.65M) | Time:00:00.04 | Syncing timber__ladder
Fra:1 Mem:107.66M (Peak 107.66M) | Time:00:00.04 | Syncing ScoutPath
Fra:1 Mem:107.67M (Peak 107.67M) | Time:00:00.04 | Syncing tent.001
Fra:1 Mem:107.68M (Peak 107.68M) | Time:00:00.04 | Syncing scout__tent
Fra:1 Mem:107.69M (Peak 107.69M) | Time:00:00.04 | Syncing flag_red.001
Fra:1 Mem:107.70M (Peak 107.70M) | Time:00:00.04 | Syncing scout__flag_red
Fra:1 Mem:107.70M (Peak 107.70M) | Time:00:00.04 | Syncing flag_red.002
Fra:1 Mem:107.71M (Peak 107.71M) | Time:00:00.04 | Syncing scout__flag_red.001
Fra:1 Mem:107.72M (Peak 107.72M) | Time:00:00.04 | Syncing target
Fra:1 Mem:107.74M (Peak 107.74M) | Time:00:00.05 | Syncing scout__target
Fra:1 Mem:107.75M (Peak 107.75M) | Time:00:00.05 | Syncing crate_open
Fra:1 Mem:107.79M (Peak 107.79M) | Time:00:00.05 | Syncing scout__crate_open
Fra:1 Mem:107.79M (Peak 107.79M) | Time:00:00.05 | Syncing StorehousePath
Fra:1 Mem:107.80M (Peak 107.80M) | Time:00:00.05 | Syncing building_lumbermill_green
Fra:1 Mem:108.02M (Peak 108.02M) | Time:00:00.05 | Syncing storehouse__storehouse
Fra:1 Mem:108.03M (Peak 108.03M) | Time:00:00.05 | Syncing building_lumbermill_saw_green
Fra:1 Mem:108.08M (Peak 108.08M) | Time:00:00.05 | Syncing building_lumbermill_top_green
Fra:1 Mem:108.23M (Peak 108.23M) | Time:00:00.05 | Syncing building_home_A_red.001
Fra:1 Mem:108.36M (Peak 108.36M) | Time:00:00.05 | Syncing storehouse__house_c
Fra:1 Mem:108.37M (Peak 108.37M) | Time:00:00.05 | Syncing crate_A_big.001
Fra:1 Mem:108.39M (Peak 108.39M) | Time:00:00.05 | Syncing storehouse__crate_big
Fra:1 Mem:108.39M (Peak 108.39M) | Time:00:00.05 | Syncing crate_A_small.001
Fra:1 Mem:108.41M (Peak 108.41M) | Time:00:00.05 | Syncing storehouse__crate_small
Fra:1 Mem:108.42M (Peak 108.42M) | Time:00:00.05 | Syncing barrel.001
Fra:1 Mem:108.45M (Peak 108.45M) | Time:00:00.05 | Syncing storehouse__barrel
Fra:1 Mem:108.46M (Peak 108.46M) | Time:00:00.05 | Syncing MarketPath
Fra:1 Mem:108.48M (Peak 108.48M) | Time:00:00.05 | Syncing MarketCivicPlaza
Fra:1 Mem:108.50M (Peak 108.50M) | Time:00:00.05 | Syncing building_market_yellow
Fra:1 Mem:108.94M (Peak 108.94M) | Time:00:00.05 | Syncing market__market
Fra:1 Mem:108.95M (Peak 108.95M) | Time:00:00.05 | Syncing building_well_blue
Fra:1 Mem:113.07M (Peak 116.96M) | Time:00:00.07 | Syncing market__well
Fra:1 Mem:113.07M (Peak 116.96M) | Time:00:00.07 | Syncing building_home_B_blue
Fra:1 Mem:113.27M (Peak 116.96M) | Time:00:00.07 | Syncing market__house_d
Fra:1 Mem:113.28M (Peak 116.96M) | Time:00:00.07 | Syncing crate_open.001
Fra:1 Mem:113.32M (Peak 116.96M) | Time:00:00.07 | Syncing market__crate_open
Fra:1 Mem:113.32M (Peak 116.96M) | Time:00:00.07 | Syncing building_home_A_yellow
Fra:1 Mem:113.47M (Peak 116.96M) | Time:00:00.07 | Syncing market__house_e
Fra:1 Mem:113.47M (Peak 116.96M) | Time:00:00.07 | Syncing AurelianVillageV4Sun
Fra:1 Mem:113.47M (Peak 116.96M) | Time:00:00.07 | Syncing VillageV4DesktopCamera
Fra:1 Mem:112.63M (Peak 116.96M) | Time:00:00.08 | Rendering 1 / 64 samples
Fra:1 Mem:109.05M (Peak 116.96M) | Time:00:09.63 | Rendering 26 / 64 samples
Fra:1 Mem:109.05M (Peak 116.96M) | Time:00:18.36 | Rendering 51 / 64 samples
Fra:1 Mem:109.05M (Peak 116.96M) | Time:00:22.94 | Rendering 64 / 64 samples
Saved: '/home/runner/work/_temp/pixel-nations-village-v4-reauthor/render/desktop/stage-07-market.png'
Time: 00:23.66 (Saving: 00:00.33)

Fra:1 Mem:108.66M (Peak 108.66M) | Time:00:00.03 | Syncing AurelianContinuousTerrain
Fra:1 Mem:110.14M (Peak 110.14M) | Time:00:00.03 | Syncing RiverWater
Fra:1 Mem:110.16M (Peak 110.16M) | Time:00:00.03 | Syncing RoadApproach
Fra:1 Mem:110.17M (Peak 110.17M) | Time:00:00.03 | Syncing building_bridge_A
Fra:1 Mem:110.26M (Peak 110.26M) | Time:00:00.03 | Syncing Role_bridge
Fra:1 Mem:110.26M (Peak 110.26M) | Time:00:00.03 | Syncing tree_single_A
Fra:1 Mem:110.27M (Peak 110.27M) | Time:00:00.03 | Syncing Role_tree_a
Fra:1 Mem:110.28M (Peak 110.28M) | Time:00:00.03 | Syncing tree_single_B
Fra:1 Mem:110.31M (Peak 110.31M) | Time:00:00.03 | Syncing Role_tree_b
Fra:1 Mem:110.31M (Peak 110.31M) | Time:00:00.03 | Syncing tree_single_A.001
Fra:1 Mem:110.33M (Peak 110.33M) | Time:00:00.03 | Syncing Role_tree_a.001
Fra:1 Mem:110.33M (Peak 110.33M) | Time:00:00.03 | Syncing tree_single_B.001
Fra:1 Mem:110.36M (Peak 110.36M) | Time:00:00.03 | Syncing Role_tree_b.001
Fra:1 Mem:110.37M (Peak 110.37M) | Time:00:00.03 | Syncing tree_single_A.002
Fra:1 Mem:110.38M (Peak 110.38M) | Time:00:00.03 | Syncing Role_tree_a.002
Fra:1 Mem:110.38M (Peak 110.38M) | Time:00:00.03 | Syncing tree_single_B.002
Fra:1 Mem:110.42M (Peak 110.42M) | Time:00:00.03 | Syncing Role_tree_b.002
Fra:1 Mem:110.42M (Peak 110.42M) | Time:00:00.03 | Syncing rock_single_C
Fra:1 Mem:110.43M (Peak 110.43M) | Time:00:00.03 | Syncing Role_rock_c
Fra:1 Mem:110.44M (Peak 110.44M) | Time:00:00.03 | Syncing rock_single_E
Fra:1 Mem:110.45M (Peak 110.45M) | Time:00:00.03 | Syncing Role_rock_e
Fra:1 Mem:110.46M (Peak 110.46M) | Time:00:00.03 | Syncing rock_single_C.001
Fra:1 Mem:110.47M (Peak 110.47M) | Time:00:00.03 | Syncing Role_rock_c.001
Fra:1 Mem:110.47M (Peak 110.47M) | Time:00:00.03 | Syncing rock_single_E.001
Fra:1 Mem:110.48M (Peak 110.48M) | Time:00:00.03 | Syncing Role_rock_e.001
Fra:1 Mem:110.49M (Peak 110.49M) | Time:00:00.03 | Syncing CampPath
Fra:1 Mem:110.50M (Peak 110.50M) | Time:00:00.03 | Syncing rock_single_C.002
Fra:1 Mem:110.51M (Peak 110.51M) | Time:00:00.04 | Syncing Role_rock_c.002
Fra:1 Mem:110.51M (Peak 110.51M) | Time:00:00.04 | Syncing rock_single_C.003
Fra:1 Mem:110.52M (Peak 110.52M) | Time:00:00.04 | Syncing Role_rock_c.003
Fra:1 Mem:110.53M (Peak 110.53M) | Time:00:00.04 | Syncing rock_single_C.004
Fra:1 Mem:110.54M (Peak 110.54M) | Time:00:00.04 | Syncing Role_rock_c.004
Fra:1 Mem:110.54M (Peak 110.54M) | Time:00:00.04 | Syncing rock_single_C.005
Fra:1 Mem:110.55M (Peak 110.55M) | Time:00:00.04 | Syncing Role_rock_c.005
Fra:1 Mem:110.56M (Peak 110.56M) | Time:00:00.04 | Syncing rock_single_C.006
Fra:1 Mem:110.57M (Peak 110.57M) | Time:00:00.04 | Syncing Role_rock_c.006
Fra:1 Mem:110.57M (Peak 110.57M) | Time:00:00.04 | Syncing rock_single_C.007
Fra:1 Mem:110.58M (Peak 110.58M) | Time:00:00.04 | Syncing Role_rock_c.007
Fra:1 Mem:110.59M (Peak 110.59M) | Time:00:00.04 | Syncing rock_single_C.008
Fra:1 Mem:110.60M (Peak 110.60M) | Time:00:00.04 | Syncing Role_rock_c.008
Fra:1 Mem:110.61M (Peak 110.61M) | Time:00:00.04 | Syncing rock_single_C.009
Fra:1 Mem:110.61M (Peak 110.61M) | Time:00:00.04 | Syncing Role_rock_c.009
Fra:1 Mem:110.62M (Peak 110.62M) | Time:00:00.04 | Syncing CampHearthLog_0
Fra:1 Mem:110.63M (Peak 110.63M) | Time:00:00.04 | Syncing CampHearthLog_1
Fra:1 Mem:110.64M (Peak 110.64M) | Time:00:00.04 | Syncing CampHearthFlame
Fra:1 Mem:110.65M (Peak 110.65M) | Time:00:00.04 | Syncing CampHearthWarmLight
Fra:1 Mem:110.65M (Peak 110.65M) | Time:00:00.04 | Syncing tent
Fra:1 Mem:110.67M (Peak 110.67M) | Time:00:00.04 | Syncing camp__tent
Fra:1 Mem:110.67M (Peak 110.67M) | Time:00:00.04 | Syncing flag_red
Fra:1 Mem:110.69M (Peak 110.69M) | Time:00:00.04 | Syncing camp__flag_red
Fra:1 Mem:110.69M (Peak 110.69M) | Time:00:00.04 | Syncing crate_A_big
Fra:1 Mem:110.71M (Peak 110.71M) | Time:00:00.04 | Syncing camp__crate_big
Fra:1 Mem:110.72M (Peak 110.72M) | Time:00:00.04 | Syncing crate_A_small
Fra:1 Mem:110.74M (Peak 110.74M) | Time:00:00.04 | Syncing camp__crate_small
Fra:1 Mem:110.74M (Peak 110.74M) | Time:00:00.04 | Syncing resource_lumber
Fra:1 Mem:110.78M (Peak 110.78M) | Time:00:00.04 | Syncing camp__lumber
Fra:1 Mem:110.78M (Peak 110.78M) | Time:00:00.04 | Syncing sack
Fra:1 Mem:110.80M (Peak 110.80M) | Time:00:00.04 | Syncing camp__sack
Fra:1 Mem:110.80M (Peak 110.80M) | Time:00:00.04 | Syncing barrel
Fra:1 Mem:110.84M (Peak 110.84M) | Time:00:00.04 | Syncing camp__barrel
Fra:1 Mem:110.84M (Peak 110.84M) | Time:00:00.04 | Syncing wheelbarrow
Fra:1 Mem:110.90M (Peak 110.90M) | Time:00:00.04 | Syncing camp__wheelbarrow
Fra:1 Mem:110.90M (Peak 110.90M) | Time:00:00.04 | Syncing ShelterPath
Fra:1 Mem:110.91M (Peak 110.91M) | Time:00:00.04 | Syncing building_home_A_green
Fra:1 Mem:111.05M (Peak 111.05M) | Time:00:00.04 | Syncing shelter__house_a
Fra:1 Mem:111.05M (Peak 111.05M) | Time:00:00.04 | Syncing building_home_A_red
Fra:1 Mem:111.18M (Peak 111.18M) | Time:00:00.04 | Syncing shelter__house_c
Fra:1 Mem:111.19M (Peak 111.19M) | Time:00:00.04 | Syncing FoodPath
Fra:1 Mem:111.20M (Peak 111.20M) | Time:00:00.04 | Syncing FoodFieldSoil
Fra:1 Mem:111.24M (Peak 111.24M) | Time:00:00.04 | Syncing FoodCrop_0_0
Fra:1 Mem:111.25M (Peak 111.25M) | Time:00:00.04 | Syncing FoodCrop_0_1
Fra:1 Mem:111.26M (Peak 111.26M) | Time:00:00.04 | Syncing FoodCrop_0_2
Fra:1 Mem:111.27M (Peak 111.27M) | Time:00:00.04 | Syncing FoodCrop_0_3
Fra:1 Mem:111.27M (Peak 111.27M) | Time:00:00.04 | Syncing FoodCrop_0_4
Fra:1 Mem:111.28M (Peak 111.28M) | Time:00:00.04 | Syncing FoodCrop_0_5
Fra:1 Mem:111.29M (Peak 111.29M) | Time:00:00.04 | Syncing FoodCrop_0_6
Fra:1 Mem:111.30M (Peak 111.30M) | Time:00:00.04 | Syncing FoodCrop_1_0
Fra:1 Mem:111.31M (Peak 111.31M) | Time:00:00.04 | Syncing FoodCrop_1_1
Fra:1 Mem:111.31M (Peak 111.31M) | Time:00:00.04 | Syncing FoodCrop_1_2
Fra:1 Mem:111.32M (Peak 111.32M) | Time:00:00.04 | Syncing FoodCrop_1_3
Fra:1 Mem:111.33M (Peak 111.33M) | Time:00:00.04 | Syncing FoodCrop_1_4
Fra:1 Mem:111.34M (Peak 111.34M) | Time:00:00.04 | Syncing FoodCrop_1_5
Fra:1 Mem:111.35M (Peak 111.35M) | Time:00:00.04 | Syncing FoodCrop_1_6
Fra:1 Mem:111.35M (Peak 111.35M) | Time:00:00.04 | Syncing FoodCrop_2_0
Fra:1 Mem:111.36M (Peak 111.36M) | Time:00:00.04 | Syncing FoodCrop_2_1
Fra:1 Mem:111.37M (Peak 111.37M) | Time:00:00.04 | Syncing FoodCrop_2_2
Fra:1 Mem:111.38M (Peak 111.38M) | Time:00:00.04 | Syncing FoodCrop_2_3
Fra:1 Mem:111.39M (Peak 111.39M) | Time:00:00.04 | Syncing FoodCrop_2_4
Fra:1 Mem:111.39M (Peak 111.39M) | Time:00:00.04 | Syncing FoodCrop_2_5
Fra:1 Mem:111.40M (Peak 111.40M) | Time:00:00.04 | Syncing FoodCrop_2_6
Fra:1 Mem:111.41M (Peak 111.41M) | Time:00:00.04 | Syncing FoodCrop_3_0
Fra:1 Mem:111.42M (Peak 111.42M) | Time:00:00.04 | Syncing FoodCrop_3_1
Fra:1 Mem:111.43M (Peak 111.43M) | Time:00:00.04 | Syncing FoodCrop_3_2
Fra:1 Mem:111.43M (Peak 111.43M) | Time:00:00.04 | Syncing FoodCrop_3_3
Fra:1 Mem:111.44M (Peak 111.44M) | Time:00:00.04 | Syncing FoodCrop_3_4
Fra:1 Mem:111.45M (Peak 111.45M) | Time:00:00.04 | Syncing FoodCrop_3_5
Fra:1 Mem:111.46M (Peak 111.46M) | Time:00:00.04 | Syncing FoodCrop_3_6
Fra:1 Mem:111.47M (Peak 111.47M) | Time:00:00.04 | Syncing FoodCrop_4_0
Fra:1 Mem:111.47M (Peak 111.47M) | Time:00:00.04 | Syncing FoodCrop_4_1
Fra:1 Mem:111.48M (Peak 111.48M) | Time:00:00.04 | Syncing FoodCrop_4_2
Fra:1 Mem:111.49M (Peak 111.49M) | Time:00:00.04 | Syncing FoodCrop_4_3
Fra:1 Mem:111.50M (Peak 111.50M) | Time:00:00.04 | Syncing FoodCrop_4_4
Fra:1 Mem:111.51M (Peak 111.51M) | Time:00:00.04 | Syncing FoodCrop_4_5
Fra:1 Mem:111.51M (Peak 111.51M) | Time:00:00.04 | Syncing FoodCrop_4_6
Fra:1 Mem:111.52M (Peak 111.52M) | Time:00:00.04 | Syncing building_grain
Fra:1 Mem:111.56M (Peak 111.56M) | Time:00:00.04 | Syncing food__grain
Fra:1 Mem:111.56M (Peak 111.56M) | Time:00:00.04 | Syncing building_home_B_yellow
Fra:1 Mem:111.74M (Peak 111.74M) | Time:00:00.04 | Syncing food__house_b
Fra:1 Mem:111.75M (Peak 111.75M) | Time:00:00.04 | Syncing sack.001
Fra:1 Mem:111.76M (Peak 111.76M) | Time:00:00.04 | Syncing food__sack
Fra:1 Mem:111.77M (Peak 111.77M) | Time:00:00.04 | Syncing bucket_water
Fra:1 Mem:111.79M (Peak 111.79M) | Time:00:00.04 | Syncing food__bucket_water
Fra:1 Mem:111.79M (Peak 111.79M) | Time:00:00.04 | Syncing fence_wood_straight
Fra:1 Mem:111.83M (Peak 111.83M) | Time:00:00.04 | Syncing food__fence.001
Fra:1 Mem:111.83M (Peak 111.83M) | Time:00:00.04 | Syncing fence_wood_straight.001
Fra:1 Mem:111.86M (Peak 111.86M) | Time:00:00.04 | Syncing food__fence
Fra:1 Mem:111.87M (Peak 111.87M) | Time:00:00.04 | Syncing TimberPath
Fra:1 Mem:111.88M (Peak 111.88M) | Time:00:00.04 | Syncing building_scaffolding
Fra:1 Mem:112.22M (Peak 112.22M) | Time:00:00.04 | Syncing timber__scaffolding
Fra:1 Mem:112.22M (Peak 112.22M) | Time:00:00.04 | Syncing tree_single_A_cut
Fra:1 Mem:112.23M (Peak 112.23M) | Time:00:00.04 | Syncing timber__tree_cut
Fra:1 Mem:112.24M (Peak 112.24M) | Time:00:00.04 | Syncing resource_lumber.001
Fra:1 Mem:112.27M (Peak 112.27M) | Time:00:00.04 | Syncing timber__lumber
Fra:1 Mem:112.28M (Peak 112.28M) | Time:00:00.04 | Syncing resource_lumber.002
Fra:1 Mem:112.31M (Peak 112.31M) | Time:00:00.04 | Syncing timber__lumber.001
Fra:1 Mem:112.31M (Peak 112.31M) | Time:00:00.04 | Syncing pallet
Fra:1 Mem:112.33M (Peak 112.33M) | Time:00:00.04 | Syncing timber__pallet
Fra:1 Mem:112.33M (Peak 112.33M) | Time:00:00.04 | Syncing ladder
Fra:1 Mem:112.38M (Peak 112.38M) | Time:00:00.04 | Syncing timber__ladder
Fra:1 Mem:112.38M (Peak 112.38M) | Time:00:00.04 | Syncing ScoutPath
Fra:1 Mem:112.39M (Peak 112.39M) | Time:00:00.04 | Syncing tent.001
Fra:1 Mem:112.41M (Peak 112.41M) | Time:00:00.04 | Syncing scout__tent
Fra:1 Mem:112.42M (Peak 112.42M) | Time:00:00.04 | Syncing flag_red.001
Fra:1 Mem:112.43M (Peak 112.43M) | Time:00:00.04 | Syncing scout__flag_red
Fra:1 Mem:112.43M (Peak 112.43M) | Time:00:00.04 | Syncing flag_red.002
Fra:1 Mem:112.44M (Peak 112.44M) | Time:00:00.04 | Syncing scout__flag_red.001
Fra:1 Mem:112.45M (Peak 112.45M) | Time:00:00.04 | Syncing target
Fra:1 Mem:112.47M (Peak 112.47M) | Time:00:00.04 | Syncing scout__target
Fra:1 Mem:112.48M (Peak 112.48M) | Time:00:00.04 | Syncing crate_open
Fra:1 Mem:112.51M (Peak 112.51M) | Time:00:00.05 | Syncing scout__crate_open
Fra:1 Mem:112.52M (Peak 112.52M) | Time:00:00.05 | Syncing StorehousePath
Fra:1 Mem:112.53M (Peak 112.53M) | Time:00:00.05 | Syncing building_lumbermill_green
Fra:1 Mem:112.75M (Peak 112.75M) | Time:00:00.05 | Syncing storehouse__storehouse
Fra:1 Mem:112.76M (Peak 112.76M) | Time:00:00.05 | Syncing building_lumbermill_saw_green
Fra:1 Mem:112.80M (Peak 112.80M) | Time:00:00.05 | Syncing building_lumbermill_top_green
Fra:1 Mem:112.96M (Peak 112.96M) | Time:00:00.05 | Syncing building_home_A_red.001
Fra:1 Mem:113.09M (Peak 113.09M) | Time:00:00.05 | Syncing storehouse__house_c
Fra:1 Mem:113.09M (Peak 113.09M) | Time:00:00.05 | Syncing crate_A_big.001
Fra:1 Mem:113.11M (Peak 113.11M) | Time:00:00.05 | Syncing storehouse__crate_big
Fra:1 Mem:113.12M (Peak 113.12M) | Time:00:00.05 | Syncing crate_A_small.001
Fra:1 Mem:113.14M (Peak 113.14M) | Time:00:00.05 | Syncing storehouse__crate_small
Fra:1 Mem:113.15M (Peak 113.15M) | Time:00:00.05 | Syncing barrel.001
Fra:1 Mem:113.18M (Peak 113.18M) | Time:00:00.05 | Syncing storehouse__barrel
Fra:1 Mem:113.19M (Peak 113.19M) | Time:00:00.05 | Syncing MarketPath
Fra:1 Mem:113.20M (Peak 113.20M) | Time:00:00.05 | Syncing MarketCivicPlaza
Fra:1 Mem:113.22M (Peak 113.22M) | Time:00:00.05 | Syncing building_market_yellow
Fra:1 Mem:113.62M (Peak 113.62M) | Time:00:00.05 | Syncing market__market
Fra:1 Mem:113.62M (Peak 113.62M) | Time:00:00.05 | Syncing building_well_blue
Fra:1 Mem:113.72M (Peak 113.72M) | Time:00:00.05 | Syncing market__well
Fra:1 Mem:113.72M (Peak 113.72M) | Time:00:00.05 | Syncing building_home_B_blue
Fra:1 Mem:113.90M (Peak 113.90M) | Time:00:00.05 | Syncing market__house_d
Fra:1 Mem:113.91M (Peak 113.91M) | Time:00:00.05 | Syncing crate_open.001
Fra:1 Mem:113.95M (Peak 113.95M) | Time:00:00.05 | Syncing market__crate_open
Fra:1 Mem:113.95M (Peak 113.95M) | Time:00:00.05 | Syncing building_home_A_yellow
Fra:1 Mem:114.08M (Peak 114.08M) | Time:00:00.05 | Syncing market__house_e
Fra:1 Mem:114.09M (Peak 114.09M) | Time:00:00.05 | Syncing WatchPath
Fra:1 Mem:114.10M (Peak 114.10M) | Time:00:00.05 | Syncing building_tower_A_red
Fra:1 Mem:114.32M (Peak 114.32M) | Time:00:00.05 | Syncing watch__tower
Fra:1 Mem:114.33M (Peak 114.33M) | Time:00:00.05 | Syncing building_tower_A_top_red
Fra:1 Mem:114.42M (Peak 114.42M) | Time:00:00.05 | Syncing building_barracks_blue
Fra:1 Mem:114.99M (Peak 114.99M) | Time:00:00.05 | Syncing watch__barracks
Fra:1 Mem:115.00M (Peak 115.00M) | Time:00:00.05 | Syncing fence_wood_straight.002
Fra:1 Mem:115.03M (Peak 115.03M) | Time:00:00.05 | Syncing watch__fence
Fra:1 Mem:115.04M (Peak 115.04M) | Time:00:00.05 | Syncing fence_wood_straight.003
Fra:1 Mem:115.07M (Peak 115.07M) | Time:00:00.05 | Syncing watch__fence.001
Fra:1 Mem:115.07M (Peak 115.07M) | Time:00:00.05 | Syncing AurelianVillageV4Sun
Fra:1 Mem:115.07M (Peak 115.07M) | Time:00:00.05 | Syncing VillageV4DesktopCamera
Fra:1 Mem:114.00M (Peak 115.07M) | Time:00:00.07 | Rendering 1 / 64 samples
Fra:1 Mem:109.81M (Peak 115.07M) | Time:00:09.98 | Rendering 26 / 64 samples
Fra:1 Mem:109.81M (Peak 115.07M) | Time:00:18.95 | Rendering 51 / 64 samples
Fra:1 Mem:109.81M (Peak 115.07M) | Time:00:23.60 | Rendering 64 / 64 samples
Saved: '/home/runner/work/_temp/pixel-nations-village-v4-reauthor/render/desktop/stage-08-watch.png'
Time: 00:24.34 (Saving: 00:00.33)

Fra:1 Mem:109.25M (Peak 109.25M) | Time:00:00.03 | Syncing AurelianContinuousTerrain
Fra:1 Mem:110.73M (Peak 110.73M) | Time:00:00.03 | Syncing RiverWater
Fra:1 Mem:110.75M (Peak 110.75M) | Time:00:00.03 | Syncing RoadApproach
Fra:1 Mem:110.76M (Peak 110.76M) | Time:00:00.03 | Syncing building_bridge_A
Fra:1 Mem:110.85M (Peak 110.85M) | Time:00:00.03 | Syncing Role_bridge
Fra:1 Mem:110.85M (Peak 110.85M) | Time:00:00.03 | Syncing tree_single_A
Fra:1 Mem:110.86M (Peak 110.86M) | Time:00:00.03 | Syncing Role_tree_a
Fra:1 Mem:110.87M (Peak 110.87M) | Time:00:00.03 | Syncing tree_single_B
Fra:1 Mem:110.90M (Peak 110.90M) | Time:00:00.03 | Syncing Role_tree_b
Fra:1 Mem:110.90M (Peak 110.90M) | Time:00:00.03 | Syncing tree_single_A.001
Fra:1 Mem:110.92M (Peak 110.92M) | Time:00:00.03 | Syncing Role_tree_a.001
Fra:1 Mem:110.92M (Peak 110.92M) | Time:00:00.03 | Syncing tree_single_B.001
Fra:1 Mem:110.95M (Peak 110.95M) | Time:00:00.03 | Syncing Role_tree_b.001
Fra:1 Mem:110.96M (Peak 110.96M) | Time:00:00.03 | Syncing tree_single_A.002
Fra:1 Mem:110.97M (Peak 110.97M) | Time:00:00.03 | Syncing Role_tree_a.002
Fra:1 Mem:110.98M (Peak 110.98M) | Time:00:00.03 | Syncing tree_single_B.002
Fra:1 Mem:111.01M (Peak 111.01M) | Time:00:00.03 | Syncing Role_tree_b.002
Fra:1 Mem:111.01M (Peak 111.01M) | Time:00:00.03 | Syncing rock_single_C
Fra:1 Mem:111.02M (Peak 111.02M) | Time:00:00.04 | Syncing Role_rock_c
Fra:1 Mem:111.03M (Peak 111.03M) | Time:00:00.04 | Syncing rock_single_E
Fra:1 Mem:111.04M (Peak 111.04M) | Time:00:00.04 | Syncing Role_rock_e
Fra:1 Mem:111.05M (Peak 111.05M) | Time:00:00.04 | Syncing rock_single_C.001
Fra:1 Mem:111.06M (Peak 111.06M) | Time:00:00.04 | Syncing Role_rock_c.001
Fra:1 Mem:111.06M (Peak 111.06M) | Time:00:00.04 | Syncing rock_single_E.001
Fra:1 Mem:111.08M (Peak 111.08M) | Time:00:00.04 | Syncing Role_rock_e.001
Fra:1 Mem:111.08M (Peak 111.08M) | Time:00:00.04 | Syncing CampPath
Fra:1 Mem:111.09M (Peak 111.09M) | Time:00:00.04 | Syncing rock_single_C.002
Fra:1 Mem:111.10M (Peak 111.10M) | Time:00:00.04 | Syncing Role_rock_c.002
Fra:1 Mem:111.11M (Peak 111.11M) | Time:00:00.04 | Syncing rock_single_C.003
Fra:1 Mem:111.12M (Peak 111.12M) | Time:00:00.04 | Syncing Role_rock_c.003
Fra:1 Mem:111.12M (Peak 111.12M) | Time:00:00.04 | Syncing rock_single_C.004
Fra:1 Mem:111.13M (Peak 111.13M) | Time:00:00.04 | Syncing Role_rock_c.004
Fra:1 Mem:111.14M (Peak 111.14M) | Time:00:00.04 | Syncing rock_single_C.005
Fra:1 Mem:111.15M (Peak 111.15M) | Time:00:00.04 | Syncing Role_rock_c.005
Fra:1 Mem:111.15M (Peak 111.15M) | Time:00:00.04 | Syncing rock_single_C.006
Fra:1 Mem:111.16M (Peak 111.16M) | Time:00:00.04 | Syncing Role_rock_c.006
Fra:1 Mem:111.17M (Peak 111.17M) | Time:00:00.04 | Syncing rock_single_C.007
Fra:1 Mem:111.18M (Peak 111.18M) | Time:00:00.04 | Syncing Role_rock_c.007
Fra:1 Mem:111.18M (Peak 111.18M) | Time:00:00.04 | Syncing rock_single_C.008
Fra:1 Mem:111.19M (Peak 111.19M) | Time:00:00.04 | Syncing Role_rock_c.008
Fra:1 Mem:111.20M (Peak 111.20M) | Time:00:00.04 | Syncing rock_single_C.009
Fra:1 Mem:111.21M (Peak 111.21M) | Time:00:00.04 | Syncing Role_rock_c.009
Fra:1 Mem:111.21M (Peak 111.21M) | Time:00:00.04 | Syncing CampHearthLog_0
Fra:1 Mem:111.22M (Peak 111.22M) | Time:00:00.04 | Syncing CampHearthLog_1
Fra:1 Mem:111.23M (Peak 111.23M) | Time:00:00.04 | Syncing CampHearthFlame
Fra:1 Mem:111.24M (Peak 111.24M) | Time:00:00.04 | Syncing CampHearthWarmLight
Fra:1 Mem:111.24M (Peak 111.24M) | Time:00:00.04 | Syncing tent
Fra:1 Mem:111.26M (Peak 111.26M) | Time:00:00.04 | Syncing camp__tent
Fra:1 Mem:111.27M (Peak 111.27M) | Time:00:00.04 | Syncing flag_red
Fra:1 Mem:111.28M (Peak 111.28M) | Time:00:00.04 | Syncing camp__flag_red
Fra:1 Mem:111.28M (Peak 111.28M) | Time:00:00.04 | Syncing crate_A_big
Fra:1 Mem:111.30M (Peak 111.30M) | Time:00:00.04 | Syncing camp__crate_big
Fra:1 Mem:111.31M (Peak 111.31M) | Time:00:00.04 | Syncing crate_A_small
Fra:1 Mem:111.33M (Peak 111.33M) | Time:00:00.04 | Syncing camp__crate_small
Fra:1 Mem:111.33M (Peak 111.33M) | Time:00:00.04 | Syncing resource_lumber
Fra:1 Mem:111.37M (Peak 111.37M) | Time:00:00.04 | Syncing camp__lumber
Fra:1 Mem:111.37M (Peak 111.37M) | Time:00:00.04 | Syncing sack
Fra:1 Mem:111.39M (Peak 111.39M) | Time:00:00.04 | Syncing camp__sack
Fra:1 Mem:111.39M (Peak 111.39M) | Time:00:00.04 | Syncing barrel
Fra:1 Mem:111.43M (Peak 111.43M) | Time:00:00.04 | Syncing camp__barrel
Fra:1 Mem:111.43M (Peak 111.43M) | Time:00:00.04 | Syncing wheelbarrow
Fra:1 Mem:111.49M (Peak 111.49M) | Time:00:00.04 | Syncing camp__wheelbarrow
Fra:1 Mem:111.49M (Peak 111.49M) | Time:00:00.04 | Syncing ShelterPath
Fra:1 Mem:111.50M (Peak 111.50M) | Time:00:00.04 | Syncing building_home_A_green
Fra:1 Mem:111.64M (Peak 111.64M) | Time:00:00.04 | Syncing shelter__house_a
Fra:1 Mem:111.64M (Peak 111.64M) | Time:00:00.04 | Syncing building_home_A_red
Fra:1 Mem:111.77M (Peak 111.77M) | Time:00:00.04 | Syncing shelter__house_c
Fra:1 Mem:111.78M (Peak 111.78M) | Time:00:00.04 | Syncing FoodPath
Fra:1 Mem:111.79M (Peak 111.79M) | Time:00:00.04 | Syncing FoodFieldSoil
Fra:1 Mem:111.83M (Peak 111.83M) | Time:00:00.04 | Syncing FoodCrop_0_0
Fra:1 Mem:111.84M (Peak 111.84M) | Time:00:00.04 | Syncing FoodCrop_0_1
Fra:1 Mem:111.85M (Peak 111.85M) | Time:00:00.04 | Syncing FoodCrop_0_2
Fra:1 Mem:111.86M (Peak 111.86M) | Time:00:00.04 | Syncing FoodCrop_0_3
Fra:1 Mem:111.86M (Peak 111.86M) | Time:00:00.04 | Syncing FoodCrop_0_4
Fra:1 Mem:111.87M (Peak 111.87M) | Time:00:00.04 | Syncing FoodCrop_0_5
Fra:1 Mem:111.88M (Peak 111.88M) | Time:00:00.04 | Syncing FoodCrop_0_6
Fra:1 Mem:111.89M (Peak 111.89M) | Time:00:00.04 | Syncing FoodCrop_1_0
Fra:1 Mem:111.90M (Peak 111.90M) | Time:00:00.04 | Syncing FoodCrop_1_1
Fra:1 Mem:111.90M (Peak 111.90M) | Time:00:00.04 | Syncing FoodCrop_1_2
Fra:1 Mem:111.91M (Peak 111.91M) | Time:00:00.04 | Syncing FoodCrop_1_3
Fra:1 Mem:111.92M (Peak 111.92M) | Time:00:00.04 | Syncing FoodCrop_1_4
Fra:1 Mem:111.93M (Peak 111.93M) | Time:00:00.04 | Syncing FoodCrop_1_5
Fra:1 Mem:111.94M (Peak 111.94M) | Time:00:00.04 | Syncing FoodCrop_1_6
Fra:1 Mem:111.94M (Peak 111.94M) | Time:00:00.04 | Syncing FoodCrop_2_0
Fra:1 Mem:111.95M (Peak 111.95M) | Time:00:00.04 | Syncing FoodCrop_2_1
Fra:1 Mem:111.96M (Peak 111.96M) | Time:00:00.04 | Syncing FoodCrop_2_2
Fra:1 Mem:111.97M (Peak 111.97M) | Time:00:00.04 | Syncing FoodCrop_2_3
Fra:1 Mem:111.98M (Peak 111.98M) | Time:00:00.04 | Syncing FoodCrop_2_4
Fra:1 Mem:111.98M (Peak 111.98M) | Time:00:00.04 | Syncing FoodCrop_2_5
Fra:1 Mem:111.99M (Peak 111.99M) | Time:00:00.04 | Syncing FoodCrop_2_6
Fra:1 Mem:112.00M (Peak 112.00M) | Time:00:00.04 | Syncing FoodCrop_3_0
Fra:1 Mem:112.01M (Peak 112.01M) | Time:00:00.04 | Syncing FoodCrop_3_1
Fra:1 Mem:112.02M (Peak 112.02M) | Time:00:00.04 | Syncing FoodCrop_3_2
Fra:1 Mem:112.02M (Peak 112.02M) | Time:00:00.04 | Syncing FoodCrop_3_3
Fra:1 Mem:112.03M (Peak 112.03M) | Time:00:00.04 | Syncing FoodCrop_3_4
Fra:1 Mem:112.04M (Peak 112.04M) | Time:00:00.04 | Syncing FoodCrop_3_5
Fra:1 Mem:112.05M (Peak 112.05M) | Time:00:00.04 | Syncing FoodCrop_3_6
Fra:1 Mem:112.06M (Peak 112.06M) | Time:00:00.04 | Syncing FoodCrop_4_0
Fra:1 Mem:112.07M (Peak 112.07M) | Time:00:00.04 | Syncing FoodCrop_4_1
Fra:1 Mem:112.07M (Peak 112.07M) | Time:00:00.04 | Syncing FoodCrop_4_2
Fra:1 Mem:112.08M (Peak 112.08M) | Time:00:00.04 | Syncing FoodCrop_4_3
Fra:1 Mem:112.09M (Peak 112.09M) | Time:00:00.04 | Syncing FoodCrop_4_4
Fra:1 Mem:112.10M (Peak 112.10M) | Time:00:00.04 | Syncing FoodCrop_4_5
Fra:1 Mem:112.10M (Peak 112.10M) | Time:00:00.04 | Syncing FoodCrop_4_6
Fra:1 Mem:112.11M (Peak 112.11M) | Time:00:00.04 | Syncing building_grain
Fra:1 Mem:112.15M (Peak 112.15M) | Time:00:00.04 | Syncing food__grain
Fra:1 Mem:112.15M (Peak 112.15M) | Time:00:00.04 | Syncing building_home_B_yellow
Fra:1 Mem:112.33M (Peak 112.33M) | Time:00:00.04 | Syncing food__house_b
Fra:1 Mem:112.34M (Peak 112.34M) | Time:00:00.04 | Syncing sack.001
Fra:1 Mem:112.35M (Peak 112.35M) | Time:00:00.04 | Syncing food__sack
Fra:1 Mem:112.36M (Peak 112.36M) | Time:00:00.04 | Syncing bucket_water
Fra:1 Mem:112.38M (Peak 112.38M) | Time:00:00.04 | Syncing food__bucket_water
Fra:1 Mem:112.38M (Peak 112.38M) | Time:00:00.04 | Syncing fence_wood_straight
Fra:1 Mem:112.42M (Peak 112.42M) | Time:00:00.04 | Syncing food__fence.001
Fra:1 Mem:112.42M (Peak 112.42M) | Time:00:00.04 | Syncing fence_wood_straight.001
Fra:1 Mem:112.45M (Peak 112.45M) | Time:00:00.04 | Syncing food__fence
Fra:1 Mem:112.46M (Peak 112.46M) | Time:00:00.04 | Syncing TimberPath
Fra:1 Mem:112.47M (Peak 112.47M) | Time:00:00.04 | Syncing building_scaffolding
Fra:1 Mem:112.81M (Peak 112.81M) | Time:00:00.04 | Syncing timber__scaffolding
Fra:1 Mem:112.82M (Peak 112.82M) | Time:00:00.04 | Syncing tree_single_A_cut
Fra:1 Mem:112.82M (Peak 112.82M) | Time:00:00.05 | Syncing timber__tree_cut
Fra:1 Mem:112.83M (Peak 112.83M) | Time:00:00.05 | Syncing resource_lumber.001
Fra:1 Mem:112.86M (Peak 112.86M) | Time:00:00.05 | Syncing timber__lumber
Fra:1 Mem:112.87M (Peak 112.87M) | Time:00:00.05 | Syncing resource_lumber.002
Fra:1 Mem:112.90M (Peak 112.90M) | Time:00:00.05 | Syncing timber__lumber.001
Fra:1 Mem:112.90M (Peak 112.90M) | Time:00:00.05 | Syncing pallet
Fra:1 Mem:112.92M (Peak 112.92M) | Time:00:00.05 | Syncing timber__pallet
Fra:1 Mem:112.92M (Peak 112.92M) | Time:00:00.05 | Syncing ladder
Fra:1 Mem:112.97M (Peak 112.97M) | Time:00:00.05 | Syncing timber__ladder
Fra:1 Mem:112.97M (Peak 112.97M) | Time:00:00.05 | Syncing ScoutPath
Fra:1 Mem:112.99M (Peak 112.99M) | Time:00:00.05 | Syncing tent.001
Fra:1 Mem:113.00M (Peak 113.00M) | Time:00:00.05 | Syncing scout__tent
Fra:1 Mem:113.01M (Peak 113.01M) | Time:00:00.05 | Syncing flag_red.001
Fra:1 Mem:113.02M (Peak 113.02M) | Time:00:00.05 | Syncing scout__flag_red
Fra:1 Mem:113.02M (Peak 113.02M) | Time:00:00.05 | Syncing flag_red.002
Fra:1 Mem:113.03M (Peak 113.03M) | Time:00:00.05 | Syncing scout__flag_red.001
Fra:1 Mem:113.04M (Peak 113.04M) | Time:00:00.05 | Syncing target
Fra:1 Mem:113.06M (Peak 113.06M) | Time:00:00.05 | Syncing scout__target
Fra:1 Mem:113.07M (Peak 113.07M) | Time:00:00.05 | Syncing crate_open
Fra:1 Mem:113.11M (Peak 113.11M) | Time:00:00.05 | Syncing scout__crate_open
Fra:1 Mem:113.11M (Peak 113.11M) | Time:00:00.05 | Syncing StorehousePath
Fra:1 Mem:113.12M (Peak 113.12M) | Time:00:00.05 | Syncing building_lumbermill_green
Fra:1 Mem:113.34M (Peak 113.34M) | Time:00:00.05 | Syncing storehouse__storehouse
Fra:1 Mem:113.35M (Peak 113.35M) | Time:00:00.05 | Syncing building_lumbermill_saw_green
Fra:1 Mem:113.39M (Peak 113.39M) | Time:00:00.05 | Syncing building_lumbermill_top_green
Fra:1 Mem:113.55M (Peak 113.55M) | Time:00:00.05 | Syncing building_home_A_red.001
Fra:1 Mem:113.68M (Peak 113.68M) | Time:00:00.05 | Syncing storehouse__house_c
Fra:1 Mem:113.68M (Peak 113.68M) | Time:00:00.05 | Syncing crate_A_big.001
Fra:1 Mem:113.70M (Peak 113.70M) | Time:00:00.05 | Syncing storehouse__crate_big
Fra:1 Mem:113.71M (Peak 113.71M) | Time:00:00.05 | Syncing crate_A_small.001
Fra:1 Mem:113.73M (Peak 113.73M) | Time:00:00.05 | Syncing storehouse__crate_small
Fra:1 Mem:113.74M (Peak 113.74M) | Time:00:00.05 | Syncing barrel.001
Fra:1 Mem:113.77M (Peak 113.77M) | Time:00:00.05 | Syncing storehouse__barrel
Fra:1 Mem:113.78M (Peak 113.78M) | Time:00:00.05 | Syncing MarketPath
Fra:1 Mem:113.79M (Peak 113.79M) | Time:00:00.05 | Syncing MarketCivicPlaza
Fra:1 Mem:113.81M (Peak 113.81M) | Time:00:00.05 | Syncing building_market_yellow
Fra:1 Mem:114.21M (Peak 114.21M) | Time:00:00.05 | Syncing market__market
Fra:1 Mem:114.21M (Peak 114.21M) | Time:00:00.05 | Syncing building_well_blue
Fra:1 Mem:114.31M (Peak 114.31M) | Time:00:00.05 | Syncing market__well
Fra:1 Mem:114.31M (Peak 114.31M) | Time:00:00.05 | Syncing building_home_B_blue
Fra:1 Mem:114.49M (Peak 114.49M) | Time:00:00.05 | Syncing market__house_d
Fra:1 Mem:114.50M (Peak 114.50M) | Time:00:00.05 | Syncing crate_open.001
Fra:1 Mem:114.54M (Peak 114.54M) | Time:00:00.05 | Syncing market__crate_open
Fra:1 Mem:114.54M (Peak 114.54M) | Time:00:00.05 | Syncing building_home_A_yellow
Fra:1 Mem:114.67M (Peak 114.67M) | Time:00:00.05 | Syncing market__house_e
Fra:1 Mem:114.68M (Peak 114.68M) | Time:00:00.05 | Syncing WatchPath
Fra:1 Mem:114.69M (Peak 114.69M) | Time:00:00.05 | Syncing building_tower_A_red
Fra:1 Mem:114.89M (Peak 114.89M) | Time:00:00.05 | Syncing watch__tower
Fra:1 Mem:114.89M (Peak 114.89M) | Time:00:00.05 | Syncing building_tower_A_top_red
Fra:1 Mem:114.98M (Peak 114.98M) | Time:00:00.05 | Syncing building_barracks_blue
Fra:1 Mem:115.49M (Peak 115.49M) | Time:00:00.05 | Syncing watch__barracks
Fra:1 Mem:115.49M (Peak 115.49M) | Time:00:00.05 | Syncing fence_wood_straight.002
Fra:1 Mem:115.52M (Peak 115.52M) | Time:00:00.05 | Syncing watch__fence
Fra:1 Mem:115.53M (Peak 115.53M) | Time:00:00.05 | Syncing fence_wood_straight.003
Fra:1 Mem:115.56M (Peak 115.56M) | Time:00:00.05 | Syncing watch__fence.001
Fra:1 Mem:115.56M (Peak 115.56M) | Time:00:00.05 | Syncing CouncilPath
Fra:1 Mem:115.57M (Peak 115.57M) | Time:00:00.05 | Syncing building_church_red
Fra:1 Mem:115.81M (Peak 115.81M) | Time:00:00.06 | Syncing council__church
Fra:1 Mem:115.81M (Peak 115.81M) | Time:00:00.06 | Syncing building_stage_C
Fra:1 Mem:115.99M (Peak 115.99M) | Time:00:00.06 | Syncing council__council_stage
Fra:1 Mem:115.99M (Peak 115.99M) | Time:00:00.06 | Syncing building_home_A_yellow.001
Fra:1 Mem:116.14M (Peak 116.14M) | Time:00:00.06 | Syncing council__house_e
Fra:1 Mem:116.15M (Peak 116.15M) | Time:00:00.06 | Syncing flag_red.003
Fra:1 Mem:116.16M (Peak 116.16M) | Time:00:00.06 | Syncing council__flag_red
Fra:1 Mem:116.16M (Peak 116.16M) | Time:00:00.06 | Syncing AurelianVillageV4Sun
Fra:1 Mem:116.16M (Peak 116.16M) | Time:00:00.06 | Syncing VillageV4DesktopCamera
Fra:1 Mem:114.95M (Peak 116.16M) | Time:00:00.07 | Rendering 1 / 64 samples
Fra:1 Mem:110.40M (Peak 116.16M) | Time:00:10.06 | Rendering 26 / 64 samples
Fra:1 Mem:110.40M (Peak 116.16M) | Time:00:19.16 | Rendering 51 / 64 samples
Fra:1 Mem:110.40M (Peak 116.16M) | Time:00:23.86 | Rendering 64 / 64 samples
Saved: '/home/runner/work/_temp/pixel-nations-village-v4-reauthor/render/desktop/stage-09-council.png'
Time: 00:24.59 (Saving: 00:00.33)

Data are loaded, start creating Blender stuff
glTF import finished in 0.03s
Data are loaded, start creating Blender stuff
glTF import finished in 0.00s
Data are loaded, start creating Blender stuff
glTF import finished in 0.00s
Data are loaded, start creating Blender stuff
glTF import finished in 0.00s
Data are loaded, start creating Blender stuff
glTF import finished in 0.00s
Data are loaded, start creating Blender stuff
glTF import finished in 0.00s
Data are loaded, start creating Blender stuff
glTF import finished in 0.00s
Data are loaded, start creating Blender stuff
glTF import finished in 0.00s
Data are loaded, start creating Blender stuff
glTF import finished in 0.00s
Data are loaded, start creating Blender stuff
glTF import finished in 0.00s
Data are loaded, start creating Blender stuff
glTF import finished in 0.00s
Data are loaded, start creating Blender stuff
glTF import finished in 0.00s
Data are loaded, start creating Blender stuff
glTF import finished in 0.00s
Data are loaded, start creating Blender stuff
glTF import finished in 0.00s
Data are loaded, start creating Blender stuff
glTF import finished in 0.00s
Data are loaded, start creating Blender stuff
glTF import finished in 0.00s
Data are loaded, start creating Blender stuff
glTF import finished in 0.00s
Data are loaded, start creating Blender stuff
glTF import finished in 0.00s
Data are loaded, start creating Blender stuff
glTF import finished in 0.00s
Data are loaded, start creating Blender stuff
glTF import finished in 0.00s
Data are loaded, start creating Blender stuff
glTF import finished in 0.00s
Data are loaded, start creating Blender stuff
glTF import finished in 0.00s
Data are loaded, start creating Blender stuff
glTF import finished in 0.00s
Data are loaded, start creating Blender stuff
glTF import finished in 0.00s
Data are loaded, start creating Blender stuff
glTF import finished in 0.00s
Data are loaded, start creating Blender stuff
glTF import finished in 0.00s
Data are loaded, start creating Blender stuff
glTF import finished in 0.00s
Data are loaded, start creating Blender stuff
glTF import finished in 0.01s
Data are loaded, start creating Blender stuff
glTF import finished in 0.01s
Data are loaded, start creating Blender stuff
glTF import finished in 0.01s
Data are loaded, start creating Blender stuff
glTF import finished in 0.01s
Data are loaded, start creating Blender stuff
glTF import finished in 0.00s
Data are loaded, start creating Blender stuff
glTF import finished in 0.00s
Data are loaded, start creating Blender stuff
glTF import finished in 0.01s
Data are loaded, start creating Blender stuff
glTF import finished in 0.01s
Data are loaded, start creating Blender stuff
glTF import finished in 0.01s
Data are loaded, start creating Blender stuff
glTF import finished in 0.00s
Data are loaded, start creating Blender stuff
glTF import finished in 0.01s
Data are loaded, start creating Blender stuff
glTF import finished in 0.01s
Data are loaded, start creating Blender stuff
glTF import finished in 0.00s
Data are loaded, start creating Blender stuff
glTF import finished in 0.00s
Data are loaded, start creating Blender stuff
glTF import finished in 0.00s
Data are loaded, start creating Blender stuff
glTF import finished in 0.01s
Data are loaded, start creating Blender stuff
glTF import finished in 0.00s
Data are loaded, start creating Blender stuff
glTF import finished in 0.01s
Data are loaded, start creating Blender stuff
glTF import finished in 0.01s
Data are loaded, start creating Blender stuff
glTF import finished in 0.01s
Data are loaded, start creating Blender stuff
glTF import finished in 0.01s
Data are loaded, start creating Blender stuff
glTF import finished in 0.01s
Data are loaded, start creating Blender stuff
glTF import finished in 0.01s
Data are loaded, start creating Blender stuff
glTF import finished in 0.01s
Data are loaded, start creating Blender stuff
glTF import finished in 0.01s
Data are loaded, start creating Blender stuff
glTF import finished in 0.01s
Data are loaded, start creating Blender stuff
glTF import finished in 0.01s
Data are loaded, start creating Blender stuff
glTF import finished in 0.01s
Data are loaded, start creating Blender stuff
glTF import finished in 0.01s
Data are loaded, start creating Blender stuff
glTF import finished in 0.01s
Data are loaded, start creating Blender stuff
glTF import finished in 0.02s
Data are loaded, start creating Blender stuff
glTF import finished in 0.01s
Data are loaded, start creating Blender stuff
glTF import finished in 0.01s
Data are loaded, start creating Blender stuff
glTF import finished in 0.01s
Data are loaded, start creating Blender stuff
glTF import finished in 0.01s
Data are loaded, start creating Blender stuff
glTF import finished in 0.01s
Data are loaded, start creating Blender stuff
glTF import finished in 0.01s
VILLAGE_V4_STAGE_RENDERED=desktop:camp:/home/runner/work/_temp/pixel-nations-village-v4-reauthor/render/desktop/stage-01-camp.png
VILLAGE_V4_STAGE_RENDERED=desktop:shelter:/home/runner/work/_temp/pixel-nations-village-v4-reauthor/render/desktop/stage-02-shelter.png
VILLAGE_V4_STAGE_RENDERED=desktop:food:/home/runner/work/_temp/pixel-nations-village-v4-reauthor/render/desktop/stage-03-food.png
VILLAGE_V4_STAGE_RENDERED=desktop:timber:/home/runner/work/_temp/pixel-nations-village-v4-reauthor/render/desktop/stage-04-timber.png
VILLAGE_V4_STAGE_RENDERED=desktop:scout:/home/runner/work/_temp/pixel-nations-village-v4-reauthor/render/desktop/stage-05-scout.png
VILLAGE_V4_STAGE_RENDERED=desktop:storehouse:/home/runner/work/_temp/pixel-nations-village-v4-reauthor/render/desktop/stage-06-storehouse.png
VILLAGE_V4_STAGE_RENDERED=desktop:market:/home/runner/work/_temp/pixel-nations-village-v4-reauthor/render/desktop/stage-07-market.png
VILLAGE_V4_STAGE_RENDERED=desktop:watch:/home/runner/work/_temp/pixel-nations-village-v4-reauthor/render/desktop/stage-08-watch.png
VILLAGE_V4_STAGE_RENDERED=desktop:council:/home/runner/work/_temp/pixel-nations-village-v4-reauthor/render/desktop/stage-09-council.png
Data are loaded, start creating Blender stuff
glTF import finished in 0.00s
Data are loaded, start creating Blender stuff
glTF import finished in 0.00s
Data are loaded, start creating Blender stuff
glTF import finished in 0.00s
Data are loaded, start creating Blender stuff
glTF import finished in 0.00s
Data are loaded, start creating Blender stuff
glTF import finished in 0.00s
Data are loaded, start creating Blender stuff
glTF import finished in 0.00s
Data are loaded, start creating Blender stuff
glTF import finished in 0.00s
Data are loaded, start creating Blender stuff
glTF import finished in 0.00s
Data are loaded, start creating Blender stuff
glTF import finished in 0.00s
Data are loaded, start creating Blender stuff
glTF import finished in 0.00s
Data are loaded, start creating Blender stuff
glTF import finished in 0.00s
Data are loaded, start creating Blender stuff
glTF import finished in 0.00s
Data are loaded, start creating Blender stuff
glTF import finished in 0.00s
Data are loaded, start creating Blender stuff
glTF import finished in 0.00s
Data are loaded, start creating Blender stuff
glTF import finished in 0.00s
Data are loaded, start creating Blender stuff
glTF import finished in 0.00s
Data are loaded, start creating Blender stuff
glTF import finished in 0.00s
Data are loaded, start creating Blender stuff
glTF import finished in 0.00s
Data are loaded, start creating Blender stuff
glTF import finished in 0.00s
Data are loaded, start creating Blender stuff
glTF import finished in 0.00s
Data are loaded, start creating Blender stuff
glTF import finished in 0.00s
Data are loaded, start creating Blender stuff
glTF import finished in 0.00s
Data are loaded, start creating Blender stuff
glTF import finished in 0.00s
Data are loaded, start creating Blender stuff
glTF import finished in 0.00s
Data are loaded, start creating Blender stuff
glTF import finished in 0.00s
Data are loaded, start creating Blender stuff
glTF import finished in 0.00s
Data are loaded, start creating Blender stuff
glTF import finished in 0.00s
Data are loaded, start creating Blender stuff
glTF import finished in 0.01sFra:1 Mem:53.10M (Peak 53.10M) | Time:00:00.01 | Syncing AurelianContinuousTerrain
Fra:1 Mem:55.01M (Peak 55.01M) | Time:00:00.01 | Syncing RiverWater
Fra:1 Mem:55.03M (Peak 55.03M) | Time:00:00.01 | Syncing RoadApproach
Fra:1 Mem:55.05M (Peak 55.05M) | Time:00:00.01 | Syncing building_bridge_A
Fra:1 Mem:59.15M (Peak 63.06M) | Time:00:00.03 | Syncing Role_bridge
Fra:1 Mem:59.15M (Peak 63.06M) | Time:00:00.03 | Syncing tree_single_A
Fra:1 Mem:63.18M (Peak 67.17M) | Time:00:00.05 | Syncing Role_tree_a
Fra:1 Mem:63.18M (Peak 67.17M) | Time:00:00.05 | Syncing tree_single_B
Fra:1 Mem:63.22M (Peak 67.17M) | Time:00:00.05 | Syncing Role_tree_b
Fra:1 Mem:63.22M (Peak 67.17M) | Time:00:00.05 | Syncing tree_single_A.001
Fra:1 Mem:63.23M (Peak 67.17M) | Time:00:00.05 | Syncing Role_tree_a.001
Fra:1 Mem:63.24M (Peak 67.17M) | Time:00:00.05 | Syncing tree_single_B.001
Fra:1 Mem:63.27M (Peak 67.17M) | Time:00:00.05 | Syncing Role_tree_b.001
Fra:1 Mem:63.28M (Peak 67.17M) | Time:00:00.05 | Syncing tree_single_A.002
Fra:1 Mem:63.29M (Peak 67.17M) | Time:00:00.05 | Syncing Role_tree_a.002
Fra:1 Mem:63.30M (Peak 67.17M) | Time:00:00.05 | Syncing tree_single_B.002
Fra:1 Mem:63.33M (Peak 67.17M) | Time:00:00.05 | Syncing Role_tree_b.002
Fra:1 Mem:63.34M (Peak 67.17M) | Time:00:00.05 | Syncing rock_single_C
Fra:1 Mem:63.35M (Peak 67.17M) | Time:00:00.05 | Syncing Role_rock_c
Fra:1 Mem:63.35M (Peak 67.17M) | Time:00:00.05 | Syncing rock_single_E
Fra:1 Mem:63.37M (Peak 67.17M) | Time:00:00.05 | Syncing Role_rock_e
Fra:1 Mem:63.37M (Peak 67.17M) | Time:00:00.05 | Syncing rock_single_C.001
Fra:1 Mem:63.38M (Peak 67.17M) | Time:00:00.05 | Syncing Role_rock_c.001
Fra:1 Mem:63.39M (Peak 67.17M) | Time:00:00.05 | Syncing rock_single_E.001
Fra:1 Mem:63.40M (Peak 67.17M) | Time:00:00.05 | Syncing Role_rock_e.001
Fra:1 Mem:63.40M (Peak 67.17M) | Time:00:00.05 | Syncing AurelianVillageV4Sun
Fra:1 Mem:63.40M (Peak 67.17M) | Time:00:00.05 | Syncing VillageV4PortraitCamera
Fra:1 Mem:63.34M (Peak 67.17M) | Time:00:00.06 | Rendering 1 / 64 samples
Fra:1 Mem:61.76M (Peak 67.17M) | Time:00:06.23 | Rendering 26 / 64 samples
Fra:1 Mem:61.76M (Peak 67.17M) | Time:00:10.25 | Rendering 51 / 64 samples
Fra:1 Mem:61.76M (Peak 67.17M) | Time:00:12.35 | Rendering 64 / 64 samples
Saved: '/home/runner/work/_temp/pixel-nations-village-v4-reauthor/render/portrait/base.png'
Time: 00:12.70 (Saving: 00:00.16)

Fra:1 Mem:63.18M (Peak 63.18M) | Time:00:00.02 | Syncing AurelianContinuousTerrain
Fra:1 Mem:64.65M (Peak 64.65M) | Time:00:00.02 | Syncing RiverWater
Fra:1 Mem:64.67M (Peak 64.67M) | Time:00:00.02 | Syncing RoadApproach
Fra:1 Mem:64.69M (Peak 64.69M) | Time:00:00.02 | Syncing building_bridge_A
Fra:1 Mem:64.77M (Peak 64.77M) | Time:00:00.02 | Syncing Role_bridge
Fra:1 Mem:64.77M (Peak 64.77M) | Time:00:00.02 | Syncing tree_single_A
Fra:1 Mem:64.78M (Peak 64.78M) | Time:00:00.02 | Syncing Role_tree_a
Fra:1 Mem:64.79M (Peak 64.79M) | Time:00:00.02 | Syncing tree_single_B
Fra:1 Mem:64.82M (Peak 64.82M) | Time:00:00.02 | Syncing Role_tree_b
Fra:1 Mem:64.83M (Peak 64.83M) | Time:00:00.02 | Syncing tree_single_A.001
Fra:1 Mem:64.84M (Peak 64.84M) | Time:00:00.02 | Syncing Role_tree_a.001
Fra:1 Mem:64.84M (Peak 64.84M) | Time:00:00.02 | Syncing tree_single_B.001
Fra:1 Mem:64.87M (Peak 64.87M) | Time:00:00.02 | Syncing Role_tree_b.001
Fra:1 Mem:64.88M (Peak 64.88M) | Time:00:00.02 | Syncing tree_single_A.002
Fra:1 Mem:64.89M (Peak 64.89M) | Time:00:00.02 | Syncing Role_tree_a.002
Fra:1 Mem:64.90M (Peak 64.90M) | Time:00:00.02 | Syncing tree_single_B.002
Fra:1 Mem:64.93M (Peak 64.93M) | Time:00:00.02 | Syncing Role_tree_b.002
Fra:1 Mem:64.93M (Peak 64.93M) | Time:00:00.02 | Syncing rock_single_C
Fra:1 Mem:64.94M (Peak 64.94M) | Time:00:00.02 | Syncing Role_rock_c
Fra:1 Mem:64.95M (Peak 64.95M) | Time:00:00.02 | Syncing rock_single_E
Fra:1 Mem:64.96M (Peak 64.96M) | Time:00:00.02 | Syncing Role_rock_e
Fra:1 Mem:64.97M (Peak 64.97M) | Time:00:00.02 | Syncing rock_single_C.001
Fra:1 Mem:64.98M (Peak 64.98M) | Time:00:00.02 | Syncing Role_rock_c.001
Fra:1 Mem:64.98M (Peak 64.98M) | Time:00:00.02 | Syncing rock_single_E.001
Fra:1 Mem:65.00M (Peak 65.00M) | Time:00:00.02 | Syncing Role_rock_e.001
Fra:1 Mem:65.00M (Peak 65.00M) | Time:00:00.02 | Syncing CampPath
Fra:1 Mem:65.01M (Peak 65.01M) | Time:00:00.02 | Syncing rock_single_C.002
Fra:1 Mem:65.02M (Peak 65.02M) | Time:00:00.02 | Syncing Role_rock_c.002
Fra:1 Mem:65.03M (Peak 65.03M) | Time:00:00.02 | Syncing rock_single_C.003
Fra:1 Mem:65.04M (Peak 65.04M) | Time:00:00.02 | Syncing Role_rock_c.003
Fra:1 Mem:65.04M (Peak 65.04M) | Time:00:00.02 | Syncing rock_single_C.004
Fra:1 Mem:65.05M (Peak 65.05M) | Time:00:00.02 | Syncing Role_rock_c.004
Fra:1 Mem:65.06M (Peak 65.06M) | Time:00:00.02 | Syncing rock_single_C.005
Fra:1 Mem:65.07M (Peak 65.07M) | Time:00:00.02 | Syncing Role_rock_c.005
Fra:1 Mem:65.07M (Peak 65.07M) | Time:00:00.02 | Syncing rock_single_C.006
Fra:1 Mem:65.09M (Peak 65.09M) | Time:00:00.02 | Syncing Role_rock_c.006
Fra:1 Mem:65.09M (Peak 65.09M) | Time:00:00.02 | Syncing rock_single_C.007
Fra:1 Mem:65.10M (Peak 65.10M) | Time:00:00.02 | Syncing Role_rock_c.007
Fra:1 Mem:65.11M (Peak 65.11M) | Time:00:00.02 | Syncing rock_single_C.008
Fra:1 Mem:65.12M (Peak 65.12M) | Time:00:00.02 | Syncing Role_rock_c.008
Fra:1 Mem:65.12M (Peak 65.12M) | Time:00:00.02 | Syncing rock_single_C.009
Fra:1 Mem:65.13M (Peak 65.13M) | Time:00:00.02 | Syncing Role_rock_c.009
Fra:1 Mem:65.14M (Peak 65.14M) | Time:00:00.02 | Syncing CampHearthLog_0
Fra:1 Mem:65.15M (Peak 65.15M) | Time:00:00.02 | Syncing CampHearthLog_1
Fra:1 Mem:65.16M (Peak 65.16M) | Time:00:00.02 | Syncing CampHearthFlame
Fra:1 Mem:65.17M (Peak 65.17M) | Time:00:00.02 | Syncing CampHearthWarmLight
Fra:1 Mem:65.17M (Peak 65.17M) | Time:00:00.02 | Syncing tent
Fra:1 Mem:69.20M (Peak 73.19M) | Time:00:00.04 | Syncing camp__tent
Fra:1 Mem:69.21M (Peak 73.19M) | Time:00:00.04 | Syncing flag_red
Fra:1 Mem:69.22M (Peak 73.19M) | Time:00:00.04 | Syncing camp__flag_red
Fra:1 Mem:69.22M (Peak 73.19M) | Time:00:00.04 | Syncing crate_A_big
Fra:1 Mem:69.25M (Peak 73.19M) | Time:00:00.04 | Syncing camp__crate_big
Fra:1 Mem:69.25M (Peak 73.19M) | Time:00:00.04 | Syncing crate_A_small
Fra:1 Mem:69.27M (Peak 73.19M) | Time:00:00.04 | Syncing camp__crate_small
Fra:1 Mem:69.28M (Peak 73.19M) | Time:00:00.04 | Syncing resource_lumber
Fra:1 Mem:69.32M (Peak 73.19M) | Time:00:00.04 | Syncing camp__lumber
Fra:1 Mem:69.32M (Peak 73.19M) | Time:00:00.04 | Syncing sack
Fra:1 Mem:69.34M (Peak 73.19M) | Time:00:00.04 | Syncing camp__sack
Fra:1 Mem:69.34M (Peak 73.19M) | Time:00:00.04 | Syncing barrel
Fra:1 Mem:69.38M (Peak 73.19M) | Time:00:00.04 | Syncing camp__barrel
Fra:1 Mem:69.39M (Peak 73.19M) | Time:00:00.04 | Syncing wheelbarrow
Fra:1 Mem:69.45M (Peak 73.19M) | Time:00:00.04 | Syncing camp__wheelbarrow
Fra:1 Mem:69.45M (Peak 73.19M) | Time:00:00.04 | Syncing AurelianVillageV4Sun
Fra:1 Mem:69.45M (Peak 73.19M) | Time:00:00.04 | Syncing VillageV4PortraitCamera
Fra:1 Mem:69.32M (Peak 73.19M) | Time:00:00.05 | Rendering 1 / 64 samples
Fra:1 Mem:67.58M (Peak 73.19M) | Time:00:05.37 | Rendering 26 / 64 samples
Fra:1 Mem:67.58M (Peak 73.19M) | Time:00:09.81 | Rendering 51 / 64 samples
Fra:1 Mem:67.58M (Peak 73.19M) | Time:00:12.11 | Rendering 64 / 64 samples
Saved: '/home/runner/work/_temp/pixel-nations-village-v4-reauthor/render/portrait/stage-01-camp.png'
Time: 00:12.48 (Saving: 00:00.16)

Fra:1 Mem:67.50M (Peak 67.50M) | Time:00:00.02 | Syncing AurelianContinuousTerrain
Fra:1 Mem:68.98M (Peak 68.98M) | Time:00:00.02 | Syncing RiverWater
Fra:1 Mem:68.99M (Peak 68.99M) | Time:00:00.02 | Syncing RoadApproach
Fra:1 Mem:69.01M (Peak 69.01M) | Time:00:00.02 | Syncing building_bridge_A
Fra:1 Mem:69.09M (Peak 69.09M) | Time:00:00.02 | Syncing Role_bridge
Fra:1 Mem:69.09M (Peak 69.09M) | Time:00:00.02 | Syncing tree_single_A
Fra:1 Mem:69.11M (Peak 69.11M) | Time:00:00.02 | Syncing Role_tree_a
Fra:1 Mem:69.11M (Peak 69.11M) | Time:00:00.02 | Syncing tree_single_B
Fra:1 Mem:69.14M (Peak 69.14M) | Time:00:00.02 | Syncing Role_tree_b
Fra:1 Mem:69.15M (Peak 69.15M) | Time:00:00.02 | Syncing tree_single_A.001
Fra:1 Mem:69.16M (Peak 69.16M) | Time:00:00.02 | Syncing Role_tree_a.001
Fra:1 Mem:69.17M (Peak 69.17M) | Time:00:00.02 | Syncing tree_single_B.001
Fra:1 Mem:69.20M (Peak 69.20M) | Time:00:00.02 | Syncing Role_tree_b.001
Fra:1 Mem:69.20M (Peak 69.20M) | Time:00:00.02 | Syncing tree_single_A.002
Fra:1 Mem:69.21M (Peak 69.21M) | Time:00:00.02 | Syncing Role_tree_a.002
Fra:1 Mem:69.22M (Peak 69.22M) | Time:00:00.02 | Syncing tree_single_B.002
Fra:1 Mem:69.25M (Peak 69.25M) | Time:00:00.02 | Syncing Role_tree_b.002
Fra:1 Mem:69.26M (Peak 69.26M) | Time:00:00.02 | Syncing rock_single_C
Fra:1 Mem:69.27M (Peak 69.27M) | Time:00:00.02 | Syncing Role_rock_c
Fra:1 Mem:69.27M (Peak 69.27M) | Time:00:00.02 | Syncing rock_single_E
Fra:1 Mem:69.29M (Peak 69.29M) | Time:00:00.02 | Syncing Role_rock_e
Fra:1 Mem:69.29M (Peak 69.29M) | Time:00:00.02 | Syncing rock_single_C.001
Fra:1 Mem:69.30M (Peak 69.30M) | Time:00:00.02 | Syncing Role_rock_c.001
Fra:1 Mem:69.31M (Peak 69.31M) | Time:00:00.02 | Syncing rock_single_E.001
Fra:1 Mem:69.32M (Peak 69.32M) | Time:00:00.02 | Syncing Role_rock_e.001
Fra:1 Mem:69.32M (Peak 69.32M) | Time:00:00.02 | Syncing CampPath
Fra:1 Mem:69.33M (Peak 69.33M) | Time:00:00.02 | Syncing rock_single_C.002
Fra:1 Mem:69.34M (Peak 69.34M) | Time:00:00.02 | Syncing Role_rock_c.002
Fra:1 Mem:69.35M (Peak 69.35M) | Time:00:00.02 | Syncing rock_single_C.003
Fra:1 Mem:69.36M (Peak 69.36M) | Time:00:00.02 | Syncing Role_rock_c.003
Fra:1 Mem:69.36M (Peak 69.36M) | Time:00:00.02 | Syncing rock_single_C.004
Fra:1 Mem:69.37M (Peak 69.37M) | Time:00:00.02 | Syncing Role_rock_c.004
Fra:1 Mem:69.38M (Peak 69.38M) | Time:00:00.02 | Syncing rock_single_C.005
Fra:1 Mem:69.39M (Peak 69.39M) | Time:00:00.02 | Syncing Role_rock_c.005
Fra:1 Mem:69.39M (Peak 69.39M) | Time:00:00.02 | Syncing rock_single_C.006
Fra:1 Mem:69.40M (Peak 69.40M) | Time:00:00.02 | Syncing Role_rock_c.006
Fra:1 Mem:69.41M (Peak 69.41M) | Time:00:00.02 | Syncing rock_single_C.007
Fra:1 Mem:69.42M (Peak 69.42M) | Time:00:00.02 | Syncing Role_rock_c.007
Fra:1 Mem:69.42M (Peak 69.42M) | Time:00:00.02 | Syncing rock_single_C.008
Fra:1 Mem:69.43M (Peak 69.43M) | Time:00:00.02 | Syncing Role_rock_c.008
Fra:1 Mem:69.44M (Peak 69.44M) | Time:00:00.02 | Syncing rock_single_C.009
Fra:1 Mem:69.45M (Peak 69.45M) | Time:00:00.02 | Syncing Role_rock_c.009
Fra:1 Mem:69.45M (Peak 69.45M) | Time:00:00.02 | Syncing CampHearthLog_0
Fra:1 Mem:69.46M (Peak 69.46M) | Time:00:00.02 | Syncing CampHearthLog_1
Fra:1 Mem:69.47M (Peak 69.47M) | Time:00:00.02 | Syncing CampHearthFlame
Fra:1 Mem:69.48M (Peak 69.48M) | Time:00:00.02 | Syncing CampHearthWarmLight
Fra:1 Mem:69.49M (Peak 69.49M) | Time:00:00.02 | Syncing tent
Fra:1 Mem:69.50M (Peak 69.50M) | Time:00:00.02 | Syncing camp__tent
Fra:1 Mem:69.51M (Peak 69.51M) | Time:00:00.02 | Syncing flag_red
Fra:1 Mem:69.52M (Peak 69.52M) | Time:00:00.02 | Syncing camp__flag_red
Fra:1 Mem:69.53M (Peak 69.53M) | Time:00:00.02 | Syncing crate_A_big
Fra:1 Mem:69.55M (Peak 69.55M) | Time:00:00.02 | Syncing camp__crate_big
Fra:1 Mem:69.55M (Peak 69.55M) | Time:00:00.02 | Syncing crate_A_small
Fra:1 Mem:69.57M (Peak 69.57M) | Time:00:00.02 | Syncing camp__crate_small
Fra:1 Mem:69.58M (Peak 69.58M) | Time:00:00.02 | Syncing resource_lumber
Fra:1 Mem:69.61M (Peak 69.61M) | Time:00:00.02 | Syncing camp__lumber
Fra:1 Mem:69.62M (Peak 69.62M) | Time:00:00.02 | Syncing sack
Fra:1 Mem:69.63M (Peak 69.63M) | Time:00:00.02 | Syncing camp__sack
Fra:1 Mem:69.64M (Peak 69.64M) | Time:00:00.02 | Syncing barrel
Fra:1 Mem:69.67M (Peak 69.67M) | Time:00:00.02 | Syncing camp__barrel
Fra:1 Mem:69.68M (Peak 69.68M) | Time:00:00.02 | Syncing wheelbarrow
Fra:1 Mem:69.73M (Peak 69.73M) | Time:00:00.02 | Syncing camp__wheelbarrow
Fra:1 Mem:69.74M (Peak 69.74M) | Time:00:00.02 | Syncing ShelterPath
Fra:1 Mem:69.75M (Peak 69.75M) | Time:00:00.02 | Syncing building_home_A_green
Fra:1 Mem:73.91M (Peak 77.76M) | Time:00:00.04 | Syncing shelter__house_a
Fra:1 Mem:73.91M (Peak 77.76M) | Time:00:00.04 | Syncing building_home_A_red
Fra:1 Mem:78.07M (Peak 81.92M) | Time:00:00.06 | Syncing shelter__house_c
Fra:1 Mem:78.07M (Peak 81.92M) | Time:00:00.06 | Syncing AurelianVillageV4Sun
Fra:1 Mem:78.07M (Peak 81.92M) | Time:00:00.06 | Syncing VillageV4PortraitCamera
Fra:1 Mem:77.87M (Peak 81.92M) | Time:00:00.07 | Rendering 1 / 64 samples
Fra:1 Mem:75.97M (Peak 81.92M) | Time:00:05.45 | Rendering 26 / 64 samples
Fra:1 Mem:75.97M (Peak 81.92M) | Time:00:09.93 | Rendering 51 / 64 samples
Fra:1 Mem:75.97M (Peak 81.92M) | Time:00:12.25 | Rendering 64 / 64 samples
Saved: '/home/runner/work/_temp/pixel-nations-village-v4-reauthor/render/portrait/stage-02-shelter.png'
Time: 00:12.62 (Saving: 00:00.16)

Fra:1 Mem:77.32M (Peak 77.32M) | Time:00:00.02 | Syncing AurelianContinuousTerrain
Fra:1 Mem:78.79M (Peak 78.79M) | Time:00:00.02 | Syncing RiverWater
Fra:1 Mem:78.81M (Peak 78.81M) | Time:00:00.02 | Syncing RoadApproach
Fra:1 Mem:78.83M (Peak 78.83M) | Time:00:00.02 | Syncing building_bridge_A
Fra:1 Mem:78.91M (Peak 78.91M) | Time:00:00.02 | Syncing Role_bridge
Fra:1 Mem:78.91M (Peak 78.91M) | Time:00:00.02 | Syncing tree_single_A
Fra:1 Mem:78.92M (Peak 78.92M) | Time:00:00.02 | Syncing Role_tree_a
Fra:1 Mem:78.93M (Peak 78.93M) | Time:00:00.02 | Syncing tree_single_B
Fra:1 Mem:78.96M (Peak 78.96M) | Time:00:00.02 | Syncing Role_tree_b
Fra:1 Mem:78.97M (Peak 78.97M) | Time:00:00.02 | Syncing tree_single_A.001
Fra:1 Mem:78.98M (Peak 78.98M) | Time:00:00.02 | Syncing Role_tree_a.001
Fra:1 Mem:78.98M (Peak 78.98M) | Time:00:00.02 | Syncing tree_single_B.001
Fra:1 Mem:79.02M (Peak 79.02M) | Time:00:00.02 | Syncing Role_tree_b.001
Fra:1 Mem:79.02M (Peak 79.02M) | Time:00:00.02 | Syncing tree_single_A.002
Fra:1 Mem:79.03M (Peak 79.03M) | Time:00:00.02 | Syncing Role_tree_a.002
Fra:1 Mem:79.04M (Peak 79.04M) | Time:00:00.02 | Syncing tree_single_B.002
Fra:1 Mem:79.07M (Peak 79.07M) | Time:00:00.02 | Syncing Role_tree_b.002
Fra:1 Mem:79.07M (Peak 79.07M) | Time:00:00.02 | Syncing rock_single_C
Fra:1 Mem:79.08M (Peak 79.08M) | Time:00:00.02 | Syncing Role_rock_c
Fra:1 Mem:79.09M (Peak 79.09M) | Time:00:00.02 | Syncing rock_single_E
Fra:1 Mem:79.10M (Peak 79.10M) | Time:00:00.02 | Syncing Role_rock_e
Fra:1 Mem:79.11M (Peak 79.11M) | Time:00:00.02 | Syncing rock_single_C.001
Fra:1 Mem:79.12M (Peak 79.12M) | Time:00:00.02 | Syncing Role_rock_c.001
Fra:1 Mem:79.12M (Peak 79.12M) | Time:00:00.02 | Syncing rock_single_E.001
Fra:1 Mem:79.14M (Peak 79.14M) | Time:00:00.02 | Syncing Role_rock_e.001
Fra:1 Mem:79.14M (Peak 79.14M) | Time:00:00.02 | Syncing CampPath
Fra:1 Mem:79.15M (Peak 79.15M) | Time:00:00.02 | Syncing rock_single_C.002
Fra:1 Mem:79.16M (Peak 79.16M) | Time:00:00.02 | Syncing Role_rock_c.002
Fra:1 Mem:79.17M (Peak 79.17M) | Time:00:00.02 | Syncing rock_single_C.003
Fra:1 Mem:79.18M (Peak 79.18M) | Time:00:00.02 | Syncing Role_rock_c.003
Fra:1 Mem:79.18M (Peak 79.18M) | Time:00:00.02 | Syncing rock_single_C.004
Fra:1 Mem:79.19M (Peak 79.19M) | Time:00:00.02 | Syncing Role_rock_c.004
Fra:1 Mem:79.20M (Peak 79.20M) | Time:00:00.02 | Syncing rock_single_C.005
Fra:1 Mem:79.21M (Peak 79.21M) | Time:00:00.02 | Syncing Role_rock_c.005
Fra:1 Mem:79.21M (Peak 79.21M) | Time:00:00.02 | Syncing rock_single_C.006
Fra:1 Mem:79.22M (Peak 79.22M) | Time:00:00.02 | Syncing Role_rock_c.006
Fra:1 Mem:79.23M (Peak 79.23M) | Time:00:00.02 | Syncing rock_single_C.007
Fra:1 Mem:79.24M (Peak 79.24M) | Time:00:00.02 | Syncing Role_rock_c.007
Fra:1 Mem:79.24M (Peak 79.24M) | Time:00:00.02 | Syncing rock_single_C.008
Fra:1 Mem:79.25M (Peak 79.25M) | Time:00:00.02 | Syncing Role_rock_c.008
Fra:1 Mem:79.26M (Peak 79.26M) | Time:00:00.02 | Syncing rock_single_C.009
Fra:1 Mem:79.27M (Peak 79.27M) | Time:00:00.02 | Syncing Role_rock_c.009
Fra:1 Mem:79.27M (Peak 79.27M) | Time:00:00.02 | Syncing CampHearthLog_0
Fra:1 Mem:79.28M (Peak 79.28M) | Time:00:00.02 | Syncing CampHearthLog_1
Fra:1 Mem:79.29M (Peak 79.29M) | Time:00:00.02 | Syncing CampHearthFlame
Fra:1 Mem:79.30M (Peak 79.30M) | Time:00:00.02 | Syncing CampHearthWarmLight
Fra:1 Mem:79.31M (Peak 79.31M) | Time:00:00.02 | Syncing tent
Fra:1 Mem:79.32M (Peak 79.32M) | Time:00:00.02 | Syncing camp__tent
Fra:1 Mem:79.33M (Peak 79.33M) | Time:00:00.02 | Syncing flag_red
Fra:1 Mem:79.34M (Peak 79.34M) | Time:00:00.02 | Syncing camp__flag_red
Fra:1 Mem:79.34M (Peak 79.34M) | Time:00:00.02 | Syncing crate_A_big
Fra:1 Mem:79.36M (Peak 79.36M) | Time:00:00.02 | Syncing camp__crate_big
Fra:1 Mem:79.37M (Peak 79.37M) | Time:00:00.02 | Syncing crate_A_small
Fra:1 Mem:79.39M (Peak 79.39M) | Time:00:00.02 | Syncing camp__crate_small
Fra:1 Mem:79.40M (Peak 79.40M) | Time:00:00.02 | Syncing resource_lumber
Fra:1 Mem:79.43M (Peak 79.43M) | Time:00:00.03 | Syncing camp__lumber
Fra:1 Mem:79.43M (Peak 79.43M) | Time:00:00.03 | Syncing sack
Fra:1 Mem:79.45M (Peak 79.45M) | Time:00:00.03 | Syncing camp__sack
Fra:1 Mem:79.45M (Peak 79.45M) | Time:00:00.03 | Syncing barrel
Fra:1 Mem:79.49M (Peak 79.49M) | Time:00:00.03 | Syncing camp__barrel
Fra:1 Mem:79.50M (Peak 79.50M) | Time:00:00.03 | Syncing wheelbarrow
Fra:1 Mem:79.55M (Peak 79.55M) | Time:00:00.03 | Syncing camp__wheelbarrow
Fra:1 Mem:79.56M (Peak 79.56M) | Time:00:00.03 | Syncing ShelterPath
Fra:1 Mem:79.57M (Peak 79.57M) | Time:00:00.03 | Syncing building_home_A_green
Fra:1 Mem:79.70M (Peak 79.70M) | Time:00:00.03 | Syncing shelter__house_a
Fra:1 Mem:79.70M (Peak 79.70M) | Time:00:00.03 | Syncing building_home_A_red
Fra:1 Mem:79.83M (Peak 79.83M) | Time:00:00.03 | Syncing shelter__house_c
Fra:1 Mem:79.84M (Peak 79.84M) | Time:00:00.03 | Syncing FoodPath
Fra:1 Mem:79.85M (Peak 79.85M) | Time:00:00.03 | Syncing FoodFieldSoil
Fra:1 Mem:79.89M (Peak 79.89M) | Time:00:00.03 | Syncing FoodCrop_0_0
Fra:1 Mem:79.90M (Peak 79.90M) | Time:00:00.03 | Syncing FoodCrop_0_1
Fra:1 Mem:79.91M (Peak 79.91M) | Time:00:00.03 | Syncing FoodCrop_0_2
Fra:1 Mem:79.92M (Peak 79.92M) | Time:00:00.03 | Syncing FoodCrop_0_3
Fra:1 Mem:79.93M (Peak 79.93M) | Time:00:00.03 | Syncing FoodCrop_0_4
Fra:1 Mem:79.94M (Peak 79.94M) | Time:00:00.03 | Syncing FoodCrop_0_5
Fra:1 Mem:79.94M (Peak 79.94M) | Time:00:00.03 | Syncing FoodCrop_0_6
Fra:1 Mem:79.95M (Peak 79.95M) | Time:00:00.03 | Syncing FoodCrop_1_0
Fra:1 Mem:79.96M (Peak 79.96M) | Time:00:00.03 | Syncing FoodCrop_1_1
Fra:1 Mem:79.97M (Peak 79.97M) | Time:00:00.03 | Syncing FoodCrop_1_2
Fra:1 Mem:79.98M (Peak 79.98M) | Time:00:00.03 | Syncing FoodCrop_1_3
Fra:1 Mem:79.98M (Peak 79.98M) | Time:00:00.03 | Syncing FoodCrop_1_4
Fra:1 Mem:79.99M (Peak 79.99M) | Time:00:00.03 | Syncing FoodCrop_1_5
Fra:1 Mem:80.00M (Peak 80.00M) | Time:00:00.03 | Syncing FoodCrop_1_6
Fra:1 Mem:80.01M (Peak 80.01M) | Time:00:00.03 | Syncing FoodCrop_2_0
Fra:1 Mem:80.02M (Peak 80.02M) | Time:00:00.03 | Syncing FoodCrop_2_1
Fra:1 Mem:80.03M (Peak 80.03M) | Time:00:00.03 | Syncing FoodCrop_2_2
Fra:1 Mem:80.03M (Peak 80.03M) | Time:00:00.03 | Syncing FoodCrop_2_3
Fra:1 Mem:80.04M (Peak 80.04M) | Time:00:00.03 | Syncing FoodCrop_2_4
Fra:1 Mem:80.05M (Peak 80.05M) | Time:00:00.03 | Syncing FoodCrop_2_5
Fra:1 Mem:80.06M (Peak 80.06M) | Time:00:00.03 | Syncing FoodCrop_2_6
Fra:1 Mem:80.07M (Peak 80.07M) | Time:00:00.03 | Syncing FoodCrop_3_0
Fra:1 Mem:80.07M (Peak 80.07M) | Time:00:00.03 | Syncing FoodCrop_3_1
Fra:1 Mem:80.08M (Peak 80.08M) | Time:00:00.03 | Syncing FoodCrop_3_2
Fra:1 Mem:80.09M (Peak 80.09M) | Time:00:00.03 | Syncing FoodCrop_3_3
Fra:1 Mem:80.10M (Peak 80.10M) | Time:00:00.03 | Syncing FoodCrop_3_4
Fra:1 Mem:80.11M (Peak 80.11M) | Time:00:00.03 | Syncing FoodCrop_3_5
Fra:1 Mem:80.12M (Peak 80.12M) | Time:00:00.03 | Syncing FoodCrop_3_6
Fra:1 Mem:80.12M (Peak 80.12M) | Time:00:00.03 | Syncing FoodCrop_4_0
Fra:1 Mem:80.13M (Peak 80.13M) | Time:00:00.03 | Syncing FoodCrop_4_1
Fra:1 Mem:80.14M (Peak 80.14M) | Time:00:00.03 | Syncing FoodCrop_4_2
Fra:1 Mem:80.15M (Peak 80.15M) | Time:00:00.03 | Syncing FoodCrop_4_3
Fra:1 Mem:80.16M (Peak 80.16M) | Time:00:00.03 | Syncing FoodCrop_4_4
Fra:1 Mem:80.17M (Peak 80.17M) | Time:00:00.03 | Syncing FoodCrop_4_5
Fra:1 Mem:80.17M (Peak 80.17M) | Time:00:00.03 | Syncing FoodCrop_4_6
Fra:1 Mem:80.18M (Peak 80.18M) | Time:00:00.03 | Syncing building_grain
Fra:1 Mem:80.22M (Peak 80.22M) | Time:00:00.03 | Syncing food__grain
Fra:1 Mem:80.22M (Peak 80.22M) | Time:00:00.03 | Syncing building_home_B_yellow
Fra:1 Mem:84.44M (Peak 88.24M) | Time:00:00.05 | Syncing food__house_b
Fra:1 Mem:84.44M (Peak 88.24M) | Time:00:00.05 | Syncing sack.001
Fra:1 Mem:84.46M (Peak 88.24M) | Time:00:00.05 | Syncing food__sack
Fra:1 Mem:84.46M (Peak 88.24M) | Time:00:00.05 | Syncing bucket_water
Fra:1 Mem:84.49M (Peak 88.24M) | Time:00:00.05 | Syncing food__bucket_water
Fra:1 Mem:84.49M (Peak 88.24M) | Time:00:00.05 | Syncing fence_wood_straight
Fra:1 Mem:84.53M (Peak 88.24M) | Time:00:00.05 | Syncing food__fence.001
Fra:1 Mem:84.53M (Peak 88.24M) | Time:00:00.05 | Syncing fence_wood_straight.001
Fra:1 Mem:84.57M (Peak 88.24M) | Time:00:00.05 | Syncing food__fence
Fra:1 Mem:84.57M (Peak 88.24M) | Time:00:00.05 | Syncing AurelianVillageV4Sun
Fra:1 Mem:84.57M (Peak 88.24M) | Time:00:00.05 | Syncing VillageV4PortraitCamera
Fra:1 Mem:84.26M (Peak 88.24M) | Time:00:00.05 | Rendering 1 / 64 samples
Fra:1 Mem:82.10M (Peak 88.24M) | Time:00:05.50 | Rendering 26 / 64 samples
Fra:1 Mem:82.10M (Peak 88.24M) | Time:00:10.04 | Rendering 51 / 64 samples
Fra:1 Mem:82.10M (Peak 88.24M) | Time:00:12.40 | Rendering 64 / 64 samples
Saved: '/home/runner/work/_temp/pixel-nations-village-v4-reauthor/render/portrait/stage-03-food.png'
Time: 00:12.76 (Saving: 00:00.16)

Fra:1 Mem:82.01M (Peak 82.01M) | Time:00:00.02 | Syncing AurelianContinuousTerrain
Fra:1 Mem:83.48M (Peak 83.48M) | Time:00:00.02 | Syncing RiverWater
Fra:1 Mem:83.50M (Peak 83.50M) | Time:00:00.02 | Syncing RoadApproach
Fra:1 Mem:83.51M (Peak 83.51M) | Time:00:00.02 | Syncing building_bridge_A
Fra:1 Mem:83.59M (Peak 83.59M) | Time:00:00.02 | Syncing Role_bridge
Fra:1 Mem:83.60M (Peak 83.60M) | Time:00:00.02 | Syncing tree_single_A
Fra:1 Mem:83.61M (Peak 83.61M) | Time:00:00.02 | Syncing Role_tree_a
Fra:1 Mem:83.62M (Peak 83.62M) | Time:00:00.02 | Syncing tree_single_B
Fra:1 Mem:83.65M (Peak 83.65M) | Time:00:00.02 | Syncing Role_tree_b
Fra:1 Mem:83.65M (Peak 83.65M) | Time:00:00.02 | Syncing tree_single_A.001
Fra:1 Mem:83.67M (Peak 83.67M) | Time:00:00.02 | Syncing Role_tree_a.001
Fra:1 Mem:83.67M (Peak 83.67M) | Time:00:00.02 | Syncing tree_single_B.001
Fra:1 Mem:83.70M (Peak 83.70M) | Time:00:00.02 | Syncing Role_tree_b.001
Fra:1 Mem:83.71M (Peak 83.71M) | Time:00:00.02 | Syncing tree_single_A.002
Fra:1 Mem:83.72M (Peak 83.72M) | Time:00:00.02 | Syncing Role_tree_a.002
Fra:1 Mem:83.72M (Peak 83.72M) | Time:00:00.02 | Syncing tree_single_B.002
Fra:1 Mem:83.76M (Peak 83.76M) | Time:00:00.02 | Syncing Role_tree_b.002
Fra:1 Mem:83.76M (Peak 83.76M) | Time:00:00.02 | Syncing rock_single_C
Fra:1 Mem:83.77M (Peak 83.77M) | Time:00:00.02 | Syncing Role_rock_c
Fra:1 Mem:83.78M (Peak 83.78M) | Time:00:00.02 | Syncing rock_single_E
Fra:1 Mem:83.79M (Peak 83.79M) | Time:00:00.02 | Syncing Role_rock_e
Fra:1 Mem:83.80M (Peak 83.80M) | Time:00:00.02 | Syncing rock_single_C.001
Fra:1 Mem:83.81M (Peak 83.81M) | Time:00:00.02 | Syncing Role_rock_c.001
Fra:1 Mem:83.81M (Peak 83.81M) | Time:00:00.02 | Syncing rock_single_E.001
Fra:1 Mem:83.82M (Peak 83.82M) | Time:00:00.02 | Syncing Role_rock_e.001
Fra:1 Mem:83.83M (Peak 83.83M) | Time:00:00.02 | Syncing CampPath
Fra:1 Mem:83.84M (Peak 83.84M) | Time:00:00.02 | Syncing rock_single_C.002
Fra:1 Mem:83.85M (Peak 83.85M) | Time:00:00.02 | Syncing Role_rock_c.002
Fra:1 Mem:83.85M (Peak 83.85M) | Time:00:00.02 | Syncing rock_single_C.003
Fra:1 Mem:83.86M (Peak 83.86M) | Time:00:00.02 | Syncing Role_rock_c.003
Fra:1 Mem:83.87M (Peak 83.87M) | Time:00:00.02 | Syncing rock_single_C.004
Fra:1 Mem:83.88M (Peak 83.88M) | Time:00:00.02 | Syncing Role_rock_c.004
Fra:1 Mem:83.88M (Peak 83.88M) | Time:00:00.02 | Syncing rock_single_C.005
Fra:1 Mem:83.89M (Peak 83.89M) | Time:00:00.02 | Syncing Role_rock_c.005
Fra:1 Mem:83.90M (Peak 83.90M) | Time:00:00.02 | Syncing rock_single_C.006
Fra:1 Mem:83.91M (Peak 83.91M) | Time:00:00.02 | Syncing Role_rock_c.006
Fra:1 Mem:83.91M (Peak 83.91M) | Time:00:00.02 | Syncing rock_single_C.007
Fra:1 Mem:83.92M (Peak 83.92M) | Time:00:00.02 | Syncing Role_rock_c.007
Fra:1 Mem:83.93M (Peak 83.93M) | Time:00:00.02 | Syncing rock_single_C.008
Fra:1 Mem:83.94M (Peak 83.94M) | Time:00:00.02 | Syncing Role_rock_c.008
Fra:1 Mem:83.94M (Peak 83.94M) | Time:00:00.02 | Syncing rock_single_C.009
Fra:1 Mem:83.95M (Peak 83.95M) | Time:00:00.02 | Syncing Role_rock_c.009
Fra:1 Mem:83.96M (Peak 83.96M) | Time:00:00.02 | Syncing CampHearthLog_0
Fra:1 Mem:83.97M (Peak 83.97M) | Time:00:00.02 | Syncing CampHearthLog_1
Fra:1 Mem:83.98M (Peak 83.98M) | Time:00:00.02 | Syncing CampHearthFlame
Fra:1 Mem:83.99M (Peak 83.99M) | Time:00:00.02 | Syncing CampHearthWarmLight
Fra:1 Mem:83.99M (Peak 83.99M) | Time:00:00.02 | Syncing tent
Fra:1 Mem:84.01M (Peak 84.01M) | Time:00:00.02 | Syncing camp__tent
Fra:1 Mem:84.01M (Peak 84.01M) | Time:00:00.02 | Syncing flag_red
Fra:1 Mem:84.03M (Peak 84.03M) | Time:00:00.02 | Syncing camp__flag_red
Fra:1 Mem:84.03M (Peak 84.03M) | Time:00:00.02 | Syncing crate_A_big
Fra:1 Mem:84.05M (Peak 84.05M) | Time:00:00.02 | Syncing camp__crate_big
Fra:1 Mem:84.06M (Peak 84.06M) | Time:00:00.02 | Syncing crate_A_small
Fra:1 Mem:84.08M (Peak 84.08M) | Time:00:00.02 | Syncing camp__crate_small
Fra:1 Mem:84.08M (Peak 84.08M) | Time:00:00.02 | Syncing resource_lumber
Fra:1 Mem:84.12M (Peak 84.12M) | Time:00:00.02 | Syncing camp__lumber
Fra:1 Mem:84.12M (Peak 84.12M) | Time:00:00.02 | Syncing sack
Fra:1 Mem:84.14M (Peak 84.14M) | Time:00:00.02 | Syncing camp__sack
Fra:1 Mem:84.14M (Peak 84.14M) | Time:00:00.02 | Syncing barrel
Fra:1 Mem:84.18M (Peak 84.18M) | Time:00:00.02 | Syncing camp__barrel
Fra:1 Mem:84.18M (Peak 84.18M) | Time:00:00.02 | Syncing wheelbarrow
Fra:1 Mem:84.24M (Peak 84.24M) | Time:00:00.03 | Syncing camp__wheelbarrow
Fra:1 Mem:84.24M (Peak 84.24M) | Time:00:00.03 | Syncing ShelterPath
Fra:1 Mem:84.25M (Peak 84.25M) | Time:00:00.03 | Syncing building_home_A_green
Fra:1 Mem:84.39M (Peak 84.39M) | Time:00:00.03 | Syncing shelter__house_a
Fra:1 Mem:84.39M (Peak 84.39M) | Time:00:00.03 | Syncing building_home_A_red
Fra:1 Mem:84.52M (Peak 84.52M) | Time:00:00.03 | Syncing shelter__house_c
Fra:1 Mem:84.53M (Peak 84.53M) | Time:00:00.03 | Syncing FoodPath
Fra:1 Mem:84.54M (Peak 84.54M) | Time:00:00.03 | Syncing FoodFieldSoil
Fra:1 Mem:84.58M (Peak 84.58M) | Time:00:00.03 | Syncing FoodCrop_0_0
Fra:1 Mem:84.59M (Peak 84.59M) | Time:00:00.03 | Syncing FoodCrop_0_1
Fra:1 Mem:84.60M (Peak 84.60M) | Time:00:00.03 | Syncing FoodCrop_0_2
Fra:1 Mem:84.61M (Peak 84.61M) | Time:00:00.03 | Syncing FoodCrop_0_3
Fra:1 Mem:84.61M (Peak 84.61M) | Time:00:00.03 | Syncing FoodCrop_0_4
Fra:1 Mem:84.62M (Peak 84.62M) | Time:00:00.03 | Syncing FoodCrop_0_5
Fra:1 Mem:84.63M (Peak 84.63M) | Time:00:00.03 | Syncing FoodCrop_0_6
Fra:1 Mem:84.64M (Peak 84.64M) | Time:00:00.03 | Syncing FoodCrop_1_0
Fra:1 Mem:84.65M (Peak 84.65M) | Time:00:00.03 | Syncing FoodCrop_1_1
Fra:1 Mem:84.65M (Peak 84.65M) | Time:00:00.03 | Syncing FoodCrop_1_2
Fra:1 Mem:84.66M (Peak 84.66M) | Time:00:00.03 | Syncing FoodCrop_1_3
Fra:1 Mem:84.67M (Peak 84.67M) | Time:00:00.03 | Syncing FoodCrop_1_4
Fra:1 Mem:84.68M (Peak 84.68M) | Time:00:00.03 | Syncing FoodCrop_1_5
Fra:1 Mem:84.69M (Peak 84.69M) | Time:00:00.03 | Syncing FoodCrop_1_6
Fra:1 Mem:84.69M (Peak 84.69M) | Time:00:00.03 | Syncing FoodCrop_2_0
Fra:1 Mem:84.70M (Peak 84.70M) | Time:00:00.03 | Syncing FoodCrop_2_1
Fra:1 Mem:84.71M (Peak 84.71M) | Time:00:00.03 | Syncing FoodCrop_2_2
Fra:1 Mem:84.72M (Peak 84.72M) | Time:00:00.03 | Syncing FoodCrop_2_3
Fra:1 Mem:84.73M (Peak 84.73M) | Time:00:00.03 | Syncing FoodCrop_2_4
Fra:1 Mem:84.73M (Peak 84.73M) | Time:00:00.03 | Syncing FoodCrop_2_5
Fra:1 Mem:84.74M (Peak 84.74M) | Time:00:00.03 | Syncing FoodCrop_2_6
Fra:1 Mem:84.75M (Peak 84.75M) | Time:00:00.03 | Syncing FoodCrop_3_0
Fra:1 Mem:84.76M (Peak 84.76M) | Time:00:00.03 | Syncing FoodCrop_3_1
Fra:1 Mem:84.77M (Peak 84.77M) | Time:00:00.03 | Syncing FoodCrop_3_2
Fra:1 Mem:84.77M (Peak 84.77M) | Time:00:00.03 | Syncing FoodCrop_3_3
Fra:1 Mem:84.78M (Peak 84.78M) | Time:00:00.03 | Syncing FoodCrop_3_4
Fra:1 Mem:84.79M (Peak 84.79M) | Time:00:00.03 | Syncing FoodCrop_3_5
Fra:1 Mem:84.80M (Peak 84.80M) | Time:00:00.03 | Syncing FoodCrop_3_6
Fra:1 Mem:84.81M (Peak 84.81M) | Time:00:00.03 | Syncing FoodCrop_4_0
Fra:1 Mem:84.81M (Peak 84.81M) | Time:00:00.03 | Syncing FoodCrop_4_1
Fra:1 Mem:84.82M (Peak 84.82M) | Time:00:00.03 | Syncing FoodCrop_4_2
Fra:1 Mem:84.83M (Peak 84.83M) | Time:00:00.03 | Syncing FoodCrop_4_3
Fra:1 Mem:84.84M (Peak 84.84M) | Time:00:00.03 | Syncing FoodCrop_4_4
Fra:1 Mem:84.85M (Peak 84.85M) | Time:00:00.03 | Syncing FoodCrop_4_5
Fra:1 Mem:84.85M (Peak 84.85M) | Time:00:00.03 | Syncing FoodCrop_4_6
Fra:1 Mem:84.86M (Peak 84.86M) | Time:00:00.03 | Syncing building_grain
Fra:1 Mem:84.90M (Peak 84.90M) | Time:00:00.03 | Syncing food__grain
Fra:1 Mem:84.90M (Peak 84.90M) | Time:00:00.03 | Syncing building_home_B_yellow
Fra:1 Mem:85.08M (Peak 85.08M) | Time:00:00.03 | Syncing food__house_b
Fra:1 Mem:85.09M (Peak 85.09M) | Time:00:00.03 | Syncing sack.001
Fra:1 Mem:85.10M (Peak 85.10M) | Time:00:00.03 | Syncing food__sack
Fra:1 Mem:85.11M (Peak 85.11M) | Time:00:00.03 | Syncing bucket_water
Fra:1 Mem:85.13M (Peak 85.13M) | Time:00:00.03 | Syncing food__bucket_water
Fra:1 Mem:85.13M (Peak 85.13M) | Time:00:00.03 | Syncing fence_wood_straight
Fra:1 Mem:85.17M (Peak 85.17M) | Time:00:00.03 | Syncing food__fence.001
Fra:1 Mem:85.17M (Peak 85.17M) | Time:00:00.03 | Syncing fence_wood_straight.001
Fra:1 Mem:85.20M (Peak 85.20M) | Time:00:00.03 | Syncing food__fence
Fra:1 Mem:85.21M (Peak 85.21M) | Time:00:00.03 | Syncing TimberPath
Fra:1 Mem:85.22M (Peak 85.22M) | Time:00:00.03 | Syncing building_scaffolding
Fra:1 Mem:85.60M (Peak 85.60M) | Time:00:00.03 | Syncing timber__scaffolding
Fra:1 Mem:85.61M (Peak 85.61M) | Time:00:00.03 | Syncing tree_single_A_cut
Fra:1 Mem:85.61M (Peak 85.61M) | Time:00:00.03 | Syncing timber__tree_cut
Fra:1 Mem:85.62M (Peak 85.62M) | Time:00:00.03 | Syncing resource_lumber.001
Fra:1 Mem:85.65M (Peak 85.65M) | Time:00:00.03 | Syncing timber__lumber
Fra:1 Mem:85.66M (Peak 85.66M) | Time:00:00.03 | Syncing resource_lumber.002
Fra:1 Mem:85.69M (Peak 85.69M) | Time:00:00.03 | Syncing timber__lumber.001
Fra:1 Mem:85.70M (Peak 85.70M) | Time:00:00.03 | Syncing pallet
Fra:1 Mem:85.71M (Peak 85.71M) | Time:00:00.03 | Syncing timber__pallet
Fra:1 Mem:85.72M (Peak 85.72M) | Time:00:00.03 | Syncing ladder
Fra:1 Mem:85.77M (Peak 85.77M) | Time:00:00.03 | Syncing timber__ladder
Fra:1 Mem:85.77M (Peak 85.77M) | Time:00:00.03 | Syncing AurelianVillageV4Sun
Fra:1 Mem:85.77M (Peak 85.77M) | Time:00:00.03 | Syncing VillageV4PortraitCamera
Fra:1 Mem:85.34M (Peak 85.77M) | Time:00:00.04 | Rendering 1 / 64 samples
Fra:1 Mem:82.87M (Peak 85.77M) | Time:00:05.52 | Rendering 26 / 64 samples
Fra:1 Mem:82.87M (Peak 85.77M) | Time:00:10.07 | Rendering 51 / 64 samples
Fra:1 Mem:82.87M (Peak 85.77M) | Time:00:12.44 | Rendering 64 / 64 samples
Saved: '/home/runner/work/_temp/pixel-nations-village-v4-reauthor/render/portrait/stage-04-timber.png'
Time: 00:12.81 (Saving: 00:00.16)

Fra:1 Mem:82.55M (Peak 82.55M) | Time:00:00.02 | Syncing AurelianContinuousTerrain
Fra:1 Mem:84.02M (Peak 84.02M) | Time:00:00.02 | Syncing RiverWater
Fra:1 Mem:84.04M (Peak 84.04M) | Time:00:00.02 | Syncing RoadApproach
Fra:1 Mem:84.05M (Peak 84.05M) | Time:00:00.02 | Syncing building_bridge_A
Fra:1 Mem:84.14M (Peak 84.14M) | Time:00:00.02 | Syncing Role_bridge
Fra:1 Mem:84.14M (Peak 84.14M) | Time:00:00.02 | Syncing tree_single_A
Fra:1 Mem:84.15M (Peak 84.15M) | Time:00:00.02 | Syncing Role_tree_a
Fra:1 Mem:84.16M (Peak 84.16M) | Time:00:00.02 | Syncing tree_single_B
Fra:1 Mem:84.19M (Peak 84.19M) | Time:00:00.02 | Syncing Role_tree_b
Fra:1 Mem:84.19M (Peak 84.19M) | Time:00:00.02 | Syncing tree_single_A.001
Fra:1 Mem:84.21M (Peak 84.21M) | Time:00:00.02 | Syncing Role_tree_a.001
Fra:1 Mem:84.21M (Peak 84.21M) | Time:00:00.02 | Syncing tree_single_B.001
Fra:1 Mem:84.24M (Peak 84.24M) | Time:00:00.02 | Syncing Role_tree_b.001
Fra:1 Mem:84.25M (Peak 84.25M) | Time:00:00.02 | Syncing tree_single_A.002
Fra:1 Mem:84.26M (Peak 84.26M) | Time:00:00.02 | Syncing Role_tree_a.002
Fra:1 Mem:84.26M (Peak 84.26M) | Time:00:00.02 | Syncing tree_single_B.002
Fra:1 Mem:84.30M (Peak 84.30M) | Time:00:00.02 | Syncing Role_tree_b.002
Fra:1 Mem:84.30M (Peak 84.30M) | Time:00:00.02 | Syncing rock_single_C
Fra:1 Mem:84.31M (Peak 84.31M) | Time:00:00.02 | Syncing Role_rock_c
Fra:1 Mem:84.32M (Peak 84.32M) | Time:00:00.02 | Syncing rock_single_E
Fra:1 Mem:84.33M (Peak 84.33M) | Time:00:00.02 | Syncing Role_rock_e
Fra:1 Mem:84.34M (Peak 84.34M) | Time:00:00.02 | Syncing rock_single_C.001
Fra:1 Mem:84.35M (Peak 84.35M) | Time:00:00.02 | Syncing Role_rock_c.001
Fra:1 Mem:84.35M (Peak 84.35M) | Time:00:00.02 | Syncing rock_single_E.001
Fra:1 Mem:84.37M (Peak 84.37M) | Time:00:00.02 | Syncing Role_rock_e.001
Fra:1 Mem:84.37M (Peak 84.37M) | Time:00:00.02 | Syncing CampPath
Fra:1 Mem:84.38M (Peak 84.38M) | Time:00:00.02 | Syncing rock_single_C.002
Fra:1 Mem:84.39M (Peak 84.39M) | Time:00:00.02 | Syncing Role_rock_c.002
Fra:1 Mem:84.40M (Peak 84.40M) | Time:00:00.02 | Syncing rock_single_C.003
Fra:1 Mem:84.40M (Peak 84.40M) | Time:00:00.02 | Syncing Role_rock_c.003
Fra:1 Mem:84.41M (Peak 84.41M) | Time:00:00.02 | Syncing rock_single_C.004
Fra:1 Mem:84.42M (Peak 84.42M) | Time:00:00.02 | Syncing Role_rock_c.004
Fra:1 Mem:84.43M (Peak 84.43M) | Time:00:00.02 | Syncing rock_single_C.005
Fra:1 Mem:84.43M (Peak 84.43M) | Time:00:00.02 | Syncing Role_rock_c.005
Fra:1 Mem:84.44M (Peak 84.44M) | Time:00:00.02 | Syncing rock_single_C.006
Fra:1 Mem:84.45M (Peak 84.45M) | Time:00:00.02 | Syncing Role_rock_c.006
Fra:1 Mem:84.46M (Peak 84.46M) | Time:00:00.02 | Syncing rock_single_C.007
Fra:1 Mem:84.46M (Peak 84.46M) | Time:00:00.02 | Syncing Role_rock_c.007
Fra:1 Mem:84.47M (Peak 84.47M) | Time:00:00.02 | Syncing rock_single_C.008
Fra:1 Mem:84.48M (Peak 84.48M) | Time:00:00.02 | Syncing Role_rock_c.008
Fra:1 Mem:84.49M (Peak 84.49M) | Time:00:00.02 | Syncing rock_single_C.009
Fra:1 Mem:84.50M (Peak 84.50M) | Time:00:00.02 | Syncing Role_rock_c.009
Fra:1 Mem:84.50M (Peak 84.50M) | Time:00:00.02 | Syncing CampHearthLog_0
Fra:1 Mem:84.51M (Peak 84.51M) | Time:00:00.03 | Syncing CampHearthLog_1
Fra:1 Mem:84.52M (Peak 84.52M) | Time:00:00.03 | Syncing CampHearthFlame
Fra:1 Mem:84.53M (Peak 84.53M) | Time:00:00.03 | Syncing CampHearthWarmLight
Fra:1 Mem:84.53M (Peak 84.53M) | Time:00:00.03 | Syncing tent
Fra:1 Mem:84.55M (Peak 84.55M) | Time:00:00.03 | Syncing camp__tent
Fra:1 Mem:84.55M (Peak 84.55M) | Time:00:00.03 | Syncing flag_red
Fra:1 Mem:84.57M (Peak 84.57M) | Time:00:00.03 | Syncing camp__flag_red
Fra:1 Mem:84.57M (Peak 84.57M) | Time:00:00.03 | Syncing crate_A_big
Fra:1 Mem:84.59M (Peak 84.59M) | Time:00:00.03 | Syncing camp__crate_big
Fra:1 Mem:84.60M (Peak 84.60M) | Time:00:00.03 | Syncing crate_A_small
Fra:1 Mem:84.62M (Peak 84.62M) | Time:00:00.03 | Syncing camp__crate_small
Fra:1 Mem:84.62M (Peak 84.62M) | Time:00:00.03 | Syncing resource_lumber
Fra:1 Mem:84.66M (Peak 84.66M) | Time:00:00.03 | Syncing camp__lumber
Fra:1 Mem:84.66M (Peak 84.66M) | Time:00:00.03 | Syncing sack
Fra:1 Mem:84.68M (Peak 84.68M) | Time:00:00.03 | Syncing camp__sack
Fra:1 Mem:84.68M (Peak 84.68M) | Time:00:00.03 | Syncing barrel
Fra:1 Mem:84.72M (Peak 84.72M) | Time:00:00.03 | Syncing camp__barrel
Fra:1 Mem:84.72M (Peak 84.72M) | Time:00:00.03 | Syncing wheelbarrow
Fra:1 Mem:84.78M (Peak 84.78M) | Time:00:00.03 | Syncing camp__wheelbarrow
Fra:1 Mem:84.78M (Peak 84.78M) | Time:00:00.03 | Syncing ShelterPath
Fra:1 Mem:84.79M (Peak 84.79M) | Time:00:00.03 | Syncing building_home_A_green
Fra:1 Mem:84.93M (Peak 84.93M) | Time:00:00.03 | Syncing shelter__house_a
Fra:1 Mem:84.93M (Peak 84.93M) | Time:00:00.03 | Syncing building_home_A_red
Fra:1 Mem:85.06M (Peak 85.06M) | Time:00:00.03 | Syncing shelter__house_c
Fra:1 Mem:85.07M (Peak 85.07M) | Time:00:00.03 | Syncing FoodPath
Fra:1 Mem:85.08M (Peak 85.08M) | Time:00:00.03 | Syncing FoodFieldSoil
Fra:1 Mem:85.12M (Peak 85.12M) | Time:00:00.03 | Syncing FoodCrop_0_0
Fra:1 Mem:85.13M (Peak 85.13M) | Time:00:00.03 | Syncing FoodCrop_0_1
Fra:1 Mem:85.14M (Peak 85.14M) | Time:00:00.03 | Syncing FoodCrop_0_2
Fra:1 Mem:85.15M (Peak 85.15M) | Time:00:00.03 | Syncing FoodCrop_0_3
Fra:1 Mem:85.15M (Peak 85.15M) | Time:00:00.03 | Syncing FoodCrop_0_4
Fra:1 Mem:85.16M (Peak 85.16M) | Time:00:00.03 | Syncing FoodCrop_0_5
Fra:1 Mem:85.17M (Peak 85.17M) | Time:00:00.03 | Syncing FoodCrop_0_6
Fra:1 Mem:85.18M (Peak 85.18M) | Time:00:00.03 | Syncing FoodCrop_1_0
Fra:1 Mem:85.19M (Peak 85.19M) | Time:00:00.03 | Syncing FoodCrop_1_1
Fra:1 Mem:85.19M (Peak 85.19M) | Time:00:00.03 | Syncing FoodCrop_1_2
Fra:1 Mem:85.20M (Peak 85.20M) | Time:00:00.03 | Syncing FoodCrop_1_3
Fra:1 Mem:85.21M (Peak 85.21M) | Time:00:00.03 | Syncing FoodCrop_1_4
Fra:1 Mem:85.22M (Peak 85.22M) | Time:00:00.03 | Syncing FoodCrop_1_5
Fra:1 Mem:85.23M (Peak 85.23M) | Time:00:00.03 | Syncing FoodCrop_1_6
Fra:1 Mem:85.23M (Peak 85.23M) | Time:00:00.03 | Syncing FoodCrop_2_0
Fra:1 Mem:85.24M (Peak 85.24M) | Time:00:00.03 | Syncing FoodCrop_2_1
Fra:1 Mem:85.25M (Peak 85.25M) | Time:00:00.03 | Syncing FoodCrop_2_2
Fra:1 Mem:85.26M (Peak 85.26M) | Time:00:00.03 | Syncing FoodCrop_2_3
Fra:1 Mem:85.27M (Peak 85.27M) | Time:00:00.03 | Syncing FoodCrop_2_4
Fra:1 Mem:85.27M (Peak 85.27M) | Time:00:00.03 | Syncing FoodCrop_2_5
Fra:1 Mem:85.28M (Peak 85.28M) | Time:00:00.03 | Syncing FoodCrop_2_6
Fra:1 Mem:85.29M (Peak 85.29M) | Time:00:00.03 | Syncing FoodCrop_3_0
Fra:1 Mem:85.30M (Peak 85.30M) | Time:00:00.03 | Syncing FoodCrop_3_1
Fra:1 Mem:85.31M (Peak 85.31M) | Time:00:00.03 | Syncing FoodCrop_3_2
Fra:1 Mem:85.31M (Peak 85.31M) | Time:00:00.03 | Syncing FoodCrop_3_3
Fra:1 Mem:85.32M (Peak 85.32M) | Time:00:00.03 | Syncing FoodCrop_3_4
Fra:1 Mem:85.33M (Peak 85.33M) | Time:00:00.03 | Syncing FoodCrop_3_5
Fra:1 Mem:85.34M (Peak 85.34M) | Time:00:00.03 | Syncing FoodCrop_3_6
Fra:1 Mem:85.35M (Peak 85.35M) | Time:00:00.03 | Syncing FoodCrop_4_0
Fra:1 Mem:85.35M (Peak 85.35M) | Time:00:00.03 | Syncing FoodCrop_4_1
Fra:1 Mem:85.36M (Peak 85.36M) | Time:00:00.03 | Syncing FoodCrop_4_2
Fra:1 Mem:85.37M (Peak 85.37M) | Time:00:00.03 | Syncing FoodCrop_4_3
Fra:1 Mem:85.38M (Peak 85.38M) | Time:00:00.03 | Syncing FoodCrop_4_4
Fra:1 Mem:85.39M (Peak 85.39M) | Time:00:00.03 | Syncing FoodCrop_4_5
Fra:1 Mem:85.39M (Peak 85.39M) | Time:00:00.03 | Syncing FoodCrop_4_6
Fra:1 Mem:85.40M (Peak 85.40M) | Time:00:00.03 | Syncing building_grain
Fra:1 Mem:85.44M (Peak 85.44M) | Time:00:00.03 | Syncing food__grain
Fra:1 Mem:85.44M (Peak 85.44M) | Time:00:00.03 | Syncing building_home_B_yellow
Fra:1 Mem:85.62M (Peak 85.62M) | Time:00:00.03 | Syncing food__house_b
Fra:1 Mem:85.63M (Peak 85.63M) | Time:00:00.03 | Syncing sack.001
Fra:1 Mem:85.64M (Peak 85.64M) | Time:00:00.03 | Syncing food__sack
Fra:1 Mem:85.65M (Peak 85.65M) | Time:00:00.03 | Syncing bucket_water
Fra:1 Mem:85.67M (Peak 85.67M) | Time:00:00.03 | Syncing food__bucket_water
Fra:1 Mem:85.67M (Peak 85.67M) | Time:00:00.03 | Syncing fence_wood_straight
Fra:1 Mem:85.71M (Peak 85.71M) | Time:00:00.03 | Syncing food__fence.001
Fra:1 Mem:85.71M (Peak 85.71M) | Time:00:00.03 | Syncing fence_wood_straight.001
Fra:1 Mem:85.74M (Peak 85.74M) | Time:00:00.03 | Syncing food__fence
Fra:1 Mem:85.75M (Peak 85.75M) | Time:00:00.03 | Syncing TimberPath
Fra:1 Mem:85.76M (Peak 85.76M) | Time:00:00.03 | Syncing building_scaffolding
Fra:1 Mem:86.10M (Peak 86.10M) | Time:00:00.03 | Syncing timber__scaffolding
Fra:1 Mem:86.10M (Peak 86.10M) | Time:00:00.03 | Syncing tree_single_A_cut
Fra:1 Mem:86.11M (Peak 86.11M) | Time:00:00.03 | Syncing timber__tree_cut
Fra:1 Mem:86.12M (Peak 86.12M) | Time:00:00.03 | Syncing resource_lumber.001
Fra:1 Mem:86.15M (Peak 86.15M) | Time:00:00.03 | Syncing timber__lumber
Fra:1 Mem:86.15M (Peak 86.15M) | Time:00:00.03 | Syncing resource_lumber.002
Fra:1 Mem:86.19M (Peak 86.19M) | Time:00:00.03 | Syncing timber__lumber.001
Fra:1 Mem:86.19M (Peak 86.19M) | Time:00:00.03 | Syncing pallet
Fra:1 Mem:86.21M (Peak 86.21M) | Time:00:00.03 | Syncing timber__pallet
Fra:1 Mem:86.21M (Peak 86.21M) | Time:00:00.03 | Syncing ladder
Fra:1 Mem:86.26M (Peak 86.26M) | Time:00:00.03 | Syncing timber__ladder
Fra:1 Mem:86.26M (Peak 86.26M) | Time:00:00.03 | Syncing ScoutPath
Fra:1 Mem:86.27M (Peak 86.27M) | Time:00:00.03 | Syncing tent.001
Fra:1 Mem:86.29M (Peak 86.29M) | Time:00:00.03 | Syncing scout__tent
Fra:1 Mem:86.30M (Peak 86.30M) | Time:00:00.03 | Syncing flag_red.001
Fra:1 Mem:86.31M (Peak 86.31M) | Time:00:00.03 | Syncing scout__flag_red
Fra:1 Mem:86.31M (Peak 86.31M) | Time:00:00.03 | Syncing flag_red.002
Fra:1 Mem:86.33M (Peak 86.33M) | Time:00:00.03 | Syncing scout__flag_red.001
Fra:1 Mem:86.33M (Peak 86.33M) | Time:00:00.03 | Syncing target
Fra:1 Mem:86.36M (Peak 86.36M) | Time:00:00.03 | Syncing scout__target
Fra:1 Mem:86.36M (Peak 86.36M) | Time:00:00.03 | Syncing crate_open
Fra:1 Mem:86.40M (Peak 86.40M) | Time:00:00.03 | Syncing scout__crate_open
Fra:1 Mem:86.40M (Peak 86.40M) | Time:00:00.03 | Syncing AurelianVillageV4Sun
Fra:1 Mem:86.40M (Peak 86.40M) | Time:00:00.03 | Syncing VillageV4PortraitCamera
Fra:1 Mem:85.95M (Peak 86.40M) | Time:00:00.04 | Rendering 1 / 64 samples
Fra:1 Mem:83.43M (Peak 86.40M) | Time:00:05.51 | Rendering 26 / 64 samples
Fra:1 Mem:83.43M (Peak 86.40M) | Time:00:10.10 | Rendering 51 / 64 samples
Fra:1 Mem:83.43M (Peak 86.40M) | Time:00:12.49 | Rendering 64 / 64 samples
Saved: '/home/runner/work/_temp/pixel-nations-village-v4-reauthor/render/portrait/stage-05-scout.png'
Time: 00:12.86 (Saving: 00:00.16)

Fra:1 Mem:83.25M (Peak 83.25M) | Time:00:00.02 | Syncing AurelianContinuousTerrain
Fra:1 Mem:84.72M (Peak 84.72M) | Time:00:00.02 | Syncing RiverWater
Fra:1 Mem:84.74M (Peak 84.74M) | Time:00:00.02 | Syncing RoadApproach
Fra:1 Mem:84.75M (Peak 84.75M) | Time:00:00.02 | Syncing building_bridge_A
Fra:1 Mem:84.84M (Peak 84.84M) | Time:00:00.02 | Syncing Role_bridge
Fra:1 Mem:84.84M (Peak 84.84M) | Time:00:00.02 | Syncing tree_single_A
Fra:1 Mem:84.85M (Peak 84.85M) | Time:00:00.02 | Syncing Role_tree_a
Fra:1 Mem:84.86M (Peak 84.86M) | Time:00:00.02 | Syncing tree_single_B
Fra:1 Mem:84.89M (Peak 84.89M) | Time:00:00.02 | Syncing Role_tree_b
Fra:1 Mem:84.89M (Peak 84.89M) | Time:00:00.02 | Syncing tree_single_A.001
Fra:1 Mem:84.91M (Peak 84.91M) | Time:00:00.02 | Syncing Role_tree_a.001
Fra:1 Mem:84.91M (Peak 84.91M) | Time:00:00.02 | Syncing tree_single_B.001
Fra:1 Mem:84.94M (Peak 84.94M) | Time:00:00.02 | Syncing Role_tree_b.001
Fra:1 Mem:84.95M (Peak 84.95M) | Time:00:00.02 | Syncing tree_single_A.002
Fra:1 Mem:84.96M (Peak 84.96M) | Time:00:00.02 | Syncing Role_tree_a.002
Fra:1 Mem:84.96M (Peak 84.96M) | Time:00:00.02 | Syncing tree_single_B.002
Fra:1 Mem:85.00M (Peak 85.00M) | Time:00:00.02 | Syncing Role_tree_b.002
Fra:1 Mem:85.00M (Peak 85.00M) | Time:00:00.02 | Syncing rock_single_C
Fra:1 Mem:85.01M (Peak 85.01M) | Time:00:00.02 | Syncing Role_rock_c
Fra:1 Mem:85.02M (Peak 85.02M) | Time:00:00.02 | Syncing rock_single_E
Fra:1 Mem:85.03M (Peak 85.03M) | Time:00:00.02 | Syncing Role_rock_e
Fra:1 Mem:85.04M (Peak 85.04M) | Time:00:00.02 | Syncing rock_single_C.001
Fra:1 Mem:85.05M (Peak 85.05M) | Time:00:00.02 | Syncing Role_rock_c.001
Fra:1 Mem:85.05M (Peak 85.05M) | Time:00:00.02 | Syncing rock_single_E.001
Fra:1 Mem:85.06M (Peak 85.06M) | Time:00:00.02 | Syncing Role_rock_e.001
Fra:1 Mem:85.07M (Peak 85.07M) | Time:00:00.02 | Syncing CampPath
Fra:1 Mem:85.08M (Peak 85.08M) | Time:00:00.02 | Syncing rock_single_C.002
Fra:1 Mem:85.09M (Peak 85.09M) | Time:00:00.02 | Syncing Role_rock_c.002
Fra:1 Mem:85.09M (Peak 85.09M) | Time:00:00.02 | Syncing rock_single_C.003
Fra:1 Mem:85.10M (Peak 85.10M) | Time:00:00.02 | Syncing Role_rock_c.003
Fra:1 Mem:85.11M (Peak 85.11M) | Time:00:00.02 | Syncing rock_single_C.004
Fra:1 Mem:85.12M (Peak 85.12M) | Time:00:00.02 | Syncing Role_rock_c.004
Fra:1 Mem:85.12M (Peak 85.12M) | Time:00:00.02 | Syncing rock_single_C.005
Fra:1 Mem:85.13M (Peak 85.13M) | Time:00:00.02 | Syncing Role_rock_c.005
Fra:1 Mem:85.14M (Peak 85.14M) | Time:00:00.02 | Syncing rock_single_C.006
Fra:1 Mem:85.15M (Peak 85.15M) | Time:00:00.02 | Syncing Role_rock_c.006
Fra:1 Mem:85.15M (Peak 85.15M) | Time:00:00.02 | Syncing rock_single_C.007
Fra:1 Mem:85.16M (Peak 85.16M) | Time:00:00.02 | Syncing Role_rock_c.007
Fra:1 Mem:85.17M (Peak 85.17M) | Time:00:00.02 | Syncing rock_single_C.008
Fra:1 Mem:85.18M (Peak 85.18M) | Time:00:00.02 | Syncing Role_rock_c.008
Fra:1 Mem:85.19M (Peak 85.19M) | Time:00:00.02 | Syncing rock_single_C.009
Fra:1 Mem:85.20M (Peak 85.20M) | Time:00:00.02 | Syncing Role_rock_c.009
Fra:1 Mem:85.20M (Peak 85.20M) | Time:00:00.02 | Syncing CampHearthLog_0
Fra:1 Mem:85.21M (Peak 85.21M) | Time:00:00.02 | Syncing CampHearthLog_1
Fra:1 Mem:85.22M (Peak 85.22M) | Time:00:00.03 | Syncing CampHearthFlame
Fra:1 Mem:85.23M (Peak 85.23M) | Time:00:00.03 | Syncing CampHearthWarmLight
Fra:1 Mem:85.23M (Peak 85.23M) | Time:00:00.03 | Syncing tent
Fra:1 Mem:85.25M (Peak 85.25M) | Time:00:00.03 | Syncing camp__tent
Fra:1 Mem:85.25M (Peak 85.25M) | Time:00:00.03 | Syncing flag_red
Fra:1 Mem:85.27M (Peak 85.27M) | Time:00:00.03 | Syncing camp__flag_red
Fra:1 Mem:85.27M (Peak 85.27M) | Time:00:00.03 | Syncing crate_A_big
Fra:1 Mem:85.29M (Peak 85.29M) | Time:00:00.03 | Syncing camp__crate_big
Fra:1 Mem:85.30M (Peak 85.30M) | Time:00:00.03 | Syncing crate_A_small
Fra:1 Mem:85.32M (Peak 85.32M) | Time:00:00.03 | Syncing camp__crate_small
Fra:1 Mem:85.32M (Peak 85.32M) | Time:00:00.03 | Syncing resource_lumber
Fra:1 Mem:85.36M (Peak 85.36M) | Time:00:00.03 | Syncing camp__lumber
Fra:1 Mem:85.36M (Peak 85.36M) | Time:00:00.03 | Syncing sack
Fra:1 Mem:85.38M (Peak 85.38M) | Time:00:00.03 | Syncing camp__sack
Fra:1 Mem:85.38M (Peak 85.38M) | Time:00:00.03 | Syncing barrel
Fra:1 Mem:85.42M (Peak 85.42M) | Time:00:00.03 | Syncing camp__barrel
Fra:1 Mem:85.42M (Peak 85.42M) | Time:00:00.03 | Syncing wheelbarrow
Fra:1 Mem:85.48M (Peak 85.48M) | Time:00:00.03 | Syncing camp__wheelbarrow
Fra:1 Mem:85.48M (Peak 85.48M) | Time:00:00.03 | Syncing ShelterPath
Fra:1 Mem:85.49M (Peak 85.49M) | Time:00:00.03 | Syncing building_home_A_green
Fra:1 Mem:85.63M (Peak 85.63M) | Time:00:00.03 | Syncing shelter__house_a
Fra:1 Mem:85.63M (Peak 85.63M) | Time:00:00.03 | Syncing building_home_A_red
Fra:1 Mem:85.76M (Peak 85.76M) | Time:00:00.03 | Syncing shelter__house_c
Fra:1 Mem:85.77M (Peak 85.77M) | Time:00:00.03 | Syncing FoodPath
Fra:1 Mem:85.78M (Peak 85.78M) | Time:00:00.03 | Syncing FoodFieldSoil
Fra:1 Mem:85.82M (Peak 85.82M) | Time:00:00.03 | Syncing FoodCrop_0_0
Fra:1 Mem:85.83M (Peak 85.83M) | Time:00:00.03 | Syncing FoodCrop_0_1
Fra:1 Mem:85.84M (Peak 85.84M) | Time:00:00.03 | Syncing FoodCrop_0_2
Fra:1 Mem:85.85M (Peak 85.85M) | Time:00:00.03 | Syncing FoodCrop_0_3
Fra:1 Mem:85.85M (Peak 85.85M) | Time:00:00.03 | Syncing FoodCrop_0_4
Fra:1 Mem:85.86M (Peak 85.86M) | Time:00:00.03 | Syncing FoodCrop_0_5
Fra:1 Mem:85.87M (Peak 85.87M) | Time:00:00.03 | Syncing FoodCrop_0_6
Fra:1 Mem:85.88M (Peak 85.88M) | Time:00:00.03 | Syncing FoodCrop_1_0
Fra:1 Mem:85.89M (Peak 85.89M) | Time:00:00.03 | Syncing FoodCrop_1_1
Fra:1 Mem:85.89M (Peak 85.89M) | Time:00:00.03 | Syncing FoodCrop_1_2
Fra:1 Mem:85.90M (Peak 85.90M) | Time:00:00.03 | Syncing FoodCrop_1_3
Fra:1 Mem:85.91M (Peak 85.91M) | Time:00:00.03 | Syncing FoodCrop_1_4
Fra:1 Mem:85.92M (Peak 85.92M) | Time:00:00.03 | Syncing FoodCrop_1_5
Fra:1 Mem:85.93M (Peak 85.93M) | Time:00:00.03 | Syncing FoodCrop_1_6
Fra:1 Mem:85.93M (Peak 85.93M) | Time:00:00.03 | Syncing FoodCrop_2_0
Fra:1 Mem:85.94M (Peak 85.94M) | Time:00:00.03 | Syncing FoodCrop_2_1
Fra:1 Mem:85.95M (Peak 85.95M) | Time:00:00.03 | Syncing FoodCrop_2_2
Fra:1 Mem:85.96M (Peak 85.96M) | Time:00:00.03 | Syncing FoodCrop_2_3
Fra:1 Mem:85.97M (Peak 85.97M) | Time:00:00.03 | Syncing FoodCrop_2_4
Fra:1 Mem:85.97M (Peak 85.97M) | Time:00:00.03 | Syncing FoodCrop_2_5
Fra:1 Mem:85.98M (Peak 85.98M) | Time:00:00.03 | Syncing FoodCrop_2_6
Fra:1 Mem:85.99M (Peak 85.99M) | Time:00:00.03 | Syncing FoodCrop_3_0
Fra:1 Mem:86.00M (Peak 86.00M) | Time:00:00.03 | Syncing FoodCrop_3_1
Fra:1 Mem:86.01M (Peak 86.01M) | Time:00:00.03 | Syncing FoodCrop_3_2
Fra:1 Mem:86.01M (Peak 86.01M) | Time:00:00.03 | Syncing FoodCrop_3_3
Fra:1 Mem:86.02M (Peak 86.02M) | Time:00:00.03 | Syncing FoodCrop_3_4
Fra:1 Mem:86.03M (Peak 86.03M) | Time:00:00.03 | Syncing FoodCrop_3_5
Fra:1 Mem:86.04M (Peak 86.04M) | Time:00:00.03 | Syncing FoodCrop_3_6
Fra:1 Mem:86.05M (Peak 86.05M) | Time:00:00.03 | Syncing FoodCrop_4_0
Fra:1 Mem:86.05M (Peak 86.05M) | Time:00:00.03 | Syncing FoodCrop_4_1
Fra:1 Mem:86.06M (Peak 86.06M) | Time:00:00.03 | Syncing FoodCrop_4_2
Fra:1 Mem:86.07M (Peak 86.07M) | Time:00:00.03 | Syncing FoodCrop_4_3
Fra:1 Mem:86.08M (Peak 86.08M) | Time:00:00.03 | Syncing FoodCrop_4_4
Fra:1 Mem:86.09M (Peak 86.09M) | Time:00:00.03 | Syncing FoodCrop_4_5
Fra:1 Mem:86.09M (Peak 86.09M) | Time:00:00.03 | Syncing FoodCrop_4_6
Fra:1 Mem:86.10M (Peak 86.10M) | Time:00:00.03 | Syncing building_grain
Fra:1 Mem:86.14M (Peak 86.14M) | Time:00:00.03 | Syncing food__grain
Fra:1 Mem:86.14M (Peak 86.14M) | Time:00:00.03 | Syncing building_home_B_yellow
Fra:1 Mem:86.32M (Peak 86.32M) | Time:00:00.03 | Syncing food__house_b
Fra:1 Mem:86.33M (Peak 86.33M) | Time:00:00.03 | Syncing sack.001
Fra:1 Mem:86.34M (Peak 86.34M) | Time:00:00.03 | Syncing food__sack
Fra:1 Mem:86.35M (Peak 86.35M) | Time:00:00.03 | Syncing bucket_water
Fra:1 Mem:86.37M (Peak 86.37M) | Time:00:00.03 | Syncing food__bucket_water
Fra:1 Mem:86.37M (Peak 86.37M) | Time:00:00.03 | Syncing fence_wood_straight
Fra:1 Mem:86.41M (Peak 86.41M) | Time:00:00.03 | Syncing food__fence.001
Fra:1 Mem:86.41M (Peak 86.41M) | Time:00:00.03 | Syncing fence_wood_straight.001
Fra:1 Mem:86.44M (Peak 86.44M) | Time:00:00.03 | Syncing food__fence
Fra:1 Mem:86.45M (Peak 86.45M) | Time:00:00.03 | Syncing TimberPath
Fra:1 Mem:86.46M (Peak 86.46M) | Time:00:00.03 | Syncing building_scaffolding
Fra:1 Mem:86.80M (Peak 86.80M) | Time:00:00.03 | Syncing timber__scaffolding
Fra:1 Mem:86.80M (Peak 86.80M) | Time:00:00.03 | Syncing tree_single_A_cut
Fra:1 Mem:86.81M (Peak 86.81M) | Time:00:00.03 | Syncing timber__tree_cut
Fra:1 Mem:86.82M (Peak 86.82M) | Time:00:00.03 | Syncing resource_lumber.001
Fra:1 Mem:86.85M (Peak 86.85M) | Time:00:00.03 | Syncing timber__lumber
Fra:1 Mem:86.85M (Peak 86.85M) | Time:00:00.03 | Syncing resource_lumber.002
Fra:1 Mem:86.89M (Peak 86.89M) | Time:00:00.03 | Syncing timber__lumber.001
Fra:1 Mem:86.89M (Peak 86.89M) | Time:00:00.03 | Syncing pallet
Fra:1 Mem:86.91M (Peak 86.91M) | Time:00:00.03 | Syncing timber__pallet
Fra:1 Mem:86.91M (Peak 86.91M) | Time:00:00.03 | Syncing ladder
Fra:1 Mem:86.96M (Peak 86.96M) | Time:00:00.03 | Syncing timber__ladder
Fra:1 Mem:86.96M (Peak 86.96M) | Time:00:00.03 | Syncing ScoutPath
Fra:1 Mem:86.97M (Peak 86.97M) | Time:00:00.03 | Syncing tent.001
Fra:1 Mem:86.99M (Peak 86.99M) | Time:00:00.03 | Syncing scout__tent
Fra:1 Mem:86.99M (Peak 86.99M) | Time:00:00.03 | Syncing flag_red.001
Fra:1 Mem:87.01M (Peak 87.01M) | Time:00:00.03 | Syncing scout__flag_red
Fra:1 Mem:87.01M (Peak 87.01M) | Time:00:00.03 | Syncing flag_red.002
Fra:1 Mem:87.02M (Peak 87.02M) | Time:00:00.03 | Syncing scout__flag_red.001
Fra:1 Mem:87.03M (Peak 87.03M) | Time:00:00.03 | Syncing target
Fra:1 Mem:87.05M (Peak 87.05M) | Time:00:00.03 | Syncing scout__target
Fra:1 Mem:87.06M (Peak 87.06M) | Time:00:00.03 | Syncing crate_open
Fra:1 Mem:87.09M (Peak 87.09M) | Time:00:00.03 | Syncing scout__crate_open
Fra:1 Mem:87.10M (Peak 87.10M) | Time:00:00.03 | Syncing StorehousePath
Fra:1 Mem:87.11M (Peak 87.11M) | Time:00:00.03 | Syncing building_lumbermill_green
Fra:1 Mem:87.36M (Peak 87.36M) | Time:00:00.03 | Syncing storehouse__storehouse
Fra:1 Mem:87.36M (Peak 87.36M) | Time:00:00.03 | Syncing building_lumbermill_saw_green
Fra:1 Mem:87.41M (Peak 87.41M) | Time:00:00.03 | Syncing building_lumbermill_top_green
Fra:1 Mem:87.58M (Peak 87.58M) | Time:00:00.04 | Syncing building_home_A_red.001
Fra:1 Mem:87.73M (Peak 87.73M) | Time:00:00.04 | Syncing storehouse__house_c
Fra:1 Mem:87.74M (Peak 87.74M) | Time:00:00.04 | Syncing crate_A_big.001
Fra:1 Mem:87.76M (Peak 87.76M) | Time:00:00.04 | Syncing storehouse__crate_big
Fra:1 Mem:87.76M (Peak 87.76M) | Time:00:00.04 | Syncing crate_A_small.001
Fra:1 Mem:87.79M (Peak 87.79M) | Time:00:00.04 | Syncing storehouse__crate_small
Fra:1 Mem:87.79M (Peak 87.79M) | Time:00:00.04 | Syncing barrel.001
Fra:1 Mem:87.83M (Peak 87.83M) | Time:00:00.04 | Syncing storehouse__barrel
Fra:1 Mem:87.83M (Peak 87.83M) | Time:00:00.04 | Syncing AurelianVillageV4Sun
Fra:1 Mem:87.83M (Peak 87.83M) | Time:00:00.04 | Syncing VillageV4PortraitCamera
Fra:1 Mem:87.22M (Peak 87.83M) | Time:00:00.04 | Rendering 1 / 64 samples
Fra:1 Mem:84.26M (Peak 87.83M) | Time:00:05.56 | Rendering 26 / 64 samples
Fra:1 Mem:84.26M (Peak 87.83M) | Time:00:10.19 | Rendering 51 / 64 samples
Fra:1 Mem:84.26M (Peak 87.83M) | Time:00:12.61 | Rendering 64 / 64 samples
Saved: '/home/runner/work/_temp/pixel-nations-village-v4-reauthor/render/portrait/stage-06-storehouse.png'
Time: 00:12.98 (Saving: 00:00.16)

Fra:1 Mem:84.01M (Peak 84.01M) | Time:00:00.02 | Syncing AurelianContinuousTerrain
Fra:1 Mem:85.49M (Peak 85.49M) | Time:00:00.02 | Syncing RiverWater
Fra:1 Mem:85.51M (Peak 85.51M) | Time:00:00.02 | Syncing RoadApproach
Fra:1 Mem:85.52M (Peak 85.52M) | Time:00:00.02 | Syncing building_bridge_A
Fra:1 Mem:85.60M (Peak 85.60M) | Time:00:00.02 | Syncing Role_bridge
Fra:1 Mem:85.61M (Peak 85.61M) | Time:00:00.02 | Syncing tree_single_A
Fra:1 Mem:85.62M (Peak 85.62M) | Time:00:00.02 | Syncing Role_tree_a
Fra:1 Mem:85.62M (Peak 85.62M) | Time:00:00.02 | Syncing tree_single_B
Fra:1 Mem:85.66M (Peak 85.66M) | Time:00:00.02 | Syncing Role_tree_b
Fra:1 Mem:85.66M (Peak 85.66M) | Time:00:00.02 | Syncing tree_single_A.001
Fra:1 Mem:85.67M (Peak 85.67M) | Time:00:00.02 | Syncing Role_tree_a.001
Fra:1 Mem:85.68M (Peak 85.68M) | Time:00:00.02 | Syncing tree_single_B.001
Fra:1 Mem:85.71M (Peak 85.71M) | Time:00:00.02 | Syncing Role_tree_b.001
Fra:1 Mem:85.71M (Peak 85.71M) | Time:00:00.02 | Syncing tree_single_A.002
Fra:1 Mem:85.73M (Peak 85.73M) | Time:00:00.02 | Syncing Role_tree_a.002
Fra:1 Mem:85.73M (Peak 85.73M) | Time:00:00.02 | Syncing tree_single_B.002
Fra:1 Mem:85.76M (Peak 85.76M) | Time:00:00.02 | Syncing Role_tree_b.002
Fra:1 Mem:85.77M (Peak 85.77M) | Time:00:00.02 | Syncing rock_single_C
Fra:1 Mem:85.78M (Peak 85.78M) | Time:00:00.02 | Syncing Role_rock_c
Fra:1 Mem:85.78M (Peak 85.78M) | Time:00:00.02 | Syncing rock_single_E
Fra:1 Mem:85.80M (Peak 85.80M) | Time:00:00.02 | Syncing Role_rock_e
Fra:1 Mem:85.80M (Peak 85.80M) | Time:00:00.02 | Syncing rock_single_C.001
Fra:1 Mem:85.81M (Peak 85.81M) | Time:00:00.02 | Syncing Role_rock_c.001
Fra:1 Mem:85.82M (Peak 85.82M) | Time:00:00.02 | Syncing rock_single_E.001
Fra:1 Mem:85.83M (Peak 85.83M) | Time:00:00.03 | Syncing Role_rock_e.001
Fra:1 Mem:85.84M (Peak 85.84M) | Time:00:00.03 | Syncing CampPath
Fra:1 Mem:85.85M (Peak 85.85M) | Time:00:00.03 | Syncing rock_single_C.002
Fra:1 Mem:85.86M (Peak 85.86M) | Time:00:00.03 | Syncing Role_rock_c.002
Fra:1 Mem:85.86M (Peak 85.86M) | Time:00:00.03 | Syncing rock_single_C.003
Fra:1 Mem:85.87M (Peak 85.87M) | Time:00:00.03 | Syncing Role_rock_c.003
Fra:1 Mem:85.88M (Peak 85.88M) | Time:00:00.03 | Syncing rock_single_C.004
Fra:1 Mem:85.89M (Peak 85.89M) | Time:00:00.03 | Syncing Role_rock_c.004
Fra:1 Mem:85.89M (Peak 85.89M) | Time:00:00.03 | Syncing rock_single_C.005
Fra:1 Mem:85.90M (Peak 85.90M) | Time:00:00.03 | Syncing Role_rock_c.005
Fra:1 Mem:85.91M (Peak 85.91M) | Time:00:00.03 | Syncing rock_single_C.006
Fra:1 Mem:85.92M (Peak 85.92M) | Time:00:00.03 | Syncing Role_rock_c.006
Fra:1 Mem:85.92M (Peak 85.92M) | Time:00:00.03 | Syncing rock_single_C.007
Fra:1 Mem:85.93M (Peak 85.93M) | Time:00:00.03 | Syncing Role_rock_c.007
Fra:1 Mem:85.94M (Peak 85.94M) | Time:00:00.03 | Syncing rock_single_C.008
Fra:1 Mem:85.95M (Peak 85.95M) | Time:00:00.03 | Syncing Role_rock_c.008
Fra:1 Mem:85.95M (Peak 85.95M) | Time:00:00.03 | Syncing rock_single_C.009
Fra:1 Mem:85.96M (Peak 85.96M) | Time:00:00.03 | Syncing Role_rock_c.009
Fra:1 Mem:85.97M (Peak 85.97M) | Time:00:00.03 | Syncing CampHearthLog_0
Fra:1 Mem:85.98M (Peak 85.98M) | Time:00:00.03 | Syncing CampHearthLog_1
Fra:1 Mem:85.99M (Peak 85.99M) | Time:00:00.03 | Syncing CampHearthFlame
Fra:1 Mem:85.99M (Peak 85.99M) | Time:00:00.03 | Syncing CampHearthWarmLight
Fra:1 Mem:86.00M (Peak 86.00M) | Time:00:00.03 | Syncing tent
Fra:1 Mem:86.02M (Peak 86.02M) | Time:00:00.03 | Syncing camp__tent
Fra:1 Mem:86.02M (Peak 86.02M) | Time:00:00.03 | Syncing flag_red
Fra:1 Mem:86.03M (Peak 86.03M) | Time:00:00.03 | Syncing camp__flag_red
Fra:1 Mem:86.04M (Peak 86.04M) | Time:00:00.03 | Syncing crate_A_big
Fra:1 Mem:86.06M (Peak 86.06M) | Time:00:00.03 | Syncing camp__crate_big
Fra:1 Mem:86.06M (Peak 86.06M) | Time:00:00.03 | Syncing crate_A_small
Fra:1 Mem:86.08M (Peak 86.08M) | Time:00:00.03 | Syncing camp__crate_small
Fra:1 Mem:86.09M (Peak 86.09M) | Time:00:00.03 | Syncing resource_lumber
Fra:1 Mem:86.12M (Peak 86.12M) | Time:00:00.03 | Syncing camp__lumber
Fra:1 Mem:86.13M (Peak 86.13M) | Time:00:00.03 | Syncing sack
Fra:1 Mem:86.14M (Peak 86.14M) | Time:00:00.03 | Syncing camp__sack
Fra:1 Mem:86.15M (Peak 86.15M) | Time:00:00.03 | Syncing barrel
Fra:1 Mem:86.18M (Peak 86.18M) | Time:00:00.03 | Syncing camp__barrel
Fra:1 Mem:86.19M (Peak 86.19M) | Time:00:00.03 | Syncing wheelbarrow
Fra:1 Mem:86.24M (Peak 86.24M) | Time:00:00.03 | Syncing camp__wheelbarrow
Fra:1 Mem:86.25M (Peak 86.25M) | Time:00:00.03 | Syncing ShelterPath
Fra:1 Mem:86.26M (Peak 86.26M) | Time:00:00.03 | Syncing building_home_A_green
Fra:1 Mem:86.39M (Peak 86.39M) | Time:00:00.03 | Syncing shelter__house_a
Fra:1 Mem:86.40M (Peak 86.40M) | Time:00:00.03 | Syncing building_home_A_red
Fra:1 Mem:86.53M (Peak 86.53M) | Time:00:00.03 | Syncing shelter__house_c
Fra:1 Mem:86.53M (Peak 86.53M) | Time:00:00.03 | Syncing FoodPath
Fra:1 Mem:86.55M (Peak 86.55M) | Time:00:00.03 | Syncing FoodFieldSoil
Fra:1 Mem:86.59M (Peak 86.59M) | Time:00:00.03 | Syncing FoodCrop_0_0
Fra:1 Mem:86.60M (Peak 86.60M) | Time:00:00.03 | Syncing FoodCrop_0_1
Fra:1 Mem:86.60M (Peak 86.60M) | Time:00:00.03 | Syncing FoodCrop_0_2
Fra:1 Mem:86.61M (Peak 86.61M) | Time:00:00.03 | Syncing FoodCrop_0_3
Fra:1 Mem:86.62M (Peak 86.62M) | Time:00:00.03 | Syncing FoodCrop_0_4
Fra:1 Mem:86.63M (Peak 86.63M) | Time:00:00.03 | Syncing FoodCrop_0_5
Fra:1 Mem:86.64M (Peak 86.64M) | Time:00:00.03 | Syncing FoodCrop_0_6
Fra:1 Mem:86.64M (Peak 86.64M) | Time:00:00.03 | Syncing FoodCrop_1_0
Fra:1 Mem:86.65M (Peak 86.65M) | Time:00:00.03 | Syncing FoodCrop_1_1
Fra:1 Mem:86.66M (Peak 86.66M) | Time:00:00.03 | Syncing FoodCrop_1_2
Fra:1 Mem:86.67M (Peak 86.67M) | Time:00:00.03 | Syncing FoodCrop_1_3
Fra:1 Mem:86.68M (Peak 86.68M) | Time:00:00.03 | Syncing FoodCrop_1_4
Fra:1 Mem:86.68M (Peak 86.68M) | Time:00:00.03 | Syncing FoodCrop_1_5
Fra:1 Mem:86.69M (Peak 86.69M) | Time:00:00.03 | Syncing FoodCrop_1_6
Fra:1 Mem:86.70M (Peak 86.70M) | Time:00:00.03 | Syncing FoodCrop_2_0
Fra:1 Mem:86.71M (Peak 86.71M) | Time:00:00.03 | Syncing FoodCrop_2_1
Fra:1 Mem:86.72M (Peak 86.72M) | Time:00:00.03 | Syncing FoodCrop_2_2
Fra:1 Mem:86.72M (Peak 86.72M) | Time:00:00.03 | Syncing FoodCrop_2_3
Fra:1 Mem:86.73M (Peak 86.73M) | Time:00:00.03 | Syncing FoodCrop_2_4
Fra:1 Mem:86.74M (Peak 86.74M) | Time:00:00.03 | Syncing FoodCrop_2_5
Fra:1 Mem:86.75M (Peak 86.75M) | Time:00:00.03 | Syncing FoodCrop_2_6
Fra:1 Mem:86.76M (Peak 86.76M) | Time:00:00.03 | Syncing FoodCrop_3_0
Fra:1 Mem:86.76M (Peak 86.76M) | Time:00:00.03 | Syncing FoodCrop_3_1
Fra:1 Mem:86.77M (Peak 86.77M) | Time:00:00.03 | Syncing FoodCrop_3_2
Fra:1 Mem:86.78M (Peak 86.78M) | Time:00:00.03 | Syncing FoodCrop_3_3
Fra:1 Mem:86.79M (Peak 86.79M) | Time:00:00.03 | Syncing FoodCrop_3_4
Fra:1 Mem:86.80M (Peak 86.80M) | Time:00:00.03 | Syncing FoodCrop_3_5
Fra:1 Mem:86.80M (Peak 86.80M) | Time:00:00.03 | Syncing FoodCrop_3_6
Fra:1 Mem:86.81M (Peak 86.81M) | Time:00:00.03 | Syncing FoodCrop_4_0
Fra:1 Mem:86.82M (Peak 86.82M) | Time:00:00.03 | Syncing FoodCrop_4_1
Fra:1 Mem:86.83M (Peak 86.83M) | Time:00:00.03 | Syncing FoodCrop_4_2
Fra:1 Mem:86.84M (Peak 86.84M) | Time:00:00.03 | Syncing FoodCrop_4_3
Fra:1 Mem:86.84M (Peak 86.84M) | Time:00:00.03 | Syncing FoodCrop_4_4
Fra:1 Mem:86.85M (Peak 86.85M) | Time:00:00.03 | Syncing FoodCrop_4_5
Fra:1 Mem:86.86M (Peak 86.86M) | Time:00:00.03 | Syncing FoodCrop_4_6
Fra:1 Mem:86.87M (Peak 86.87M) | Time:00:00.03 | Syncing building_grain
Fra:1 Mem:86.90M (Peak 86.90M) | Time:00:00.03 | Syncing food__grain
Fra:1 Mem:86.91M (Peak 86.91M) | Time:00:00.03 | Syncing building_home_B_yellow
Fra:1 Mem:87.09M (Peak 87.09M) | Time:00:00.03 | Syncing food__house_b
Fra:1 Mem:87.09M (Peak 87.09M) | Time:00:00.03 | Syncing sack.001
Fra:1 Mem:87.11M (Peak 87.11M) | Time:00:00.03 | Syncing food__sack
Fra:1 Mem:87.11M (Peak 87.11M) | Time:00:00.03 | Syncing bucket_water
Fra:1 Mem:87.14M (Peak 87.14M) | Time:00:00.03 | Syncing food__bucket_water
Fra:1 Mem:87.14M (Peak 87.14M) | Time:00:00.03 | Syncing fence_wood_straight
Fra:1 Mem:87.17M (Peak 87.17M) | Time:00:00.03 | Syncing food__fence.001
Fra:1 Mem:87.18M (Peak 87.18M) | Time:00:00.03 | Syncing fence_wood_straight.001
Fra:1 Mem:87.21M (Peak 87.21M) | Time:00:00.03 | Syncing food__fence
Fra:1 Mem:87.21M (Peak 87.21M) | Time:00:00.03 | Syncing TimberPath
Fra:1 Mem:87.22M (Peak 87.22M) | Time:00:00.03 | Syncing building_scaffolding
Fra:1 Mem:87.56M (Peak 87.56M) | Time:00:00.03 | Syncing timber__scaffolding
Fra:1 Mem:87.57M (Peak 87.57M) | Time:00:00.03 | Syncing tree_single_A_cut
Fra:1 Mem:87.58M (Peak 87.58M) | Time:00:00.03 | Syncing timber__tree_cut
Fra:1 Mem:87.58M (Peak 87.58M) | Time:00:00.03 | Syncing resource_lumber.001
Fra:1 Mem:87.61M (Peak 87.61M) | Time:00:00.03 | Syncing timber__lumber
Fra:1 Mem:87.62M (Peak 87.62M) | Time:00:00.03 | Syncing resource_lumber.002
Fra:1 Mem:87.65M (Peak 87.65M) | Time:00:00.03 | Syncing timber__lumber.001
Fra:1 Mem:87.66M (Peak 87.66M) | Time:00:00.03 | Syncing pallet
Fra:1 Mem:87.67M (Peak 87.67M) | Time:00:00.04 | Syncing timber__pallet
Fra:1 Mem:87.68M (Peak 87.68M) | Time:00:00.04 | Syncing ladder
Fra:1 Mem:87.72M (Peak 87.72M) | Time:00:00.04 | Syncing timber__ladder
Fra:1 Mem:87.73M (Peak 87.73M) | Time:00:00.04 | Syncing ScoutPath
Fra:1 Mem:87.74M (Peak 87.74M) | Time:00:00.04 | Syncing tent.001
Fra:1 Mem:87.76M (Peak 87.76M) | Time:00:00.04 | Syncing scout__tent
Fra:1 Mem:87.76M (Peak 87.76M) | Time:00:00.04 | Syncing flag_red.001
Fra:1 Mem:87.77M (Peak 87.77M) | Time:00:00.04 | Syncing scout__flag_red
Fra:1 Mem:87.78M (Peak 87.78M) | Time:00:00.04 | Syncing flag_red.002
Fra:1 Mem:87.79M (Peak 87.79M) | Time:00:00.04 | Syncing scout__flag_red.001
Fra:1 Mem:87.79M (Peak 87.79M) | Time:00:00.04 | Syncing target
Fra:1 Mem:87.82M (Peak 87.82M) | Time:00:00.04 | Syncing scout__target
Fra:1 Mem:87.82M (Peak 87.82M) | Time:00:00.04 | Syncing crate_open
Fra:1 Mem:87.86M (Peak 87.86M) | Time:00:00.04 | Syncing scout__crate_open
Fra:1 Mem:87.86M (Peak 87.86M) | Time:00:00.04 | Syncing StorehousePath
Fra:1 Mem:87.88M (Peak 87.88M) | Time:00:00.04 | Syncing building_lumbermill_green
Fra:1 Mem:88.10M (Peak 88.10M) | Time:00:00.04 | Syncing storehouse__storehouse
Fra:1 Mem:88.10M (Peak 88.10M) | Time:00:00.04 | Syncing building_lumbermill_saw_green
Fra:1 Mem:88.15M (Peak 88.15M) | Time:00:00.04 | Syncing building_lumbermill_top_green
Fra:1 Mem:88.30M (Peak 88.30M) | Time:00:00.04 | Syncing building_home_A_red.001
Fra:1 Mem:88.43M (Peak 88.43M) | Time:00:00.04 | Syncing storehouse__house_c
Fra:1 Mem:88.44M (Peak 88.44M) | Time:00:00.04 | Syncing crate_A_big.001
Fra:1 Mem:88.46M (Peak 88.46M) | Time:00:00.04 | Syncing storehouse__crate_big
Fra:1 Mem:88.46M (Peak 88.46M) | Time:00:00.04 | Syncing crate_A_small.001
Fra:1 Mem:88.49M (Peak 88.49M) | Time:00:00.04 | Syncing storehouse__crate_small
Fra:1 Mem:88.49M (Peak 88.49M) | Time:00:00.04 | Syncing barrel.001
Fra:1 Mem:88.53M (Peak 88.53M) | Time:00:00.04 | Syncing storehouse__barrel
Fra:1 Mem:88.53M (Peak 88.53M) | Time:00:00.04 | Syncing MarketPath
Fra:1 Mem:88.55M (Peak 88.55M) | Time:00:00.04 | Syncing MarketCivicPlaza
Fra:1 Mem:88.57M (Peak 88.57M) | Time:00:00.04 | Syncing building_market_yellow
Fra:1 Mem:89.01M (Peak 89.01M) | Time:00:00.04 | Syncing market__market
Fra:1 Mem:89.02M (Peak 89.02M) | Time:00:00.04 | Syncing building_well_blue
Fra:1 Mem:93.14M (Peak 97.03M) | Time:00:00.06 | Syncing market__well
Fra:1 Mem:93.14M (Peak 97.03M) | Time:00:00.06 | Syncing building_home_B_blue
Fra:1 Mem:93.34M (Peak 97.03M) | Time:00:00.06 | Syncing market__house_d
Fra:1 Mem:93.35M (Peak 97.03M) | Time:00:00.06 | Syncing crate_open.001
Fra:1 Mem:93.39M (Peak 97.03M) | Time:00:00.06 | Syncing market__crate_open
Fra:1 Mem:93.40M (Peak 97.03M) | Time:00:00.06 | Syncing building_home_A_yellow
Fra:1 Mem:93.54M (Peak 97.03M) | Time:00:00.06 | Syncing market__house_e
Fra:1 Mem:93.54M (Peak 97.03M) | Time:00:00.06 | Syncing AurelianVillageV4Sun
Fra:1 Mem:93.54M (Peak 97.03M) | Time:00:00.06 | Syncing VillageV4PortraitCamera
Fra:1 Mem:92.70M (Peak 97.03M) | Time:00:00.07 | Rendering 1 / 64 samples
Fra:1 Mem:89.12M (Peak 97.03M) | Time:00:05.85 | Rendering 26 / 64 samples
Fra:1 Mem:89.12M (Peak 97.03M) | Time:00:10.74 | Rendering 51 / 64 samples
Fra:1 Mem:89.12M (Peak 97.03M) | Time:00:13.28 | Rendering 64 / 64 samples
Saved: '/home/runner/work/_temp/pixel-nations-village-v4-reauthor/render/portrait/stage-07-market.png'
Time: 00:13.66 (Saving: 00:00.16)

Fra:1 Mem:88.74M (Peak 88.74M) | Time:00:00.02 | Syncing AurelianContinuousTerrain
Fra:1 Mem:90.22M (Peak 90.22M) | Time:00:00.02 | Syncing RiverWater
Fra:1 Mem:90.23M (Peak 90.23M) | Time:00:00.02 | Syncing RoadApproach
Fra:1 Mem:90.25M (Peak 90.25M) | Time:00:00.02 | Syncing building_bridge_A
Fra:1 Mem:90.33M (Peak 90.33M) | Time:00:00.02 | Syncing Role_bridge
Fra:1 Mem:90.33M (Peak 90.33M) | Time:00:00.02 | Syncing tree_single_A
Fra:1 Mem:90.34M (Peak 90.34M) | Time:00:00.02 | Syncing Role_tree_a
Fra:1 Mem:90.35M (Peak 90.35M) | Time:00:00.02 | Syncing tree_single_B
Fra:1 Mem:90.38M (Peak 90.38M) | Time:00:00.02 | Syncing Role_tree_b
Fra:1 Mem:90.39M (Peak 90.39M) | Time:00:00.02 | Syncing tree_single_A.001
Fra:1 Mem:90.40M (Peak 90.40M) | Time:00:00.02 | Syncing Role_tree_a.001
Fra:1 Mem:90.40M (Peak 90.40M) | Time:00:00.02 | Syncing tree_single_B.001
Fra:1 Mem:90.44M (Peak 90.44M) | Time:00:00.02 | Syncing Role_tree_b.001
Fra:1 Mem:90.44M (Peak 90.44M) | Time:00:00.02 | Syncing tree_single_A.002
Fra:1 Mem:90.45M (Peak 90.45M) | Time:00:00.02 | Syncing Role_tree_a.002
Fra:1 Mem:90.46M (Peak 90.46M) | Time:00:00.02 | Syncing tree_single_B.002
Fra:1 Mem:90.49M (Peak 90.49M) | Time:00:00.02 | Syncing Role_tree_b.002
Fra:1 Mem:90.50M (Peak 90.50M) | Time:00:00.02 | Syncing rock_single_C
Fra:1 Mem:90.51M (Peak 90.51M) | Time:00:00.02 | Syncing Role_rock_c
Fra:1 Mem:90.51M (Peak 90.51M) | Time:00:00.02 | Syncing rock_single_E
Fra:1 Mem:90.52M (Peak 90.52M) | Time:00:00.02 | Syncing Role_rock_e
Fra:1 Mem:90.53M (Peak 90.53M) | Time:00:00.02 | Syncing rock_single_C.001
Fra:1 Mem:90.54M (Peak 90.54M) | Time:00:00.02 | Syncing Role_rock_c.001
Fra:1 Mem:90.54M (Peak 90.54M) | Time:00:00.02 | Syncing rock_single_E.001
Fra:1 Mem:90.56M (Peak 90.56M) | Time:00:00.02 | Syncing Role_rock_e.001
Fra:1 Mem:90.56M (Peak 90.56M) | Time:00:00.02 | Syncing CampPath
Fra:1 Mem:90.57M (Peak 90.57M) | Time:00:00.02 | Syncing rock_single_C.002
Fra:1 Mem:90.58M (Peak 90.58M) | Time:00:00.02 | Syncing Role_rock_c.002
Fra:1 Mem:90.59M (Peak 90.59M) | Time:00:00.02 | Syncing rock_single_C.003
Fra:1 Mem:90.60M (Peak 90.60M) | Time:00:00.03 | Syncing Role_rock_c.003
Fra:1 Mem:90.60M (Peak 90.60M) | Time:00:00.03 | Syncing rock_single_C.004
Fra:1 Mem:90.61M (Peak 90.61M) | Time:00:00.03 | Syncing Role_rock_c.004
Fra:1 Mem:90.62M (Peak 90.62M) | Time:00:00.03 | Syncing rock_single_C.005
Fra:1 Mem:90.63M (Peak 90.63M) | Time:00:00.03 | Syncing Role_rock_c.005
Fra:1 Mem:90.63M (Peak 90.63M) | Time:00:00.03 | Syncing rock_single_C.006
Fra:1 Mem:90.64M (Peak 90.64M) | Time:00:00.03 | Syncing Role_rock_c.006
Fra:1 Mem:90.65M (Peak 90.65M) | Time:00:00.03 | Syncing rock_single_C.007
Fra:1 Mem:90.66M (Peak 90.66M) | Time:00:00.03 | Syncing Role_rock_c.007
Fra:1 Mem:90.66M (Peak 90.66M) | Time:00:00.03 | Syncing rock_single_C.008
Fra:1 Mem:90.67M (Peak 90.67M) | Time:00:00.03 | Syncing Role_rock_c.008
Fra:1 Mem:90.68M (Peak 90.68M) | Time:00:00.03 | Syncing rock_single_C.009
Fra:1 Mem:90.69M (Peak 90.69M) | Time:00:00.03 | Syncing Role_rock_c.009
Fra:1 Mem:90.69M (Peak 90.69M) | Time:00:00.03 | Syncing CampHearthLog_0
Fra:1 Mem:90.70M (Peak 90.70M) | Time:00:00.03 | Syncing CampHearthLog_1
Fra:1 Mem:90.71M (Peak 90.71M) | Time:00:00.03 | Syncing CampHearthFlame
Fra:1 Mem:90.72M (Peak 90.72M) | Time:00:00.03 | Syncing CampHearthWarmLight
Fra:1 Mem:90.73M (Peak 90.73M) | Time:00:00.03 | Syncing tent
Fra:1 Mem:90.74M (Peak 90.74M) | Time:00:00.03 | Syncing camp__tent
Fra:1 Mem:90.75M (Peak 90.75M) | Time:00:00.03 | Syncing flag_red
Fra:1 Mem:90.76M (Peak 90.76M) | Time:00:00.03 | Syncing camp__flag_red
Fra:1 Mem:90.76M (Peak 90.76M) | Time:00:00.03 | Syncing crate_A_big
Fra:1 Mem:90.79M (Peak 90.79M) | Time:00:00.03 | Syncing camp__crate_big
Fra:1 Mem:90.79M (Peak 90.79M) | Time:00:00.03 | Syncing crate_A_small
Fra:1 Mem:90.81M (Peak 90.81M) | Time:00:00.03 | Syncing camp__crate_small
Fra:1 Mem:90.82M (Peak 90.82M) | Time:00:00.03 | Syncing resource_lumber
Fra:1 Mem:90.85M (Peak 90.85M) | Time:00:00.03 | Syncing camp__lumber
Fra:1 Mem:90.85M (Peak 90.85M) | Time:00:00.03 | Syncing sack
Fra:1 Mem:90.87M (Peak 90.87M) | Time:00:00.03 | Syncing camp__sack
Fra:1 Mem:90.88M (Peak 90.88M) | Time:00:00.03 | Syncing barrel
Fra:1 Mem:90.91M (Peak 90.91M) | Time:00:00.03 | Syncing camp__barrel
Fra:1 Mem:90.92M (Peak 90.92M) | Time:00:00.03 | Syncing wheelbarrow
Fra:1 Mem:90.97M (Peak 90.97M) | Time:00:00.03 | Syncing camp__wheelbarrow
Fra:1 Mem:90.98M (Peak 90.98M) | Time:00:00.03 | Syncing ShelterPath
Fra:1 Mem:90.99M (Peak 90.99M) | Time:00:00.03 | Syncing building_home_A_green
Fra:1 Mem:91.12M (Peak 91.12M) | Time:00:00.03 | Syncing shelter__house_a
Fra:1 Mem:91.12M (Peak 91.12M) | Time:00:00.03 | Syncing building_home_A_red
Fra:1 Mem:91.26M (Peak 91.26M) | Time:00:00.03 | Syncing shelter__house_c
Fra:1 Mem:91.26M (Peak 91.26M) | Time:00:00.03 | Syncing FoodPath
Fra:1 Mem:91.27M (Peak 91.27M) | Time:00:00.03 | Syncing FoodFieldSoil
Fra:1 Mem:91.31M (Peak 91.31M) | Time:00:00.03 | Syncing FoodCrop_0_0
Fra:1 Mem:91.32M (Peak 91.32M) | Time:00:00.03 | Syncing FoodCrop_0_1
Fra:1 Mem:91.33M (Peak 91.33M) | Time:00:00.03 | Syncing FoodCrop_0_2
Fra:1 Mem:91.34M (Peak 91.34M) | Time:00:00.03 | Syncing FoodCrop_0_3
Fra:1 Mem:91.35M (Peak 91.35M) | Time:00:00.03 | Syncing FoodCrop_0_4
Fra:1 Mem:91.36M (Peak 91.36M) | Time:00:00.03 | Syncing FoodCrop_0_5
Fra:1 Mem:91.36M (Peak 91.36M) | Time:00:00.03 | Syncing FoodCrop_0_6
Fra:1 Mem:91.37M (Peak 91.37M) | Time:00:00.03 | Syncing FoodCrop_1_0
Fra:1 Mem:91.38M (Peak 91.38M) | Time:00:00.03 | Syncing FoodCrop_1_1
Fra:1 Mem:91.39M (Peak 91.39M) | Time:00:00.03 | Syncing FoodCrop_1_2
Fra:1 Mem:91.39M (Peak 91.39M) | Time:00:00.03 | Syncing FoodCrop_1_3
Fra:1 Mem:91.40M (Peak 91.40M) | Time:00:00.03 | Syncing FoodCrop_1_4
Fra:1 Mem:91.41M (Peak 91.41M) | Time:00:00.03 | Syncing FoodCrop_1_5
Fra:1 Mem:91.42M (Peak 91.42M) | Time:00:00.03 | Syncing FoodCrop_1_6
Fra:1 Mem:91.43M (Peak 91.43M) | Time:00:00.03 | Syncing FoodCrop_2_0
Fra:1 Mem:91.43M (Peak 91.43M) | Time:00:00.03 | Syncing FoodCrop_2_1
Fra:1 Mem:91.44M (Peak 91.44M) | Time:00:00.03 | Syncing FoodCrop_2_2
Fra:1 Mem:91.45M (Peak 91.45M) | Time:00:00.03 | Syncing FoodCrop_2_3
Fra:1 Mem:91.46M (Peak 91.46M) | Time:00:00.03 | Syncing FoodCrop_2_4
Fra:1 Mem:91.47M (Peak 91.47M) | Time:00:00.03 | Syncing FoodCrop_2_5
Fra:1 Mem:91.47M (Peak 91.47M) | Time:00:00.03 | Syncing FoodCrop_2_6
Fra:1 Mem:91.48M (Peak 91.48M) | Time:00:00.03 | Syncing FoodCrop_3_0
Fra:1 Mem:91.49M (Peak 91.49M) | Time:00:00.03 | Syncing FoodCrop_3_1
Fra:1 Mem:91.50M (Peak 91.50M) | Time:00:00.03 | Syncing FoodCrop_3_2
Fra:1 Mem:91.51M (Peak 91.51M) | Time:00:00.03 | Syncing FoodCrop_3_3
Fra:1 Mem:91.51M (Peak 91.51M) | Time:00:00.03 | Syncing FoodCrop_3_4
Fra:1 Mem:91.52M (Peak 91.52M) | Time:00:00.03 | Syncing FoodCrop_3_5
Fra:1 Mem:91.53M (Peak 91.53M) | Time:00:00.03 | Syncing FoodCrop_3_6
Fra:1 Mem:91.54M (Peak 91.54M) | Time:00:00.03 | Syncing FoodCrop_4_0
Fra:1 Mem:91.55M (Peak 91.55M) | Time:00:00.03 | Syncing FoodCrop_4_1
Fra:1 Mem:91.56M (Peak 91.56M) | Time:00:00.03 | Syncing FoodCrop_4_2
Fra:1 Mem:91.56M (Peak 91.56M) | Time:00:00.03 | Syncing FoodCrop_4_3
Fra:1 Mem:91.57M (Peak 91.57M) | Time:00:00.03 | Syncing FoodCrop_4_4
Fra:1 Mem:91.58M (Peak 91.58M) | Time:00:00.03 | Syncing FoodCrop_4_5
Fra:1 Mem:91.59M (Peak 91.59M) | Time:00:00.03 | Syncing FoodCrop_4_6
Fra:1 Mem:91.60M (Peak 91.60M) | Time:00:00.03 | Syncing building_grain
Fra:1 Mem:91.63M (Peak 91.63M) | Time:00:00.03 | Syncing food__grain
Fra:1 Mem:91.63M (Peak 91.63M) | Time:00:00.03 | Syncing building_home_B_yellow
Fra:1 Mem:91.82M (Peak 91.82M) | Time:00:00.03 | Syncing food__house_b
Fra:1 Mem:91.82M (Peak 91.82M) | Time:00:00.03 | Syncing sack.001
Fra:1 Mem:91.84M (Peak 91.84M) | Time:00:00.03 | Syncing food__sack
Fra:1 Mem:91.84M (Peak 91.84M) | Time:00:00.03 | Syncing bucket_water
Fra:1 Mem:91.86M (Peak 91.86M) | Time:00:00.03 | Syncing food__bucket_water
Fra:1 Mem:91.87M (Peak 91.87M) | Time:00:00.03 | Syncing fence_wood_straight
Fra:1 Mem:91.90M (Peak 91.90M) | Time:00:00.03 | Syncing food__fence.001
Fra:1 Mem:91.90M (Peak 91.90M) | Time:00:00.03 | Syncing fence_wood_straight.001
Fra:1 Mem:91.94M (Peak 91.94M) | Time:00:00.03 | Syncing food__fence
Fra:1 Mem:91.94M (Peak 91.94M) | Time:00:00.03 | Syncing TimberPath
Fra:1 Mem:91.95M (Peak 91.95M) | Time:00:00.03 | Syncing building_scaffolding
Fra:1 Mem:92.29M (Peak 92.29M) | Time:00:00.03 | Syncing timber__scaffolding
Fra:1 Mem:92.30M (Peak 92.30M) | Time:00:00.03 | Syncing tree_single_A_cut
Fra:1 Mem:92.30M (Peak 92.30M) | Time:00:00.03 | Syncing timber__tree_cut
Fra:1 Mem:92.31M (Peak 92.31M) | Time:00:00.03 | Syncing resource_lumber.001
Fra:1 Mem:92.34M (Peak 92.34M) | Time:00:00.03 | Syncing timber__lumber
Fra:1 Mem:92.35M (Peak 92.35M) | Time:00:00.03 | Syncing resource_lumber.002
Fra:1 Mem:92.38M (Peak 92.38M) | Time:00:00.03 | Syncing timber__lumber.001
Fra:1 Mem:92.39M (Peak 92.39M) | Time:00:00.03 | Syncing pallet
Fra:1 Mem:92.40M (Peak 92.40M) | Time:00:00.03 | Syncing timber__pallet
Fra:1 Mem:92.40M (Peak 92.40M) | Time:00:00.03 | Syncing ladder
Fra:1 Mem:92.45M (Peak 92.45M) | Time:00:00.03 | Syncing timber__ladder
Fra:1 Mem:92.46M (Peak 92.46M) | Time:00:00.03 | Syncing ScoutPath
Fra:1 Mem:92.47M (Peak 92.47M) | Time:00:00.03 | Syncing tent.001
Fra:1 Mem:92.48M (Peak 92.48M) | Time:00:00.03 | Syncing scout__tent
Fra:1 Mem:92.49M (Peak 92.49M) | Time:00:00.03 | Syncing flag_red.001
Fra:1 Mem:92.50M (Peak 92.50M) | Time:00:00.03 | Syncing scout__flag_red
Fra:1 Mem:92.50M (Peak 92.50M) | Time:00:00.03 | Syncing flag_red.002
Fra:1 Mem:92.51M (Peak 92.51M) | Time:00:00.03 | Syncing scout__flag_red.001
Fra:1 Mem:92.52M (Peak 92.52M) | Time:00:00.03 | Syncing target
Fra:1 Mem:92.54M (Peak 92.54M) | Time:00:00.03 | Syncing scout__target
Fra:1 Mem:92.55M (Peak 92.55M) | Time:00:00.03 | Syncing crate_open
Fra:1 Mem:92.59M (Peak 92.59M) | Time:00:00.03 | Syncing scout__crate_open
Fra:1 Mem:92.59M (Peak 92.59M) | Time:00:00.03 | Syncing StorehousePath
Fra:1 Mem:92.60M (Peak 92.60M) | Time:00:00.03 | Syncing building_lumbermill_green
Fra:1 Mem:92.82M (Peak 92.82M) | Time:00:00.04 | Syncing storehouse__storehouse
Fra:1 Mem:92.83M (Peak 92.83M) | Time:00:00.04 | Syncing building_lumbermill_saw_green
Fra:1 Mem:92.88M (Peak 92.88M) | Time:00:00.04 | Syncing building_lumbermill_top_green
Fra:1 Mem:93.03M (Peak 93.03M) | Time:00:00.04 | Syncing building_home_A_red.001
Fra:1 Mem:93.16M (Peak 93.16M) | Time:00:00.04 | Syncing storehouse__house_c
Fra:1 Mem:93.16M (Peak 93.16M) | Time:00:00.04 | Syncing crate_A_big.001
Fra:1 Mem:93.19M (Peak 93.19M) | Time:00:00.04 | Syncing storehouse__crate_big
Fra:1 Mem:93.19M (Peak 93.19M) | Time:00:00.04 | Syncing crate_A_small.001
Fra:1 Mem:93.21M (Peak 93.21M) | Time:00:00.04 | Syncing storehouse__crate_small
Fra:1 Mem:93.22M (Peak 93.22M) | Time:00:00.04 | Syncing barrel.001
Fra:1 Mem:93.25M (Peak 93.25M) | Time:00:00.04 | Syncing storehouse__barrel
Fra:1 Mem:93.26M (Peak 93.26M) | Time:00:00.04 | Syncing MarketPath
Fra:1 Mem:93.27M (Peak 93.27M) | Time:00:00.04 | Syncing MarketCivicPlaza
Fra:1 Mem:93.29M (Peak 93.29M) | Time:00:00.04 | Syncing building_market_yellow
Fra:1 Mem:93.69M (Peak 93.69M) | Time:00:00.04 | Syncing market__market
Fra:1 Mem:93.69M (Peak 93.69M) | Time:00:00.04 | Syncing building_well_blue
Fra:1 Mem:93.79M (Peak 93.79M) | Time:00:00.04 | Syncing market__well
Fra:1 Mem:93.80M (Peak 93.80M) | Time:00:00.04 | Syncing building_home_B_blue
Fra:1 Mem:93.98M (Peak 93.98M) | Time:00:00.04 | Syncing market__house_d
Fra:1 Mem:93.98M (Peak 93.98M) | Time:00:00.04 | Syncing crate_open.001
Fra:1 Mem:94.02M (Peak 94.02M) | Time:00:00.04 | Syncing market__crate_open
Fra:1 Mem:94.02M (Peak 94.02M) | Time:00:00.04 | Syncing building_home_A_yellow
Fra:1 Mem:94.16M (Peak 94.16M) | Time:00:00.04 | Syncing market__house_e
Fra:1 Mem:94.16M (Peak 94.16M) | Time:00:00.04 | Syncing WatchPath
Fra:1 Mem:94.17M (Peak 94.17M) | Time:00:00.04 | Syncing building_tower_A_red
Fra:1 Mem:94.39M (Peak 94.39M) | Time:00:00.04 | Syncing watch__tower
Fra:1 Mem:94.40M (Peak 94.40M) | Time:00:00.04 | Syncing building_tower_A_top_red
Fra:1 Mem:94.49M (Peak 94.49M) | Time:00:00.04 | Syncing building_barracks_blue
Fra:1 Mem:95.06M (Peak 95.06M) | Time:00:00.04 | Syncing watch__barracks
Fra:1 Mem:95.07M (Peak 95.07M) | Time:00:00.04 | Syncing fence_wood_straight.002
Fra:1 Mem:95.10M (Peak 95.10M) | Time:00:00.04 | Syncing watch__fence
Fra:1 Mem:95.11M (Peak 95.11M) | Time:00:00.04 | Syncing fence_wood_straight.003
Fra:1 Mem:95.14M (Peak 95.14M) | Time:00:00.04 | Syncing watch__fence.001
Fra:1 Mem:95.14M (Peak 95.14M) | Time:00:00.04 | Syncing AurelianVillageV4Sun
Fra:1 Mem:95.14M (Peak 95.14M) | Time:00:00.04 | Syncing VillageV4PortraitCamera
Fra:1 Mem:94.07M (Peak 95.14M) | Time:00:00.05 | Rendering 1 / 64 samples
Fra:1 Mem:89.89M (Peak 95.14M) | Time:00:06.10 | Rendering 26 / 64 samples
Fra:1 Mem:89.89M (Peak 95.14M) | Time:00:11.25 | Rendering 51 / 64 samples
Fra:1 Mem:89.89M (Peak 95.14M) | Time:00:13.93 | Rendering 64 / 64 samples
Saved: '/home/runner/work/_temp/pixel-nations-village-v4-reauthor/render/portrait/stage-08-watch.png'
Time: 00:14.32 (Saving: 00:00.16)

Fra:1 Mem:89.33M (Peak 89.33M) | Time:00:00.02 | Syncing AurelianContinuousTerrain
Fra:1 Mem:90.81M (Peak 90.81M) | Time:00:00.02 | Syncing RiverWater
Fra:1 Mem:90.82M (Peak 90.82M) | Time:00:00.02 | Syncing RoadApproach
Fra:1 Mem:90.84M (Peak 90.84M) | Time:00:00.02 | Syncing building_bridge_A
Fra:1 Mem:90.92M (Peak 90.92M) | Time:00:00.02 | Syncing Role_bridge
Fra:1 Mem:90.92M (Peak 90.92M) | Time:00:00.02 | Syncing tree_single_A
Fra:1 Mem:90.94M (Peak 90.94M) | Time:00:00.02 | Syncing Role_tree_a
Fra:1 Mem:90.94M (Peak 90.94M) | Time:00:00.02 | Syncing tree_single_B
Fra:1 Mem:90.97M (Peak 90.97M) | Time:00:00.03 | Syncing Role_tree_b
Fra:1 Mem:90.98M (Peak 90.98M) | Time:00:00.03 | Syncing tree_single_A.001
Fra:1 Mem:90.99M (Peak 90.99M) | Time:00:00.03 | Syncing Role_tree_a.001
Fra:1 Mem:90.99M (Peak 90.99M) | Time:00:00.03 | Syncing tree_single_B.001
Fra:1 Mem:91.03M (Peak 91.03M) | Time:00:00.03 | Syncing Role_tree_b.001
Fra:1 Mem:91.03M (Peak 91.03M) | Time:00:00.03 | Syncing tree_single_A.002
Fra:1 Mem:91.04M (Peak 91.04M) | Time:00:00.03 | Syncing Role_tree_a.002
Fra:1 Mem:91.05M (Peak 91.05M) | Time:00:00.03 | Syncing tree_single_B.002
Fra:1 Mem:91.08M (Peak 91.08M) | Time:00:00.03 | Syncing Role_tree_b.002
Fra:1 Mem:91.09M (Peak 91.09M) | Time:00:00.03 | Syncing rock_single_C
Fra:1 Mem:91.10M (Peak 91.10M) | Time:00:00.03 | Syncing Role_rock_c
Fra:1 Mem:91.10M (Peak 91.10M) | Time:00:00.03 | Syncing rock_single_E
Fra:1 Mem:91.11M (Peak 91.11M) | Time:00:00.03 | Syncing Role_rock_e
Fra:1 Mem:91.12M (Peak 91.12M) | Time:00:00.03 | Syncing rock_single_C.001
Fra:1 Mem:91.13M (Peak 91.13M) | Time:00:00.03 | Syncing Role_rock_c.001
Fra:1 Mem:91.13M (Peak 91.13M) | Time:00:00.03 | Syncing rock_single_E.001
Fra:1 Mem:91.15M (Peak 91.15M) | Time:00:00.03 | Syncing Role_rock_e.001
Fra:1 Mem:91.15M (Peak 91.15M) | Time:00:00.03 | Syncing CampPath
Fra:1 Mem:91.16M (Peak 91.16M) | Time:00:00.03 | Syncing rock_single_C.002
Fra:1 Mem:91.17M (Peak 91.17M) | Time:00:00.03 | Syncing Role_rock_c.002
Fra:1 Mem:91.18M (Peak 91.18M) | Time:00:00.03 | Syncing rock_single_C.003
Fra:1 Mem:91.19M (Peak 91.19M) | Time:00:00.03 | Syncing Role_rock_c.003
Fra:1 Mem:91.19M (Peak 91.19M) | Time:00:00.03 | Syncing rock_single_C.004
Fra:1 Mem:91.20M (Peak 91.20M) | Time:00:00.03 | Syncing Role_rock_c.004
Fra:1 Mem:91.21M (Peak 91.21M) | Time:00:00.03 | Syncing rock_single_C.005
Fra:1 Mem:91.22M (Peak 91.22M) | Time:00:00.03 | Syncing Role_rock_c.005
Fra:1 Mem:91.22M (Peak 91.22M) | Time:00:00.03 | Syncing rock_single_C.006
Fra:1 Mem:91.23M (Peak 91.23M) | Time:00:00.03 | Syncing Role_rock_c.006
Fra:1 Mem:91.24M (Peak 91.24M) | Time:00:00.03 | Syncing rock_single_C.007
Fra:1 Mem:91.25M (Peak 91.25M) | Time:00:00.03 | Syncing Role_rock_c.007
Fra:1 Mem:91.25M (Peak 91.25M) | Time:00:00.03 | Syncing rock_single_C.008
Fra:1 Mem:91.26M (Peak 91.26M) | Time:00:00.03 | Syncing Role_rock_c.008
Fra:1 Mem:91.27M (Peak 91.27M) | Time:00:00.03 | Syncing rock_single_C.009
Fra:1 Mem:91.28M (Peak 91.28M) | Time:00:00.03 | Syncing Role_rock_c.009
Fra:1 Mem:91.28M (Peak 91.28M) | Time:00:00.03 | Syncing CampHearthLog_0
Fra:1 Mem:91.29M (Peak 91.29M) | Time:00:00.03 | Syncing CampHearthLog_1
Fra:1 Mem:91.30M (Peak 91.30M) | Time:00:00.03 | Syncing CampHearthFlame
Fra:1 Mem:91.31M (Peak 91.31M) | Time:00:00.03 | Syncing CampHearthWarmLight
Fra:1 Mem:91.32M (Peak 91.32M) | Time:00:00.03 | Syncing tent
Fra:1 Mem:91.33M (Peak 91.33M) | Time:00:00.03 | Syncing camp__tent
Fra:1 Mem:91.34M (Peak 91.34M) | Time:00:00.03 | Syncing flag_red
Fra:1 Mem:91.35M (Peak 91.35M) | Time:00:00.03 | Syncing camp__flag_red
Fra:1 Mem:91.35M (Peak 91.35M) | Time:00:00.03 | Syncing crate_A_big
Fra:1 Mem:91.38M (Peak 91.38M) | Time:00:00.03 | Syncing camp__crate_big
Fra:1 Mem:91.38M (Peak 91.38M) | Time:00:00.03 | Syncing crate_A_small
Fra:1 Mem:91.40M (Peak 91.40M) | Time:00:00.03 | Syncing camp__crate_small
Fra:1 Mem:91.41M (Peak 91.41M) | Time:00:00.03 | Syncing resource_lumber
Fra:1 Mem:91.44M (Peak 91.44M) | Time:00:00.03 | Syncing camp__lumber
Fra:1 Mem:91.45M (Peak 91.45M) | Time:00:00.03 | Syncing sack
Fra:1 Mem:91.46M (Peak 91.46M) | Time:00:00.03 | Syncing camp__sack
Fra:1 Mem:91.47M (Peak 91.47M) | Time:00:00.03 | Syncing barrel
Fra:1 Mem:91.50M (Peak 91.50M) | Time:00:00.03 | Syncing camp__barrel
Fra:1 Mem:91.51M (Peak 91.51M) | Time:00:00.03 | Syncing wheelbarrow
Fra:1 Mem:91.56M (Peak 91.56M) | Time:00:00.03 | Syncing camp__wheelbarrow
Fra:1 Mem:91.57M (Peak 91.57M) | Time:00:00.03 | Syncing ShelterPath
Fra:1 Mem:91.58M (Peak 91.58M) | Time:00:00.03 | Syncing building_home_A_green
Fra:1 Mem:91.71M (Peak 91.71M) | Time:00:00.03 | Syncing shelter__house_a
Fra:1 Mem:91.71M (Peak 91.71M) | Time:00:00.03 | Syncing building_home_A_red
Fra:1 Mem:91.85M (Peak 91.85M) | Time:00:00.03 | Syncing shelter__house_c
Fra:1 Mem:91.85M (Peak 91.85M) | Time:00:00.03 | Syncing FoodPath
Fra:1 Mem:91.86M (Peak 91.86M) | Time:00:00.03 | Syncing FoodFieldSoil
Fra:1 Mem:91.90M (Peak 91.90M) | Time:00:00.03 | Syncing FoodCrop_0_0
Fra:1 Mem:91.91M (Peak 91.91M) | Time:00:00.03 | Syncing FoodCrop_0_1
Fra:1 Mem:91.92M (Peak 91.92M) | Time:00:00.03 | Syncing FoodCrop_0_2
Fra:1 Mem:91.93M (Peak 91.93M) | Time:00:00.03 | Syncing FoodCrop_0_3
Fra:1 Mem:91.94M (Peak 91.94M) | Time:00:00.03 | Syncing FoodCrop_0_4
Fra:1 Mem:91.95M (Peak 91.95M) | Time:00:00.03 | Syncing FoodCrop_0_5
Fra:1 Mem:91.95M (Peak 91.95M) | Time:00:00.03 | Syncing FoodCrop_0_6
Fra:1 Mem:91.96M (Peak 91.96M) | Time:00:00.03 | Syncing FoodCrop_1_0
Fra:1 Mem:91.97M (Peak 91.97M) | Time:00:00.03 | Syncing FoodCrop_1_1
Fra:1 Mem:91.98M (Peak 91.98M) | Time:00:00.03 | Syncing FoodCrop_1_2
Fra:1 Mem:91.99M (Peak 91.99M) | Time:00:00.03 | Syncing FoodCrop_1_3
Fra:1 Mem:91.99M (Peak 91.99M) | Time:00:00.03 | Syncing FoodCrop_1_4
Fra:1 Mem:92.00M (Peak 92.00M) | Time:00:00.03 | Syncing FoodCrop_1_5
Fra:1 Mem:92.01M (Peak 92.01M) | Time:00:00.03 | Syncing FoodCrop_1_6
Fra:1 Mem:92.02M (Peak 92.02M) | Time:00:00.03 | Syncing FoodCrop_2_0
Fra:1 Mem:92.03M (Peak 92.03M) | Time:00:00.03 | Syncing FoodCrop_2_1
Fra:1 Mem:92.03M (Peak 92.03M) | Time:00:00.03 | Syncing FoodCrop_2_2
Fra:1 Mem:92.04M (Peak 92.04M) | Time:00:00.03 | Syncing FoodCrop_2_3
Fra:1 Mem:92.05M (Peak 92.05M) | Time:00:00.03 | Syncing FoodCrop_2_4
Fra:1 Mem:92.06M (Peak 92.06M) | Time:00:00.03 | Syncing FoodCrop_2_5
Fra:1 Mem:92.06M (Peak 92.06M) | Time:00:00.03 | Syncing FoodCrop_2_6
Fra:1 Mem:92.07M (Peak 92.07M) | Time:00:00.03 | Syncing FoodCrop_3_0
Fra:1 Mem:92.08M (Peak 92.08M) | Time:00:00.03 | Syncing FoodCrop_3_1
Fra:1 Mem:92.09M (Peak 92.09M) | Time:00:00.03 | Syncing FoodCrop_3_2
Fra:1 Mem:92.10M (Peak 92.10M) | Time:00:00.03 | Syncing FoodCrop_3_3
Fra:1 Mem:92.10M (Peak 92.10M) | Time:00:00.03 | Syncing FoodCrop_3_4
Fra:1 Mem:92.11M (Peak 92.11M) | Time:00:00.03 | Syncing FoodCrop_3_5
Fra:1 Mem:92.12M (Peak 92.12M) | Time:00:00.03 | Syncing FoodCrop_3_6
Fra:1 Mem:92.13M (Peak 92.13M) | Time:00:00.03 | Syncing FoodCrop_4_0
Fra:1 Mem:92.14M (Peak 92.14M) | Time:00:00.03 | Syncing FoodCrop_4_1
Fra:1 Mem:92.15M (Peak 92.15M) | Time:00:00.03 | Syncing FoodCrop_4_2
Fra:1 Mem:92.15M (Peak 92.15M) | Time:00:00.03 | Syncing FoodCrop_4_3
Fra:1 Mem:92.16M (Peak 92.16M) | Time:00:00.03 | Syncing FoodCrop_4_4
Fra:1 Mem:92.17M (Peak 92.17M) | Time:00:00.03 | Syncing FoodCrop_4_5
Fra:1 Mem:92.18M (Peak 92.18M) | Time:00:00.03 | Syncing FoodCrop_4_6
Fra:1 Mem:92.19M (Peak 92.19M) | Time:00:00.03 | Syncing building_grain
Fra:1 Mem:92.22M (Peak 92.22M) | Time:00:00.03 | Syncing food__grain
Fra:1 Mem:92.23M (Peak 92.23M) | Time:00:00.03 | Syncing building_home_B_yellow
Fra:1 Mem:92.41M (Peak 92.41M) | Time:00:00.03 | Syncing food__house_b
Fra:1 Mem:92.41M (Peak 92.41M) | Time:00:00.03 | Syncing sack.001
Fra:1 Mem:92.43M (Peak 92.43M) | Time:00:00.03 | Syncing food__sack
Fra:1 Mem:92.43M (Peak 92.43M) | Time:00:00.03 | Syncing bucket_water
Fra:1 Mem:92.45M (Peak 92.45M) | Time:00:00.03 | Syncing food__bucket_water
Fra:1 Mem:92.46M (Peak 92.46M) | Time:00:00.03 | Syncing fence_wood_straight
Fra:1 Mem:92.49M (Peak 92.49M) | Time:00:00.03 | Syncing food__fence.001
Fra:1 Mem:92.49M (Peak 92.49M) | Time:00:00.03 | Syncing fence_wood_straight.001
Fra:1 Mem:92.53M (Peak 92.53M) | Time:00:00.03 | Syncing food__fence
Fra:1 Mem:92.53M (Peak 92.53M) | Time:00:00.03 | Syncing TimberPath
Fra:1 Mem:92.54M (Peak 92.54M) | Time:00:00.03 | Syncing building_scaffolding
Fra:1 Mem:92.88M (Peak 92.88M) | Time:00:00.04 | Syncing timber__scaffolding
Fra:1 Mem:92.89M (Peak 92.89M) | Time:00:00.04 | Syncing tree_single_A_cut
Fra:1 Mem:92.89M (Peak 92.89M) | Time:00:00.04 | Syncing timber__tree_cut
Fra:1 Mem:92.90M (Peak 92.90M) | Time:00:00.04 | Syncing resource_lumber.001
Fra:1 Mem:92.93M (Peak 92.93M) | Time:00:00.04 | Syncing timber__lumber
Fra:1 Mem:92.94M (Peak 92.94M) | Time:00:00.04 | Syncing resource_lumber.002
Fra:1 Mem:92.97M (Peak 92.97M) | Time:00:00.04 | Syncing timber__lumber.001
Fra:1 Mem:92.98M (Peak 92.98M) | Time:00:00.04 | Syncing pallet
Fra:1 Mem:92.99M (Peak 92.99M) | Time:00:00.04 | Syncing timber__pallet
Fra:1 Mem:92.99M (Peak 92.99M) | Time:00:00.04 | Syncing ladder
Fra:1 Mem:93.04M (Peak 93.04M) | Time:00:00.04 | Syncing timber__ladder
Fra:1 Mem:93.05M (Peak 93.05M) | Time:00:00.04 | Syncing ScoutPath
Fra:1 Mem:93.06M (Peak 93.06M) | Time:00:00.04 | Syncing tent.001
Fra:1 Mem:93.07M (Peak 93.07M) | Time:00:00.04 | Syncing scout__tent
Fra:1 Mem:93.08M (Peak 93.08M) | Time:00:00.04 | Syncing flag_red.001
Fra:1 Mem:93.09M (Peak 93.09M) | Time:00:00.04 | Syncing scout__flag_red
Fra:1 Mem:93.09M (Peak 93.09M) | Time:00:00.04 | Syncing flag_red.002
Fra:1 Mem:93.10M (Peak 93.10M) | Time:00:00.04 | Syncing scout__flag_red.001
Fra:1 Mem:93.11M (Peak 93.11M) | Time:00:00.04 | Syncing target
Fra:1 Mem:93.13M (Peak 93.13M) | Time:00:00.04 | Syncing scout__target
Fra:1 Mem:93.14M (Peak 93.14M) | Time:00:00.04 | Syncing crate_open
Fra:1 Mem:93.18M (Peak 93.18M) | Time:00:00.04 | Syncing scout__crate_open
Fra:1 Mem:93.18M (Peak 93.18M) | Time:00:00.04 | Syncing StorehousePath
Fra:1 Mem:93.19M (Peak 93.19M) | Time:00:00.04 | Syncing building_lumbermill_green
Fra:1 Mem:93.41M (Peak 93.41M) | Time:00:00.04 | Syncing storehouse__storehouse
Fra:1 Mem:93.42M (Peak 93.42M) | Time:00:00.04 | Syncing building_lumbermill_saw_green
Fra:1 Mem:93.47M (Peak 93.47M) | Time:00:00.04 | Syncing building_lumbermill_top_green
Fra:1 Mem:93.62M (Peak 93.62M) | Time:00:00.04 | Syncing building_home_A_red.001
Fra:1 Mem:93.75M (Peak 93.75M) | Time:00:00.04 | Syncing storehouse__house_c
Fra:1 Mem:93.76M (Peak 93.76M) | Time:00:00.04 | Syncing crate_A_big.001
Fra:1 Mem:93.78M (Peak 93.78M) | Time:00:00.04 | Syncing storehouse__crate_big
Fra:1 Mem:93.78M (Peak 93.78M) | Time:00:00.04 | Syncing crate_A_small.001
Fra:1 Mem:93.80M (Peak 93.80M) | Time:00:00.04 | Syncing storehouse__crate_small
Fra:1 Mem:93.81M (Peak 93.81M) | Time:00:00.04 | Syncing barrel.001
Fra:1 Mem:93.84M (Peak 93.84M) | Time:00:00.04 | Syncing storehouse__barrel
Fra:1 Mem:93.85M (Peak 93.85M) | Time:00:00.04 | Syncing MarketPath
Fra:1 Mem:93.86M (Peak 93.86M) | Time:00:00.04 | Syncing MarketCivicPlaza
Fra:1 Mem:93.88M (Peak 93.88M) | Time:00:00.04 | Syncing building_market_yellow
Fra:1 Mem:94.28M (Peak 94.28M) | Time:00:00.04 | Syncing market__market
Fra:1 Mem:94.28M (Peak 94.28M) | Time:00:00.04 | Syncing building_well_blue
Fra:1 Mem:94.38M (Peak 94.38M) | Time:00:00.04 | Syncing market__well
Fra:1 Mem:94.39M (Peak 94.39M) | Time:00:00.04 | Syncing building_home_B_blue
Fra:1 Mem:94.57M (Peak 94.57M) | Time:00:00.04 | Syncing market__house_d
Fra:1 Mem:94.57M (Peak 94.57M) | Time:00:00.04 | Syncing crate_open.001
Fra:1 Mem:94.61M (Peak 94.61M) | Time:00:00.04 | Syncing market__crate_open
Fra:1 Mem:94.61M (Peak 94.61M) | Time:00:00.04 | Syncing building_home_A_yellow
Fra:1 Mem:94.75M (Peak 94.75M) | Time:00:00.04 | Syncing market__house_e
Fra:1 Mem:94.75M (Peak 94.75M) | Time:00:00.04 | Syncing WatchPath
Fra:1 Mem:94.76M (Peak 94.76M) | Time:00:00.04 | Syncing building_tower_A_red
Fra:1 Mem:94.96M (Peak 94.96M) | Time:00:00.04 | Syncing watch__tower
Fra:1 Mem:94.96M (Peak 94.96M) | Time:00:00.04 | Syncing building_tower_A_top_red
Fra:1 Mem:95.05M (Peak 95.05M) | Time:00:00.04 | Syncing building_barracks_blue
Fra:1 Mem:95.56M (Peak 95.56M) | Time:00:00.05 | Syncing watch__barracks
Fra:1 Mem:95.56M (Peak 95.56M) | Time:00:00.05 | Syncing fence_wood_straight.002
Fra:1 Mem:95.59M (Peak 95.59M) | Time:00:00.05 | Syncing watch__fence
Fra:1 Mem:95.60M (Peak 95.60M) | Time:00:00.05 | Syncing fence_wood_straight.003
Fra:1 Mem:95.63M (Peak 95.63M) | Time:00:00.05 | Syncing watch__fence.001
Fra:1 Mem:95.64M (Peak 95.64M) | Time:00:00.05 | Syncing CouncilPath
Fra:1 Mem:95.65M (Peak 95.65M) | Time:00:00.05 | Syncing building_church_red
Fra:1 Mem:95.88M (Peak 95.88M) | Time:00:00.05 | Syncing council__church
Fra:1 Mem:95.88M (Peak 95.88M) | Time:00:00.05 | Syncing building_stage_C
Fra:1 Mem:96.06M (Peak 96.06M) | Time:00:00.05 | Syncing council__council_stage
Fra:1 Mem:96.06M (Peak 96.06M) | Time:00:00.05 | Syncing building_home_A_yellow.001
Fra:1 Mem:96.21M (Peak 96.21M) | Time:00:00.05 | Syncing council__house_e
Fra:1 Mem:96.22M (Peak 96.22M) | Time:00:00.05 | Syncing flag_red.003
Fra:1 Mem:96.23M (Peak 96.23M) | Time:00:00.05 | Syncing council__flag_red
Fra:1 Mem:96.23M (Peak 96.23M) | Time:00:00.05 | Syncing AurelianVillageV4Sun
Fra:1 Mem:96.23M (Peak 96.23M) | Time:00:00.05 | Syncing VillageV4PortraitCamera
Fra:1 Mem:95.02M (Peak 96.23M) | Time:00:00.06 | Rendering 1 / 64 samples
Fra:1 Mem:90.48M (Peak 96.23M) | Time:00:06.23 | Rendering 26 / 64 samples
Fra:1 Mem:90.48M (Peak 96.23M) | Time:00:11.51 | Rendering 51 / 64 samples
Fra:1 Mem:90.48M (Peak 96.23M) | Time:00:14.26 | Rendering 64 / 64 samples
Saved: '/home/runner/work/_temp/pixel-nations-village-v4-reauthor/render/portrait/stage-09-council.png'
Time: 00:14.67 (Saving: 00:00.17)


Data are loaded, start creating Blender stuff
glTF import finished in 0.01s
Data are loaded, start creating Blender stuff
glTF import finished in 0.00s
Data are loaded, start creating Blender stuff
glTF import finished in 0.01s
Data are loaded, start creating Blender stuff
glTF import finished in 0.00s
Data are loaded, start creating Blender stuff
glTF import finished in 0.00s
Data are loaded, start creating Blender stuff
glTF import finished in 0.01s
Data are loaded, start creating Blender stuff
glTF import finished in 0.01s
Data are loaded, start creating Blender stuff
glTF import finished in 0.01s
Data are loaded, start creating Blender stuff
glTF import finished in 0.00s
Data are loaded, start creating Blender stuff
glTF import finished in 0.01s
Data are loaded, start creating Blender stuff
glTF import finished in 0.01s
Data are loaded, start creating Blender stuff
glTF import finished in 0.00s
Data are loaded, start creating Blender stuff
glTF import finished in 0.00s
Data are loaded, start creating Blender stuff
glTF import finished in 0.00s
Data are loaded, start creating Blender stuff
glTF import finished in 0.00s
Data are loaded, start creating Blender stuff
glTF import finished in 0.00s
Data are loaded, start creating Blender stuff
glTF import finished in 0.01s
Data are loaded, start creating Blender stuff
glTF import finished in 0.01s
Data are loaded, start creating Blender stuff
glTF import finished in 0.01s
Data are loaded, start creating Blender stuff
glTF import finished in 0.01s
Data are loaded, start creating Blender stuff
glTF import finished in 0.01s
Data are loaded, start creating Blender stuff
glTF import finished in 0.01s
Data are loaded, start creating Blender stuff
glTF import finished in 0.01s
Data are loaded, start creating Blender stuff
glTF import finished in 0.01s
Data are loaded, start creating Blender stuff
glTF import finished in 0.01s
Data are loaded, start creating Blender stuff
glTF import finished in 0.01s
Data are loaded, start creating Blender stuff
glTF import finished in 0.01s
Data are loaded, start creating Blender stuff
glTF import finished in 0.01s
Data are loaded, start creating Blender stuff
glTF import finished in 0.01s
Data are loaded, start creating Blender stuff
glTF import finished in 0.02s
Data are loaded, start creating Blender stuff
glTF import finished in 0.01s
Data are loaded, start creating Blender stuff
glTF import finished in 0.01s
Data are loaded, start creating Blender stuff
glTF import finished in 0.01s
Data are loaded, start creating Blender stuff
glTF import finished in 0.01s
Data are loaded, start creating Blender stuff
glTF import finished in 0.01s
Data are loaded, start creating Blender stuff
glTF import finished in 0.01s
VILLAGE_V4_STAGE_RENDERED=portrait:camp:/home/runner/work/_temp/pixel-nations-village-v4-reauthor/render/portrait/stage-01-camp.png
VILLAGE_V4_STAGE_RENDERED=portrait:shelter:/home/runner/work/_temp/pixel-nations-village-v4-reauthor/render/portrait/stage-02-shelter.png
VILLAGE_V4_STAGE_RENDERED=portrait:food:/home/runner/work/_temp/pixel-nations-village-v4-reauthor/render/portrait/stage-03-food.png
VILLAGE_V4_STAGE_RENDERED=portrait:timber:/home/runner/work/_temp/pixel-nations-village-v4-reauthor/render/portrait/stage-04-timber.png
VILLAGE_V4_STAGE_RENDERED=portrait:scout:/home/runner/work/_temp/pixel-nations-village-v4-reauthor/render/portrait/stage-05-scout.png
VILLAGE_V4_STAGE_RENDERED=portrait:storehouse:/home/runner/work/_temp/pixel-nations-village-v4-reauthor/render/portrait/stage-06-storehouse.png
VILLAGE_V4_STAGE_RENDERED=portrait:market:/home/runner/work/_temp/pixel-nations-village-v4-reauthor/render/portrait/stage-07-market.png
VILLAGE_V4_STAGE_RENDERED=portrait:watch:/home/runner/work/_temp/pixel-nations-village-v4-reauthor/render/portrait/stage-08-watch.png
VILLAGE_V4_STAGE_RENDERED=portrait:council:/home/runner/work/_temp/pixel-nations-village-v4-reauthor/render/portrait/stage-09-council.png
VILLAGE_V4_REGISTERED_RENDER_COMPLETE=/home/runner/work/_temp/pixel-nations-village-v4-reauthor/render

Blender quit
